[*] Loaded 32768 vocab pieces from tokenizer/chinese_bpe.vocab
=== LAL STE Whitebox-Supervised Training ===

[*] Method: Straight-Through Estimator + CORE/BINARY/PRUNE Logic Guidance
[*]   forward:  CORE = w_float * core_gain * K     (精确计算)
[*]             BINARY = sign(w) * alpha * K       (二值符号)
[*]             PRUNE = 0                           (静默剪枝)
[*]   backward: STE through w_float (CORE+BINARY), PRUNE 无梯度
[*]   update:   Adam on w_float
[*] Logic Guidance (每步,全层):
[*]             CORE  → maximize |act(a) - act(b)|  (差异化反义词)
[*]             BINARY → minimize (act(a) - act(b))^2 (收敛共性)
[*]             PRUNE → skip (保持静默)
[*] Whitebox probe: every 10 steps observe CORE/BINARY/PRUNE circuit

[*] Loaded 6818 samples from data/large_dialogue_bpe.bin
[*] Using Phase 0: Seed (8L/448d) (~22M params, vocab=32768)
[*] Generated Phase 0: Seed (8L/448d) weights: 8 layers, 448 embd, ~22M params
[*] Logic mask: Phase 0: Moderate (15/60/25) (CORE=15% PRUNE=25%)
[*] loaded 100 tensors
[*] binarizing 8 layers (logic-guided)...
    [logic] CORE=201 (15%), BINARY=807 (60%), PRUNE=336 (25%)
[*] done
[*] freed 32 weight tensors (77 MB) after binarization
[*] Model loaded: 8 layers, 448 embd, k_cache=YES
[*] Resuming from model_dialogue.ste...
[*] Resumed g_opt_step = 1369 (Adam bias correction preserved)
[*] Resumed weights loaded successfully


=== LAL STE Training (B=4, max_pos=256, steps=8000, start_step=4000, total_sched=12000, logic_lr=0.0050, logic_only=0) ===
[*] STE: forward=sign(w), backward=w_float gradient
[*] Whitebox probe every 10 steps
[*] Semantic regularization every step
  [LOGIC] mlp=-1182.3993 attn=-10.1132 div=33.6465
  [TIME] CE=426ms logic_reg=2371ms
  step     0/8000 (global=4000)  loss=8.2247  avg=8.2247  lr=0.000754  B=6  2833ms
  [WB] boundary=63/100  core_diff=2.5936  bin_diff=0.0433  ratio=59.88  prune_act=0.0000
  [WB] structure=10/16 (62%)  opp_sim=0.365
  [WB] boundary weak | CORE>BIN OK | PRUNE silent OK
  [LOGIC] mlp=-1358.9840 attn=-12.7083 div=33.3585
  [TIME] CE=65ms logic_reg=2432ms
  step    10/8000 (global=4010)  loss=6.3282  avg=8.6705  lr=0.000753  B=2  2009ms
  [WB] boundary=102/100  core_diff=3.5386  bin_diff=0.0645  ratio=54.84  prune_act=0.0000
  [WB] structure=10/16 (62%)  opp_sim=-0.021
  [WB] BOUNDARY OK | CORE>BIN OK | PRUNE silent OK
  [LOGIC] mlp=-1401.8333 attn=-13.5077 div=33.2619
  [TIME] CE=136ms logic_reg=2321ms
  step    20/8000 (global=4020)  loss=8.6574  avg=8.4033  lr=0.000752  B=5  1979ms
  [WB] boundary=102/100  core_diff=3.6173  bin_diff=0.0665  ratio=54.36  prune_act=0.0000
  [WB] structure=10/16 (62%)  opp_sim=-0.020
  [WB] BOUNDARY OK | CORE>BIN OK | PRUNE silent OK
    [plan-I] step 1399 W_v approx_rank=17.4 (frob=10.60 max_row=0.61)
    [ortho] step 1399 L0 W_o off_diag=0.39 diag_dev=0.0573
    [plan-I] step 1399 W_v approx_rank=17.4 (frob=10.56 max_row=0.61)
    [ortho] step 1399 L1 W_o off_diag=0.39 diag_dev=0.0605
    [plan-I] step 1399 W_v approx_rank=17.4 (frob=10.67 max_row=0.61)
    [ortho] step 1399 L2 W_o off_diag=0.45 diag_dev=0.0598
    [plan-I] step 1399 W_v approx_rank=17.3 (frob=10.55 max_row=0.61)
    [ortho] step 1399 L3 W_o off_diag=0.70 diag_dev=0.0572
    [plan-I] step 1399 W_v approx_rank=17.1 (frob=10.43 max_row=0.61)
    [ortho] step 1399 L4 W_o off_diag=0.93 diag_dev=0.0559
    [plan-I] step 1399 W_v approx_rank=17.4 (frob=10.70 max_row=0.62)
    [ortho] step 1399 L5 W_o off_diag=0.71 diag_dev=0.0630
    [plan-I] step 1399 W_v approx_rank=17.1 (frob=10.49 max_row=0.61)
    [ortho] step 1399 L6 W_o off_diag=0.30 diag_dev=0.0665
    [plan-I] step 1399 W_v approx_rank=17.1 (frob=10.60 max_row=0.62)
    [ortho] step 1399 L7 W_o off_diag=0.35 diag_dev=0.0651
  [LOGIC] mlp=-1417.2850 attn=-13.3028 div=33.2766
  [TIME] CE=151ms logic_reg=2339ms
  step    30/8000 (global=4030)  loss=9.2510  avg=8.5086  lr=0.000750  B=5  1965ms
  [WB] boundary=102/100  core_diff=3.6444  bin_diff=0.0780  ratio=46.70  prune_act=0.0000
  [WB] structure=10/16 (62%)  opp_sim=-0.019
  [WB] BOUNDARY OK | CORE>BIN OK | PRUNE silent OK
  [LOGIC] mlp=-1343.3483 attn=-12.6748 div=32.8201
  [TIME] CE=133ms logic_reg=2318ms
  step    40/8000 (global=4040)  loss=10.0972  avg=8.5490  lr=0.000749  B=5  1952ms
  [WB] boundary=102/100  core_diff=3.6032  bin_diff=0.0844  ratio=42.71  prune_act=0.0000
  [WB] structure=10/16 (62%)  opp_sim=-0.018
  [WB] BOUNDARY OK | CORE>BIN OK | PRUNE silent OK
  [LOGIC] mlp=-987.9259 attn=-11.5552 div=32.9804
  [TIME] CE=161ms logic_reg=2327ms
  step    50/8000 (global=4050)  loss=10.4877  avg=8.7191  lr=0.000748  B=6  1952ms
  [WB] boundary=102/100  core_diff=3.4412  bin_diff=0.0824  ratio=41.74  prune_act=0.0000
  [WB] structure=10/16 (62%)  opp_sim=-0.017
  [WB] BOUNDARY OK | CORE>BIN OK | PRUNE silent OK
[*] stateful inference started: window=9996, sinks=4, ctx=10240
[*] sliding window configured: W=9996, sinks=4 (effective context: 10000)
  [TRACE] "水": L0[||x||=2.50 C268(+400.52--12.49) B1076(+1195.42--54.24) P448(max0.000)] L4[||x||=5.05 C268(+73.45--5.19) B1076(+388.10--52.07) P448(max0.000)] L7[||x||=5.69 C268(+467.25--9.31) B1076(+552.77--70.44) P448(max0.000)] | H=13.11/15 top3=31950 234 235 
  [LOGIC] mlp=-853.4019 attn=-10.5667 div=33.1435
  [TIME] CE=158ms logic_reg=2415ms
  step    60/8000 (global=4060)  loss=8.8601  avg=8.7480  lr=0.000747  B=6  1952ms
  [WB] boundary=102/100  core_diff=3.2799  bin_diff=0.0756  ratio=43.38  prune_act=0.0000
  [WB] structure=10/16 (62%)  opp_sim=-0.016
  [WB] BOUNDARY OK | CORE>BIN OK | PRUNE silent OK
  [LOGIC] mlp=-785.8433 attn=-9.4324 div=33.2890
  [TIME] CE=158ms logic_reg=2319ms
  step    70/8000 (global=4070)  loss=9.2809  avg=8.7766  lr=0.000746  B=6  1948ms
  [WB] boundary=102/100  core_diff=3.1226  bin_diff=0.0703  ratio=44.43  prune_act=0.0000
  [WB] structure=10/16 (62%)  opp_sim=-0.016
  [WB] BOUNDARY OK | CORE>BIN OK | PRUNE silent OK
    [plan-I] step 1449 W_v approx_rank=17.4 (frob=10.60 max_row=0.61)
    [ortho] step 1449 L0 W_o off_diag=0.31 diag_dev=0.0640
    [plan-I] step 1449 W_v approx_rank=17.4 (frob=10.56 max_row=0.61)
    [ortho] step 1449 L1 W_o off_diag=0.27 diag_dev=0.0688
    [plan-I] step 1449 W_v approx_rank=17.4 (frob=10.67 max_row=0.61)
    [ortho] step 1449 L2 W_o off_diag=0.24 diag_dev=0.0684
    [plan-I] step 1449 W_v approx_rank=17.3 (frob=10.55 max_row=0.61)
    [ortho] step 1449 L3 W_o off_diag=0.22 diag_dev=0.0695
    [plan-I] step 1449 W_v approx_rank=17.1 (frob=10.43 max_row=0.61)
    [ortho] step 1449 L4 W_o off_diag=0.21 diag_dev=0.0713
    [plan-I] step 1449 W_v approx_rank=17.4 (frob=10.70 max_row=0.62)
    [ortho] step 1449 L5 W_o off_diag=0.22 diag_dev=0.0723
    [plan-I] step 1449 W_v approx_rank=17.1 (frob=10.49 max_row=0.61)
    [ortho] step 1449 L6 W_o off_diag=0.29 diag_dev=0.0671
    [plan-I] step 1449 W_v approx_rank=17.1 (frob=10.60 max_row=0.62)
    [ortho] step 1449 L7 W_o off_diag=0.36 diag_dev=0.0639
  [LOGIC] mlp=-759.3399 attn=-8.6768 div=33.3786
  [TIME] CE=161ms logic_reg=2328ms
  step    80/8000 (global=4080)  loss=10.1017  avg=8.8506  lr=0.000745  B=6  1947ms
  [WB] boundary=101/100  core_diff=3.0122  bin_diff=0.0666  ratio=45.22  prune_act=0.0000
  [WB] structure=10/16 (62%)  opp_sim=-0.015
  [WB] BOUNDARY OK | CORE>BIN OK | PRUNE silent OK
  [LOGIC] mlp=-713.1129 attn=-7.7580 div=33.4743
  [TIME] CE=134ms logic_reg=2388ms
  step    90/8000 (global=4090)  loss=9.0817  avg=9.0316  lr=0.000744  B=5  1946ms
  [WB] boundary=101/100  core_diff=2.8698  bin_diff=0.0624  ratio=45.96  prune_act=0.0000
  [WB] structure=10/16 (62%)  opp_sim=-0.014
  [WB] BOUNDARY OK | CORE>BIN OK | PRUNE silent OK
  [LOGIC] mlp=-668.5962 attn=-7.0278 div=33.5363
  [TIME] CE=135ms logic_reg=2399ms
  step   100/8000 (global=4100)  loss=10.8230  avg=9.0795  lr=0.000742  B=5  1945ms
  [WB] boundary=101/100  core_diff=2.7865  bin_diff=0.0600  ratio=46.48  prune_act=0.0000
  [WB] structure=10/16 (62%)  opp_sim=-0.013
  [WB] BOUNDARY OK | CORE>BIN OK | PRUNE silent OK
[*] stateful inference started: window=9996, sinks=4, ctx=10240
[*] sliding window configured: W=9996, sinks=4 (effective context: 10000)
  [TRACE] "大": L0[||x||=3.06 C268(+212.73--17.96) B1076(+2182.81--63.53) P448(max0.000)] L4[||x||=6.00 C268(+141.11--5.04) B1076(+660.15--41.93) P448(max0.000)] L7[||x||=5.96 C268(+1472.78--7.03) B1076(+2544.90--36.70) P448(max0.000)] | H=14.28/15 top3=31950 232 31861 
  [LOGIC] mlp=-710.8275 attn=-7.0808 div=33.5384
  [TIME] CE=182ms logic_reg=2323ms
  step   110/8000 (global=4110)  loss=8.5978  avg=8.8727  lr=0.000741  B=7  1946ms
  [WB] boundary=101/100  core_diff=2.8201  bin_diff=0.0604  ratio=46.66  prune_act=0.0000
  [WB] structure=10/16 (62%)  opp_sim=-0.012
  [WB] BOUNDARY OK | CORE>BIN OK | PRUNE silent OK
  [LOGIC] mlp=-722.5778 attn=-6.7222 div=33.5822
  [TIME] CE=158ms logic_reg=2532ms
  step   120/8000 (global=4120)  loss=8.6205  avg=8.8590  lr=0.000740  B=6  1944ms
  [WB] boundary=101/100  core_diff=2.7624  bin_diff=0.0586  ratio=47.16  prune_act=0.0000
  [WB] structure=10/16 (62%)  opp_sim=-0.011
  [WB] BOUNDARY OK | CORE>BIN OK | PRUNE silent OK
    [plan-I] step 1499 W_v approx_rank=17.4 (frob=10.60 max_row=0.61)
    [ortho] step 1499 L0 W_o off_diag=0.47 diag_dev=0.0591
    [plan-I] step 1499 W_v approx_rank=17.4 (frob=10.56 max_row=0.61)
    [ortho] step 1499 L1 W_o off_diag=0.37 diag_dev=0.0626
    [plan-I] step 1499 W_v approx_rank=17.4 (frob=10.67 max_row=0.61)
    [ortho] step 1499 L2 W_o off_diag=0.31 diag_dev=0.0643
    [plan-I] step 1499 W_v approx_rank=17.3 (frob=10.55 max_row=0.61)
    [ortho] step 1499 L3 W_o off_diag=0.25 diag_dev=0.0674
    [plan-I] step 1499 W_v approx_rank=17.1 (frob=10.43 max_row=0.61)
    [ortho] step 1499 L4 W_o off_diag=0.22 diag_dev=0.0703
    [plan-I] step 1499 W_v approx_rank=17.4 (frob=10.70 max_row=0.62)
    [ortho] step 1499 L5 W_o off_diag=0.22 diag_dev=0.0705
    [plan-I] step 1499 W_v approx_rank=17.1 (frob=10.49 max_row=0.61)
    [ortho] step 1499 L6 W_o off_diag=0.27 diag_dev=0.0664
    [plan-I] step 1499 W_v approx_rank=17.1 (frob=10.60 max_row=0.62)
    [ortho] step 1499 L7 W_o off_diag=0.27 diag_dev=0.0675
  [LOGIC] mlp=-717.3215 attn=-6.3423 div=33.6178
  [TIME] CE=108ms logic_reg=2321ms
  step   130/8000 (global=4130)  loss=8.7830  avg=8.6582  lr=0.000739  B=4  1942ms
  [WB] boundary=101/100  core_diff=2.7072  bin_diff=0.0564  ratio=48.02  prune_act=0.0000
  [WB] structure=10/16 (62%)  opp_sim=-0.011
  [WB] BOUNDARY OK | CORE>BIN OK | PRUNE silent OK
  [LOGIC] mlp=-691.0606 attn=-5.8177 div=33.6571
  [TIME] CE=159ms logic_reg=2322ms
  step   140/8000 (global=4140)  loss=8.7805  avg=8.6491  lr=0.000738  B=6  1942ms
  [WB] boundary=101/100  core_diff=2.6450  bin_diff=0.0549  ratio=48.18  prune_act=0.0000
  [WB] structure=10/16 (62%)  opp_sim=-0.010
  [WB] BOUNDARY OK | CORE>BIN OK | PRUNE silent OK
  [LOGIC] mlp=-707.7524 attn=-5.6941 div=33.6694
  [TIME] CE=187ms logic_reg=2330ms
  step   150/8000 (global=4150)  loss=8.7296  avg=8.5622  lr=0.000737  B=7  1941ms
  [WB] boundary=101/100  core_diff=2.6420  bin_diff=0.0552  ratio=47.90  prune_act=0.0000
  [WB] structure=10/16 (62%)  opp_sim=-0.009
  [WB] BOUNDARY OK | CORE>BIN OK | PRUNE silent OK
[*] stateful inference started: window=9996, sinks=4, ctx=10240
[*] sliding window configured: W=9996, sinks=4 (effective context: 10000)
  [TRACE] "小": L0[||x||=3.53 C268(+102.07--16.41) B1076(+2728.65--61.32) P448(max0.000)] L4[||x||=6.00 C268(+149.48--4.76) B1076(+661.64--43.76) P448(max0.000)] L7[||x||=6.00 C268(+1546.16--7.90) B1076(+3537.85--33.67) P448(max0.000)] | H=13.54/15 top3=232 31950 234 
  [LOGIC] mlp=-714.7029 attn=-5.5598 div=33.6850
  [TIME] CE=161ms logic_reg=2415ms
  step   160/8000 (global=4160)  loss=11.2531  avg=8.5164  lr=0.000735  B=6  1941ms
  [WB] boundary=101/100  core_diff=2.6263  bin_diff=0.0542  ratio=48.42  prune_act=0.0000
  [WB] structure=10/16 (62%)  opp_sim=-0.008
  [WB] BOUNDARY OK | CORE>BIN OK | PRUNE silent OK
  [LOGIC] mlp=-708.3068 attn=-5.3497 div=33.7024
  [TIME] CE=161ms logic_reg=2406ms
  step   170/8000 (global=4170)  loss=6.0498  avg=8.4728  lr=0.000734  B=6  1940ms
  [WB] boundary=101/100  core_diff=2.5985  bin_diff=0.0536  ratio=48.47  prune_act=0.0000
  [WB] structure=10/16 (62%)  opp_sim=-0.007
  [WB] BOUNDARY OK | CORE>BIN OK | PRUNE silent OK
    [plan-I] step 1549 W_v approx_rank=17.4 (frob=10.60 max_row=0.61)
    [ortho] step 1549 L0 W_o off_diag=0.26 diag_dev=0.0656
    [plan-I] step 1549 W_v approx_rank=17.4 (frob=10.56 max_row=0.61)
    [ortho] step 1549 L1 W_o off_diag=0.25 diag_dev=0.0684
    [plan-I] step 1549 W_v approx_rank=17.4 (frob=10.67 max_row=0.61)
    [ortho] step 1549 L2 W_o off_diag=0.26 diag_dev=0.0691
    [plan-I] step 1549 W_v approx_rank=17.3 (frob=10.55 max_row=0.61)
    [ortho] step 1549 L3 W_o off_diag=0.22 diag_dev=0.0712
    [plan-I] step 1549 W_v approx_rank=17.1 (frob=10.43 max_row=0.61)
    [ortho] step 1549 L4 W_o off_diag=0.21 diag_dev=0.0716
    [plan-I] step 1549 W_v approx_rank=17.4 (frob=10.70 max_row=0.62)
    [ortho] step 1549 L5 W_o off_diag=0.22 diag_dev=0.0707
    [plan-I] step 1549 W_v approx_rank=17.1 (frob=10.49 max_row=0.61)
    [ortho] step 1549 L6 W_o off_diag=0.25 diag_dev=0.0676
    [plan-I] step 1549 W_v approx_rank=17.1 (frob=10.60 max_row=0.62)
    [ortho] step 1549 L7 W_o off_diag=0.26 diag_dev=0.0670
  [LOGIC] mlp=-720.6935 attn=-5.2021 div=33.7144
  [TIME] CE=185ms logic_reg=2323ms
  step   180/8000 (global=4180)  loss=8.7239  avg=8.4344  lr=0.000733  B=7  1939ms
  [WB] boundary=101/100  core_diff=2.5845  bin_diff=0.0546  ratio=47.34  prune_act=0.0000
  [WB] structure=10/16 (62%)  opp_sim=-0.006
  [WB] BOUNDARY OK | CORE>BIN OK | PRUNE silent OK
  [LOGIC] mlp=-738.8646 attn=-5.1423 div=33.7221
  [TIME] CE=133ms logic_reg=2333ms
  step   190/8000 (global=4190)  loss=7.1575  avg=8.5971  lr=0.000732  B=5  1939ms
  [WB] boundary=101/100  core_diff=2.5884  bin_diff=0.0555  ratio=46.67  prune_act=0.0000
  [WB] structure=10/16 (62%)  opp_sim=-0.006
  [WB] BOUNDARY OK | CORE>BIN OK | PRUNE silent OK
  [LOGIC] mlp=-722.9551 attn=-4.8879 div=33.7410
  [TIME] CE=108ms logic_reg=2523ms
  step   200/8000 (global=4200)  loss=8.6181  avg=8.5964  lr=0.000731  B=4  1939ms
  [WB] boundary=100/100  core_diff=2.5624  bin_diff=0.0553  ratio=46.33  prune_act=0.0000
  [WB] structure=10/16 (62%)  opp_sim=-0.005
  [WB] BOUNDARY OK | CORE>BIN OK | PRUNE silent OK
[*] stateful inference started: window=9996, sinks=4, ctx=10240
[*] sliding window configured: W=9996, sinks=4 (effective context: 10000)
  [TRACE] "热": L0[||x||=3.82 C268(+150.29--15.93) B1076(+3351.22--56.08) P448(max0.000)] L4[||x||=6.00 C268(+162.82--5.85) B1076(+686.29--45.38) P448(max0.000)] L7[||x||=6.00 C268(+1566.93--7.67) B1076(+4290.67--31.77) P448(max0.000)] | H=14.16/15 top3=190 232 31861 
  [LOGIC] mlp=-725.9420 attn=-4.7101 div=33.7548
  [TIME] CE=214ms logic_reg=2329ms
  step   210/8000 (global=4210)  loss=9.2353  avg=8.5722  lr=0.000730  B=8  1938ms
  [WB] boundary=100/100  core_diff=2.5516  bin_diff=0.0550  ratio=46.40  prune_act=0.0000
  [WB] structure=10/16 (62%)  opp_sim=-0.004
  [WB] BOUNDARY OK | CORE>BIN OK | PRUNE silent OK
  [LOGIC] mlp=-731.0623 attn=-4.5944 div=33.7619
  [TIME] CE=164ms logic_reg=2326ms
  step   220/8000 (global=4220)  loss=8.3910  avg=8.6433  lr=0.000728  B=6  1939ms
  [WB] boundary=100/100  core_diff=2.5529  bin_diff=0.0556  ratio=45.93  prune_act=0.0000
  [WB] structure=10/16 (62%)  opp_sim=-0.003
  [WB] BOUNDARY OK | CORE>BIN OK | PRUNE silent OK
    [plan-I] step 1599 W_v approx_rank=17.4 (frob=10.60 max_row=0.61)
    [ortho] step 1599 L0 W_o off_diag=0.29 diag_dev=0.0647
    [plan-I] step 1599 W_v approx_rank=17.4 (frob=10.56 max_row=0.61)
    [ortho] step 1599 L1 W_o off_diag=0.24 diag_dev=0.0677
    [plan-I] step 1599 W_v approx_rank=17.4 (frob=10.67 max_row=0.61)
    [ortho] step 1599 L2 W_o off_diag=0.23 diag_dev=0.0689
    [plan-I] step 1599 W_v approx_rank=17.3 (frob=10.55 max_row=0.61)
    [ortho] step 1599 L3 W_o off_diag=0.22 diag_dev=0.0705
    [plan-I] step 1599 W_v approx_rank=17.1 (frob=10.43 max_row=0.61)
    [ortho] step 1599 L4 W_o off_diag=0.21 diag_dev=0.0716
    [plan-I] step 1599 W_v approx_rank=17.4 (frob=10.70 max_row=0.62)
    [ortho] step 1599 L5 W_o off_diag=0.21 diag_dev=0.0715
    [plan-I] step 1599 W_v approx_rank=17.1 (frob=10.49 max_row=0.61)
    [ortho] step 1599 L6 W_o off_diag=0.23 diag_dev=0.0695
    [plan-I] step 1599 W_v approx_rank=17.1 (frob=10.60 max_row=0.62)
    [ortho] step 1599 L7 W_o off_diag=0.24 diag_dev=0.0691
  [LOGIC] mlp=-732.1909 attn=-4.5033 div=33.7693
  [TIME] CE=158ms logic_reg=2528ms
  step   230/8000 (global=4230)  loss=9.8322  avg=8.5277  lr=0.000727  B=6  1939ms
  [WB] boundary=100/100  core_diff=2.5449  bin_diff=0.0556  ratio=45.75  prune_act=0.0000
  [WB] structure=10/16 (62%)  opp_sim=-0.002
  [WB] BOUNDARY OK | CORE>BIN OK | PRUNE silent OK
  [LOGIC] mlp=-736.5182 attn=-4.4659 div=33.7734
  [TIME] CE=195ms logic_reg=2335ms
  step   240/8000 (global=4240)  loss=6.6597  avg=8.5256  lr=0.000726  B=7  1939ms
  [WB] boundary=100/100  core_diff=2.5503  bin_diff=0.0558  ratio=45.74  prune_act=0.0000
  [WB] structure=10/16 (62%)  opp_sim=-0.002
  [WB] BOUNDARY OK | CORE>BIN OK | PRUNE silent OK
  [LOGIC] mlp=-754.5272 attn=-4.4663 div=33.7765
  [TIME] CE=166ms logic_reg=2348ms
  step   250/8000 (global=4250)  loss=7.9575  avg=8.6112  lr=0.000725  B=6  1940ms
  [WB] boundary=100/100  core_diff=2.5398  bin_diff=0.0546  ratio=46.50  prune_act=0.0000
  [WB] structure=10/16 (62%)  opp_sim=-0.001
  [WB] BOUNDARY OK | CORE>BIN OK | PRUNE silent OK
[*] stateful inference started: window=9996, sinks=4, ctx=10240
[*] sliding window configured: W=9996, sinks=4 (effective context: 10000)
  [TRACE] "冷": L0[||x||=4.13 C268(+119.14--15.57) B1076(+3992.51--46.05) P448(max0.000)] L4[||x||=6.00 C268(+155.42--7.62) B1076(+666.75--46.24) P448(max0.000)] L7[||x||=6.00 C268(+1523.03--7.27) B1076(+4956.99--31.08) P448(max0.000)] | H=13.91/15 top3=232 234 31861 
  [LOGIC] mlp=-763.8936 attn=-4.4152 div=33.7855
  [TIME] CE=160ms logic_reg=2484ms
  step   260/8000 (global=4260)  loss=6.7402  avg=8.3742  lr=0.000724  B=6  1941ms
  [WB] boundary=100/100  core_diff=2.5184  bin_diff=0.0536  ratio=46.97  prune_act=0.0000
  [WB] structure=10/16 (62%)  opp_sim=-0.000
  [WB] BOUNDARY OK | CORE>BIN OK | PRUNE silent OK
  [LOGIC] mlp=-757.7794 attn=-4.2546 div=33.7980
  [TIME] CE=138ms logic_reg=2359ms
  step   270/8000 (global=4270)  loss=10.3971  avg=8.3213  lr=0.000723  B=5  1940ms
  [WB] boundary=100/100  core_diff=2.4933  bin_diff=0.0529  ratio=47.11  prune_act=0.0000
  [WB] structure=10/16 (62%)  opp_sim=0.001
  [WB] BOUNDARY OK | CORE>BIN OK | PRUNE silent OK
    [plan-I] step 1649 W_v approx_rank=17.4 (frob=10.60 max_row=0.61)
    [ortho] step 1649 L0 W_o off_diag=0.29 diag_dev=0.0641
    [plan-I] step 1649 W_v approx_rank=17.4 (frob=10.56 max_row=0.61)
    [ortho] step 1649 L1 W_o off_diag=0.24 diag_dev=0.0680
    [plan-I] step 1649 W_v approx_rank=17.4 (frob=10.67 max_row=0.61)
    [ortho] step 1649 L2 W_o off_diag=0.23 diag_dev=0.0686
    [plan-I] step 1649 W_v approx_rank=17.3 (frob=10.55 max_row=0.61)
    [ortho] step 1649 L3 W_o off_diag=0.22 diag_dev=0.0696
    [plan-I] step 1649 W_v approx_rank=17.1 (frob=10.43 max_row=0.61)
    [ortho] step 1649 L4 W_o off_diag=0.22 diag_dev=0.0708
    [plan-I] step 1649 W_v approx_rank=17.4 (frob=10.70 max_row=0.62)
    [ortho] step 1649 L5 W_o off_diag=0.22 diag_dev=0.0703
    [plan-I] step 1649 W_v approx_rank=17.1 (frob=10.49 max_row=0.61)
    [ortho] step 1649 L6 W_o off_diag=0.23 diag_dev=0.0684
    [plan-I] step 1649 W_v approx_rank=17.1 (frob=10.60 max_row=0.62)
    [ortho] step 1649 L7 W_o off_diag=0.25 diag_dev=0.0674
  [LOGIC] mlp=-769.4908 attn=-4.2439 div=33.8018
  [TIME] CE=164ms logic_reg=2574ms
  step   280/8000 (global=4280)  loss=6.7707  avg=8.0868  lr=0.000721  B=6  1940ms
  [WB] boundary=100/100  core_diff=2.5049  bin_diff=0.0534  ratio=46.89  prune_act=0.0000
  [WB] structure=10/16 (62%)  opp_sim=0.002
  [WB] BOUNDARY OK | CORE>BIN OK | PRUNE silent OK
  [LOGIC] mlp=-781.3235 attn=-4.2614 div=33.8050
  [TIME] CE=185ms logic_reg=2535ms
  step   290/8000 (global=4290)  loss=8.6734  avg=7.9449  lr=0.000720  B=7  1940ms
  [WB] boundary=100/100  core_diff=2.5130  bin_diff=0.0533  ratio=47.14  prune_act=0.0000
  [WB] structure=10/16 (62%)  opp_sim=0.002
  [WB] BOUNDARY OK | CORE>BIN OK | PRUNE silent OK
  [LOGIC] mlp=-778.8277 attn=-4.2287 div=33.8096
  [TIME] CE=161ms logic_reg=2343ms
  step   300/8000 (global=4300)  loss=8.6837  avg=7.9677  lr=0.000719  B=6  1940ms
  [WB] boundary=100/100  core_diff=2.5053  bin_diff=0.0517  ratio=48.48  prune_act=0.0000
  [WB] structure=10/16 (62%)  opp_sim=0.003
  [WB] BOUNDARY OK | CORE>BIN OK | PRUNE silent OK
[*] stateful inference started: window=9996, sinks=4, ctx=10240
[*] sliding window configured: W=9996, sinks=4 (effective context: 10000)
  [TRACE] "火": L0[||x||=4.32 C268(+148.31--15.06) B1076(+4477.90--38.12) P448(max0.000)] L4[||x||=6.00 C268(+155.05--8.03) B1076(+703.14--46.30) P448(max0.000)] L7[||x||=6.00 C268(+1527.02--6.32) B1076(+5607.67--30.31) P448(max0.000)] | H=14.18/15 top3=190 232 234 
  [LOGIC] mlp=-788.4561 attn=-4.2618 div=33.8097
  [TIME] CE=111ms logic_reg=2331ms
  step   310/8000 (global=4310)  loss=10.0010  avg=8.0108  lr=0.000718  B=4  1941ms
  [WB] boundary=100/100  core_diff=2.5161  bin_diff=0.0519  ratio=48.51  prune_act=0.0000
  [WB] structure=10/16 (62%)  opp_sim=0.004
  [WB] BOUNDARY OK | CORE>BIN OK | PRUNE silent OK
  [LOGIC] mlp=-812.0869 attn=-4.3545 div=33.8106
  [TIME] CE=159ms logic_reg=2509ms
  step   320/8000 (global=4320)  loss=8.4719  avg=8.0306  lr=0.000717  B=6  1940ms
  [WB] boundary=100/100  core_diff=2.5243  bin_diff=0.0524  ratio=48.16  prune_act=0.0000
  [WB] structure=10/16 (62%)  opp_sim=0.005
  [WB] BOUNDARY OK | CORE>BIN OK | PRUNE silent OK
    [plan-I] step 1699 W_v approx_rank=17.4 (frob=10.60 max_row=0.61)
    [ortho] step 1699 L0 W_o off_diag=0.36 diag_dev=0.0635
    [plan-I] step 1699 W_v approx_rank=17.4 (frob=10.56 max_row=0.61)
    [ortho] step 1699 L1 W_o off_diag=0.27 diag_dev=0.0663
    [plan-I] step 1699 W_v approx_rank=17.4 (frob=10.67 max_row=0.61)
    [ortho] step 1699 L2 W_o off_diag=0.25 diag_dev=0.0668
    [plan-I] step 1699 W_v approx_rank=17.3 (frob=10.55 max_row=0.61)
    [ortho] step 1699 L3 W_o off_diag=0.31 diag_dev=0.0650
    [plan-I] step 1699 W_v approx_rank=17.1 (frob=10.43 max_row=0.61)
    [ortho] step 1699 L4 W_o off_diag=0.24 diag_dev=0.0713
    [plan-I] step 1699 W_v approx_rank=17.4 (frob=10.70 max_row=0.62)
    [ortho] step 1699 L5 W_o off_diag=0.22 diag_dev=0.0697
    [plan-I] step 1699 W_v approx_rank=17.1 (frob=10.49 max_row=0.61)
    [ortho] step 1699 L6 W_o off_diag=0.24 diag_dev=0.0676
    [plan-I] step 1699 W_v approx_rank=17.1 (frob=10.60 max_row=0.62)
    [ortho] step 1699 L7 W_o off_diag=0.24 diag_dev=0.0687
  [LOGIC] mlp=-817.5538 attn=-4.3102 div=33.8161
  [TIME] CE=146ms logic_reg=2339ms
  step   330/8000 (global=4330)  loss=9.9246  avg=8.1549  lr=0.000716  B=5  1940ms
  [WB] boundary=99/100  core_diff=2.5080  bin_diff=0.0524  ratio=47.84  prune_act=0.0000
  [WB] structure=10/16 (62%)  opp_sim=0.005
  [WB] BOUNDARY OK | CORE>BIN OK | PRUNE silent OK
  [LOGIC] mlp=-826.3117 attn=-4.2928 div=33.8190
  [TIME] CE=384ms logic_reg=2383ms
  step   340/8000 (global=4340)  loss=5.1982  avg=8.0904  lr=0.000714  B=7  1941ms
  [WB] boundary=99/100  core_diff=2.5026  bin_diff=0.0530  ratio=47.23  prune_act=0.0000
  [WB] structure=10/16 (62%)  opp_sim=0.006
  [WB] BOUNDARY OK | CORE>BIN OK | PRUNE silent OK
  [LOGIC] mlp=-829.2162 attn=-4.2816 div=33.8232
  [TIME] CE=183ms logic_reg=2318ms
  step   350/8000 (global=4350)  loss=7.2391  avg=8.1580  lr=0.000713  B=7  1941ms
  [WB] boundary=99/100  core_diff=2.4955  bin_diff=0.0524  ratio=47.60  prune_act=0.0000
  [WB] structure=10/16 (62%)  opp_sim=0.007
  [WB] BOUNDARY OK | CORE>BIN OK | PRUNE silent OK
[*] stateful inference started: window=9996, sinks=4, ctx=10240
[*] sliding window configured: W=9996, sinks=4 (effective context: 10000)
  [TRACE] "水": L0[||x||=4.66 C268(+164.40--15.96) B1076(+4690.71--32.93) P448(max0.000)] L4[||x||=6.00 C268(+151.10--8.39) B1076(+677.64--47.37) P448(max0.000)] L7[||x||=6.00 C268(+1545.68--6.62) B1076(+6398.44--30.01) P448(max0.000)] | H=13.96/15 top3=232 31861 234 
  [LOGIC] mlp=-821.2685 attn=-4.2133 div=33.8301
  [TIME] CE=109ms logic_reg=2326ms
  step   360/8000 (global=4360)  loss=8.6166  avg=8.2265  lr=0.000712  B=4  1942ms
  [WB] boundary=99/100  core_diff=2.4805  bin_diff=0.0521  ratio=47.57  prune_act=0.0000
  [WB] structure=10/16 (62%)  opp_sim=0.008
  [WB] BOUNDARY OK | CORE>BIN OK | PRUNE silent OK
  [LOGIC] mlp=-842.0867 attn=-4.2651 div=33.8294
  [TIME] CE=159ms logic_reg=2406ms
  step   370/8000 (global=4370)  loss=6.4240  avg=8.1758  lr=0.000711  B=6  1943ms
  [WB] boundary=99/100  core_diff=2.4990  bin_diff=0.0540  ratio=46.32  prune_act=0.0000
  [WB] structure=10/16 (62%)  opp_sim=0.008
  [WB] BOUNDARY OK | CORE>BIN OK | PRUNE silent OK
    [plan-I] step 1749 W_v approx_rank=17.4 (frob=10.60 max_row=0.61)
    [ortho] step 1749 L0 W_o off_diag=0.32 diag_dev=0.0624
    [plan-I] step 1749 W_v approx_rank=17.4 (frob=10.56 max_row=0.61)
    [ortho] step 1749 L1 W_o off_diag=0.25 diag_dev=0.0670
    [plan-I] step 1749 W_v approx_rank=17.4 (frob=10.67 max_row=0.61)
    [ortho] step 1749 L2 W_o off_diag=0.23 diag_dev=0.0680
    [plan-I] step 1749 W_v approx_rank=17.3 (frob=10.55 max_row=0.61)
    [ortho] step 1749 L3 W_o off_diag=0.22 diag_dev=0.0688
    [plan-I] step 1749 W_v approx_rank=17.1 (frob=10.43 max_row=0.61)
    [ortho] step 1749 L4 W_o off_diag=0.22 diag_dev=0.0694
    [plan-I] step 1749 W_v approx_rank=17.4 (frob=10.70 max_row=0.62)
    [ortho] step 1749 L5 W_o off_diag=0.22 diag_dev=0.0702
    [plan-I] step 1749 W_v approx_rank=17.1 (frob=10.49 max_row=0.61)
    [ortho] step 1749 L6 W_o off_diag=0.23 diag_dev=0.0680
    [plan-I] step 1749 W_v approx_rank=17.1 (frob=10.60 max_row=0.62)
    [ortho] step 1749 L7 W_o off_diag=0.22 diag_dev=0.0691
  [LOGIC] mlp=-850.4147 attn=-4.2625 div=33.8324
  [TIME] CE=85ms logic_reg=2482ms
  step   380/8000 (global=4380)  loss=7.9455  avg=8.1371  lr=0.000710  B=3  1942ms
  [WB] boundary=99/100  core_diff=2.5089  bin_diff=0.0567  ratio=44.28  prune_act=0.0000
  [WB] structure=10/16 (62%)  opp_sim=0.009
  [WB] BOUNDARY OK | CORE>BIN OK | PRUNE silent OK
  [LOGIC] mlp=-856.1683 attn=-4.2880 div=33.8342
  [TIME] CE=161ms logic_reg=2331ms
  step   390/8000 (global=4390)  loss=9.4735  avg=8.2005  lr=0.000708  B=6  1943ms
  [WB] boundary=99/100  core_diff=2.5292  bin_diff=0.0590  ratio=42.88  prune_act=0.0000
  [WB] structure=10/16 (62%)  opp_sim=0.010
  [WB] BOUNDARY OK | CORE>BIN OK | PRUNE silent OK
  [LOGIC] mlp=-867.8900 attn=-4.3214 div=33.8341
  [TIME] CE=185ms logic_reg=2427ms
  step   400/8000 (global=4400)  loss=6.6062  avg=8.1801  lr=0.000707  B=7  1943ms
  [WB] boundary=99/100  core_diff=2.5522  bin_diff=0.0611  ratio=41.76  prune_act=0.0000
  [WB] structure=10/16 (62%)  opp_sim=0.011
  [WB] BOUNDARY OK | CORE>BIN OK | PRUNE silent OK
[*] stateful inference started: window=9996, sinks=4, ctx=10240
[*] sliding window configured: W=9996, sinks=4 (effective context: 10000)
  [TRACE] "大": L0[||x||=4.69 C268(+120.62--17.04) B1076(+5030.57--33.07) P448(max0.000)] L4[||x||=6.00 C268(+159.98--7.84) B1076(+646.76--48.10) P448(max0.000)] L7[||x||=6.00 C268(+1407.24--5.91) B1076(+6643.61--29.80) P448(max0.000)] | H=14.26/15 top3=232 234 31861 
  [LOGIC] mlp=-882.5580 attn=-4.3584 div=33.8334
  [TIME] CE=134ms logic_reg=2332ms
  step   410/8000 (global=4410)  loss=9.5172  avg=8.3284  lr=0.000706  B=5  1942ms
  [WB] boundary=99/100  core_diff=2.5653  bin_diff=0.0617  ratio=41.60  prune_act=0.0000
  [WB] structure=10/16 (62%)  opp_sim=0.011
  [WB] BOUNDARY OK | CORE>BIN OK | PRUNE silent OK
  [LOGIC] mlp=-889.8549 attn=-4.3863 div=33.8367
  [TIME] CE=116ms logic_reg=2321ms
  step   420/8000 (global=4420)  loss=10.7801  avg=8.2763  lr=0.000705  B=4  1942ms
  [WB] boundary=99/100  core_diff=2.5542  bin_diff=0.0606  ratio=42.16  prune_act=0.0000
  [WB] structure=10/16 (62%)  opp_sim=0.012
  [WB] BOUNDARY OK | CORE>BIN OK | PRUNE silent OK
    [plan-I] step 1799 W_v approx_rank=17.4 (frob=10.60 max_row=0.61)
    [ortho] step 1799 L0 W_o off_diag=0.24 diag_dev=0.0680
    [plan-I] step 1799 W_v approx_rank=17.4 (frob=10.56 max_row=0.61)
    [ortho] step 1799 L1 W_o off_diag=0.23 diag_dev=0.0685
    [plan-I] step 1799 W_v approx_rank=17.4 (frob=10.67 max_row=0.61)
    [ortho] step 1799 L2 W_o off_diag=0.25 diag_dev=0.0692
    [plan-I] step 1799 W_v approx_rank=17.3 (frob=10.55 max_row=0.61)
    [ortho] step 1799 L3 W_o off_diag=0.22 diag_dev=0.0693
    [plan-I] step 1799 W_v approx_rank=17.1 (frob=10.43 max_row=0.61)
    [ortho] step 1799 L4 W_o off_diag=0.22 diag_dev=0.0701
    [plan-I] step 1799 W_v approx_rank=17.4 (frob=10.70 max_row=0.62)
    [ortho] step 1799 L5 W_o off_diag=0.22 diag_dev=0.0703
    [plan-I] step 1799 W_v approx_rank=17.1 (frob=10.49 max_row=0.61)
    [ortho] step 1799 L6 W_o off_diag=0.23 diag_dev=0.0686
    [plan-I] step 1799 W_v approx_rank=17.1 (frob=10.60 max_row=0.62)
    [ortho] step 1799 L7 W_o off_diag=0.23 diag_dev=0.0688
  [LOGIC] mlp=-894.3160 attn=-4.4184 div=33.8396
  [TIME] CE=194ms logic_reg=2414ms
  step   430/8000 (global=4430)  loss=10.1310  avg=8.2821  lr=0.000704  B=7  1942ms
  [WB] boundary=99/100  core_diff=2.5430  bin_diff=0.0591  ratio=43.03  prune_act=0.0000
  [WB] structure=10/16 (62%)  opp_sim=0.013
  [WB] BOUNDARY OK | CORE>BIN OK | PRUNE silent OK
  [LOGIC] mlp=-903.6579 attn=-4.4550 div=33.8398
  [TIME] CE=159ms logic_reg=2338ms
  step   440/8000 (global=4440)  loss=7.0597  avg=8.4169  lr=0.000702  B=6  1942ms
  [WB] boundary=99/100  core_diff=2.5486  bin_diff=0.0597  ratio=42.69  prune_act=0.0000
  [WB] structure=10/16 (62%)  opp_sim=0.014
  [WB] BOUNDARY OK | CORE>BIN OK | PRUNE silent OK
  [LOGIC] mlp=-907.8634 attn=-4.4788 div=33.8415
  [TIME] CE=114ms logic_reg=2357ms
  step   450/8000 (global=4450)  loss=7.8670  avg=8.3633  lr=0.000701  B=4  1943ms
  [WB] boundary=99/100  core_diff=2.5665  bin_diff=0.0628  ratio=40.85  prune_act=0.0000
  [WB] structure=10/16 (62%)  opp_sim=0.015
  [WB] BOUNDARY OK | CORE>BIN OK | PRUNE silent OK
[*] stateful inference started: window=9996, sinks=4, ctx=10240
[*] sliding window configured: W=9996, sinks=4 (effective context: 10000)
  [TRACE] "小": L0[||x||=4.83 C268(+182.39--16.14) B1076(+5170.23--32.44) P448(max0.000)] L4[||x||=6.00 C268(+175.60--8.58) B1076(+648.89--47.87) P448(max0.000)] L7[||x||=6.00 C268(+1314.45--5.44) B1076(+6803.45--29.31) P448(max0.000)] | H=14.09/15 top3=232 234 233 
  [LOGIC] mlp=-911.1059 attn=-4.5172 div=33.8431
  [TIME] CE=158ms logic_reg=2335ms
  step   460/8000 (global=4460)  loss=8.7751  avg=8.1973  lr=0.000700  B=5  1943ms
  [WB] boundary=98/100  core_diff=2.5890  bin_diff=0.0662  ratio=39.10  prune_act=0.0000
  [WB] structure=10/16 (62%)  opp_sim=0.015
  [WB] BOUNDARY OK | CORE>BIN OK | PRUNE silent OK
  [LOGIC] mlp=-907.0957 attn=-4.5004 div=33.8475
  [TIME] CE=156ms logic_reg=2358ms
  step   470/8000 (global=4470)  loss=5.2018  avg=8.1037  lr=0.000699  B=6  1943ms
  [WB] boundary=98/100  core_diff=2.5784  bin_diff=0.0664  ratio=38.83  prune_act=0.0000
  [WB] structure=10/16 (62%)  opp_sim=0.016
  [WB] BOUNDARY OK | CORE>BIN OK | PRUNE silent OK
    [plan-I] step 1849 W_v approx_rank=17.4 (frob=10.60 max_row=0.61)
    [ortho] step 1849 L0 W_o off_diag=0.24 diag_dev=0.0673
    [plan-I] step 1849 W_v approx_rank=17.4 (frob=10.56 max_row=0.61)
    [ortho] step 1849 L1 W_o off_diag=0.25 diag_dev=0.0674
    [plan-I] step 1849 W_v approx_rank=17.4 (frob=10.67 max_row=0.61)
    [ortho] step 1849 L2 W_o off_diag=0.24 diag_dev=0.0681
    [plan-I] step 1849 W_v approx_rank=17.3 (frob=10.55 max_row=0.61)
    [ortho] step 1849 L3 W_o off_diag=0.23 diag_dev=0.0707
    [plan-I] step 1849 W_v approx_rank=17.1 (frob=10.43 max_row=0.61)
    [ortho] step 1849 L4 W_o off_diag=0.22 diag_dev=0.0716
    [plan-I] step 1849 W_v approx_rank=17.4 (frob=10.70 max_row=0.62)
    [ortho] step 1849 L5 W_o off_diag=0.24 diag_dev=0.0709
    [plan-I] step 1849 W_v approx_rank=17.1 (frob=10.49 max_row=0.61)
    [ortho] step 1849 L6 W_o off_diag=0.24 diag_dev=0.0679
    [plan-I] step 1849 W_v approx_rank=17.1 (frob=10.60 max_row=0.62)
    [ortho] step 1849 L7 W_o off_diag=0.23 diag_dev=0.0698
  [LOGIC] mlp=-895.7116 attn=-4.4543 div=33.8522
  [TIME] CE=155ms logic_reg=2325ms
  step   480/8000 (global=4480)  loss=8.2420  avg=8.0986  lr=0.000698  B=6  1943ms
  [WB] boundary=98/100  core_diff=2.5624  bin_diff=0.0662  ratio=38.72  prune_act=0.0000
  [WB] structure=10/16 (62%)  opp_sim=0.017
  [WB] BOUNDARY OK | CORE>BIN OK | PRUNE silent OK
  [LOGIC] mlp=-896.9287 attn=-4.4715 div=33.8536
  [TIME] CE=105ms logic_reg=2521ms
  step   490/8000 (global=4490)  loss=6.6452  avg=7.8641  lr=0.000696  B=4  1942ms
  [WB] boundary=98/100  core_diff=2.5696  bin_diff=0.0676  ratio=38.00  prune_act=0.0000
  [WB] structure=10/16 (62%)  opp_sim=0.017
  [WB] BOUNDARY OK | CORE>BIN OK | PRUNE silent OK
  [LOGIC] mlp=-919.3463 attn=-4.6159 div=33.8508
  [TIME] CE=86ms logic_reg=2330ms
  step   500/8000 (global=4500)  loss=8.5975  avg=7.6132  lr=0.000695  B=3  1942ms
  [WB] boundary=98/100  core_diff=2.6006  bin_diff=0.0696  ratio=37.39  prune_act=0.0000
  [WB] structure=10/16 (62%)  opp_sim=0.018
  [WB] BOUNDARY OK | CORE>BIN OK | PRUNE silent OK
[*] stateful inference started: window=9996, sinks=4, ctx=10240
[*] sliding window configured: W=9996, sinks=4 (effective context: 10000)
  [TRACE] "热": L0[||x||=4.87 C268(+126.03--15.57) B1076(+5170.60--34.12) P448(max0.000)] L4[||x||=6.00 C268(+177.81--10.17) B1076(+726.13--49.13) P448(max0.000)] L7[||x||=6.00 C268(+1307.25--6.06) B1076(+7434.59--28.77) P448(max0.000)] | H=12.55/15 top3=232 234 233 
  [LOGIC] mlp=-930.1014 attn=-4.7026 div=33.8511
  [TIME] CE=160ms logic_reg=2512ms
  step   510/8000 (global=4510)  loss=10.1680  avg=7.7033  lr=0.000694  B=6  1941ms
  [WB] boundary=98/100  core_diff=2.6071  bin_diff=0.0687  ratio=37.95  prune_act=0.0000
  [WB] structure=10/16 (62%)  opp_sim=0.019
  [WB] BOUNDARY OK | CORE>BIN OK | PRUNE silent OK
  [LOGIC] mlp=-926.1423 attn=-4.6842 div=33.8551
  [TIME] CE=133ms logic_reg=2323ms
  step   520/8000 (global=4520)  loss=8.2618  avg=7.9115  lr=0.000693  B=5  1941ms
  [WB] boundary=98/100  core_diff=2.5880  bin_diff=0.0668  ratio=38.73  prune_act=0.0000
  [WB] structure=10/16 (62%)  opp_sim=0.020
  [WB] BOUNDARY OK | CORE>BIN OK | PRUNE silent OK
    [plan-I] step 1899 W_v approx_rank=17.4 (frob=10.60 max_row=0.61)
    [ortho] step 1899 L0 W_o off_diag=0.23 diag_dev=0.0694
    [plan-I] step 1899 W_v approx_rank=17.4 (frob=10.56 max_row=0.61)
    [ortho] step 1899 L1 W_o off_diag=0.23 diag_dev=0.0708
    [plan-I] step 1899 W_v approx_rank=17.4 (frob=10.67 max_row=0.61)
    [ortho] step 1899 L2 W_o off_diag=0.22 diag_dev=0.0699
    [plan-I] step 1899 W_v approx_rank=17.3 (frob=10.55 max_row=0.61)
    [ortho] step 1899 L3 W_o off_diag=0.22 diag_dev=0.0707
    [plan-I] step 1899 W_v approx_rank=17.1 (frob=10.43 max_row=0.61)
    [ortho] step 1899 L4 W_o off_diag=0.21 diag_dev=0.0711
    [plan-I] step 1899 W_v approx_rank=17.4 (frob=10.70 max_row=0.62)
    [ortho] step 1899 L5 W_o off_diag=0.22 diag_dev=0.0703
    [plan-I] step 1899 W_v approx_rank=17.1 (frob=10.49 max_row=0.61)
    [ortho] step 1899 L6 W_o off_diag=0.23 diag_dev=0.0693
    [plan-I] step 1899 W_v approx_rank=17.1 (frob=10.60 max_row=0.62)
    [ortho] step 1899 L7 W_o off_diag=0.24 diag_dev=0.0688
  [LOGIC] mlp=-937.5728 attn=-4.6876 div=33.8576
  [TIME] CE=157ms logic_reg=2347ms
  step   530/8000 (global=4530)  loss=8.5583  avg=7.9319  lr=0.000691  B=6  1941ms
  [WB] boundary=98/100  core_diff=2.5796  bin_diff=0.0666  ratio=38.72  prune_act=0.0000
  [WB] structure=10/16 (62%)  opp_sim=0.020
  [WB] BOUNDARY OK | CORE>BIN OK | PRUNE silent OK
  [LOGIC] mlp=-945.0925 attn=-4.7276 div=33.8593
  [TIME] CE=133ms logic_reg=2549ms
  step   540/8000 (global=4540)  loss=8.5985  avg=8.0285  lr=0.000690  B=5  1940ms
  [WB] boundary=98/100  core_diff=2.5750  bin_diff=0.0663  ratio=38.84  prune_act=0.0000
  [WB] structure=10/16 (62%)  opp_sim=0.021
  [WB] BOUNDARY OK | CORE>BIN OK | PRUNE silent OK
  [LOGIC] mlp=-942.8760 attn=-4.7756 div=33.8610
  [TIME] CE=108ms logic_reg=2327ms
  step   550/8000 (global=4550)  loss=9.5242  avg=8.0313  lr=0.000689  B=4  1940ms
  [WB] boundary=98/100  core_diff=2.5721  bin_diff=0.0660  ratio=38.96  prune_act=0.0000
  [WB] structure=10/16 (62%)  opp_sim=0.022
  [WB] BOUNDARY OK | CORE>BIN OK | PRUNE silent OK
[*] stateful inference started: window=9996, sinks=4, ctx=10240
[*] sliding window configured: W=9996, sinks=4 (effective context: 10000)
  [TRACE] "冷": L0[||x||=4.99 C268(+207.58--13.49) B1076(+5406.52--34.20) P448(max0.000)] L4[||x||=6.00 C268(+185.42--9.70) B1076(+746.28--48.39) P448(max0.000)] L7[||x||=6.00 C268(+1262.64--6.15) B1076(+7672.95--28.51) P448(max0.000)] | H=14.19/15 top3=232 234 233 
  [LOGIC] mlp=-942.6958 attn=-4.7813 div=33.8632
  [TIME] CE=130ms logic_reg=2319ms
  step   560/8000 (global=4560)  loss=11.3988  avg=8.2425  lr=0.000688  B=5  1940ms
  [WB] boundary=98/100  core_diff=2.5592  bin_diff=0.0654  ratio=39.12  prune_act=0.0000
  [WB] structure=10/16 (62%)  opp_sim=0.023
  [WB] BOUNDARY OK | CORE>BIN OK | PRUNE silent OK
  [LOGIC] mlp=-947.8876 attn=-4.7744 div=33.8654
  [TIME] CE=119ms logic_reg=2540ms
  step   570/8000 (global=4570)  loss=10.6623  avg=8.1886  lr=0.000687  B=4  1940ms
  [WB] boundary=98/100  core_diff=2.5460  bin_diff=0.0648  ratio=39.31  prune_act=0.0000
  [WB] structure=10/16 (62%)  opp_sim=0.023
  [WB] BOUNDARY OK | CORE>BIN OK | PRUNE silent OK
    [plan-I] step 1949 W_v approx_rank=17.4 (frob=10.60 max_row=0.61)
    [ortho] step 1949 L0 W_o off_diag=0.22 diag_dev=0.0696
    [plan-I] step 1949 W_v approx_rank=17.4 (frob=10.56 max_row=0.61)
    [ortho] step 1949 L1 W_o off_diag=0.22 diag_dev=0.0709
    [plan-I] step 1949 W_v approx_rank=17.4 (frob=10.67 max_row=0.61)
    [ortho] step 1949 L2 W_o off_diag=0.22 diag_dev=0.0695
    [plan-I] step 1949 W_v approx_rank=17.3 (frob=10.55 max_row=0.61)
    [ortho] step 1949 L3 W_o off_diag=0.22 diag_dev=0.0703
    [plan-I] step 1949 W_v approx_rank=17.1 (frob=10.43 max_row=0.61)
    [ortho] step 1949 L4 W_o off_diag=0.21 diag_dev=0.0710
    [plan-I] step 1949 W_v approx_rank=17.4 (frob=10.70 max_row=0.62)
    [ortho] step 1949 L5 W_o off_diag=0.22 diag_dev=0.0700
    [plan-I] step 1949 W_v approx_rank=17.1 (frob=10.49 max_row=0.61)
    [ortho] step 1949 L6 W_o off_diag=0.22 diag_dev=0.0689
    [plan-I] step 1949 W_v approx_rank=17.1 (frob=10.60 max_row=0.62)
    [ortho] step 1949 L7 W_o off_diag=0.22 diag_dev=0.0695
  [LOGIC] mlp=-953.9922 attn=-4.7754 div=33.8676
  [TIME] CE=132ms logic_reg=2386ms
  step   580/8000 (global=4580)  loss=7.9077  avg=8.0936  lr=0.000685  B=5  1940ms
  [WB] boundary=98/100  core_diff=2.5324  bin_diff=0.0637  ratio=39.74  prune_act=0.0000
  [WB] structure=10/16 (62%)  opp_sim=0.024
  [WB] BOUNDARY OK | CORE>BIN OK | PRUNE silent OK
  [LOGIC] mlp=-956.8220 attn=-4.7432 div=33.8705
  [TIME] CE=132ms logic_reg=2344ms
  step   590/8000 (global=4590)  loss=7.5172  avg=7.9826  lr=0.000684  B=5  1940ms
  [WB] boundary=98/100  core_diff=2.5152  bin_diff=0.0627  ratio=40.10  prune_act=0.0000
  [WB] structure=10/16 (62%)  opp_sim=0.025
  [WB] BOUNDARY OK | CORE>BIN OK | PRUNE silent OK
  [LOGIC] mlp=-953.2289 attn=-4.7264 div=33.8738
  [TIME] CE=135ms logic_reg=2557ms
  step   600/8000 (global=4600)  loss=7.5314  avg=7.8868  lr=0.000683  B=5  1939ms
  [WB] boundary=97/100  core_diff=2.4925  bin_diff=0.0612  ratio=40.75  prune_act=0.0000
  [WB] structure=10/16 (62%)  opp_sim=0.026
  [WB] BOUNDARY OK | CORE>BIN OK | PRUNE silent OK
[*] stateful inference started: window=9996, sinks=4, ctx=10240
[*] sliding window configured: W=9996, sinks=4 (effective context: 10000)
  [TRACE] "火": L0[||x||=5.07 C268(+205.58--12.94) B1076(+5590.15--33.69) P448(max0.000)] L4[||x||=6.00 C268(+196.53--10.07) B1076(+810.65--47.79) P448(max0.000)] L7[||x||=6.00 C268(+1249.48--6.27) B1076(+7897.17--28.73) P448(max0.000)] | H=14.41/15 top3=232 233 160 
  [LOGIC] mlp=-955.6490 attn=-4.7358 div=33.8751
  [TIME] CE=132ms logic_reg=2323ms
  step   610/8000 (global=4610)  loss=9.2031  avg=7.8529  lr=0.000682  B=5  1939ms
  [WB] boundary=97/100  core_diff=2.4901  bin_diff=0.0610  ratio=40.80  prune_act=0.0000
  [WB] structure=10/16 (62%)  opp_sim=0.026
  [WB] BOUNDARY OK | CORE>BIN OK | PRUNE silent OK
  [LOGIC] mlp=-959.0910 attn=-4.7312 div=33.8767
  [TIME] CE=107ms logic_reg=2322ms
  step   620/8000 (global=4620)  loss=9.3550  avg=7.8881  lr=0.000681  B=4  1939ms
  [WB] boundary=97/100  core_diff=2.4826  bin_diff=0.0608  ratio=40.86  prune_act=0.0000
  [WB] structure=10/16 (62%)  opp_sim=0.027
  [WB] BOUNDARY OK | CORE>BIN OK | PRUNE silent OK
    [plan-I] step 1999 W_v approx_rank=17.4 (frob=10.60 max_row=0.61)
    [ortho] step 1999 L0 W_o off_diag=0.23 diag_dev=0.0680
    [plan-I] step 1999 W_v approx_rank=17.4 (frob=10.56 max_row=0.61)
    [ortho] step 1999 L1 W_o off_diag=0.24 diag_dev=0.0680
    [plan-I] step 1999 W_v approx_rank=17.4 (frob=10.67 max_row=0.61)
    [ortho] step 1999 L2 W_o off_diag=0.24 diag_dev=0.0683
    [plan-I] step 1999 W_v approx_rank=17.3 (frob=10.55 max_row=0.61)
    [ortho] step 1999 L3 W_o off_diag=0.22 diag_dev=0.0698
    [plan-I] step 1999 W_v approx_rank=17.1 (frob=10.43 max_row=0.61)
    [ortho] step 1999 L4 W_o off_diag=0.21 diag_dev=0.0706
    [plan-I] step 1999 W_v approx_rank=17.4 (frob=10.70 max_row=0.62)
    [ortho] step 1999 L5 W_o off_diag=0.22 diag_dev=0.0702
    [plan-I] step 1999 W_v approx_rank=17.1 (frob=10.49 max_row=0.61)
    [ortho] step 1999 L6 W_o off_diag=0.23 diag_dev=0.0690
    [plan-I] step 1999 W_v approx_rank=17.1 (frob=10.60 max_row=0.62)
    [ortho] step 1999 L7 W_o off_diag=0.23 diag_dev=0.0684
  [LOGIC] mlp=-968.8378 attn=-4.7900 div=33.8764
  [TIME] CE=107ms logic_reg=2445ms
  step   630/8000 (global=4630)  loss=8.5604  avg=7.9271  lr=0.000679  B=4  1939ms
  [WB] boundary=97/100  core_diff=2.4955  bin_diff=0.0619  ratio=40.30  prune_act=0.0000
  [WB] structure=10/16 (62%)  opp_sim=0.028
  [WB] BOUNDARY OK | CORE>BIN OK | PRUNE silent OK
  [LOGIC] mlp=-971.3867 attn=-4.8255 div=33.8776
  [TIME] CE=133ms logic_reg=2322ms
  step   640/8000 (global=4640)  loss=7.2355  avg=7.8064  lr=0.000678  B=5  1939ms
  [WB] boundary=97/100  core_diff=2.4970  bin_diff=0.0621  ratio=40.22  prune_act=0.0000
  [WB] structure=10/16 (62%)  opp_sim=0.029
  [WB] BOUNDARY OK | CORE>BIN OK | PRUNE silent OK
  [LOGIC] mlp=-970.8710 attn=-4.8153 div=33.8788
  [TIME] CE=133ms logic_reg=2373ms
  step   650/8000 (global=4650)  loss=8.8430  avg=7.9776  lr=0.000677  B=5  1938ms
  [WB] boundary=97/100  core_diff=2.4981  bin_diff=0.0626  ratio=39.92  prune_act=0.0000
  [WB] structure=10/16 (62%)  opp_sim=0.029
  [WB] BOUNDARY OK | CORE>BIN OK | PRUNE silent OK
[*] stateful inference started: window=9996, sinks=4, ctx=10240
[*] sliding window configured: W=9996, sinks=4 (effective context: 10000)
  [TRACE] "水": L0[||x||=5.35 C268(+212.92--14.45) B1076(+5744.78--31.29) P448(max0.000)] L4[||x||=6.00 C268(+198.40--10.61) B1076(+827.97--47.43) P448(max0.000)] L7[||x||=6.00 C268(+1315.63--6.36) B1076(+8569.92--28.61) P448(max0.000)] | H=14.38/15 top3=232 165 32568 
  [LOGIC] mlp=-976.2687 attn=-4.8347 div=33.8794
  [TIME] CE=157ms logic_reg=2316ms
  step   660/8000 (global=4660)  loss=8.0048  avg=8.0999  lr=0.000676  B=6  1938ms
  [WB] boundary=97/100  core_diff=2.5071  bin_diff=0.0634  ratio=39.57  prune_act=0.0000
  [WB] structure=10/16 (62%)  opp_sim=0.030
  [WB] BOUNDARY OK | CORE>BIN OK | PRUNE silent OK
  [LOGIC] mlp=-977.8967 attn=-4.8595 div=33.8802
  [TIME] CE=134ms logic_reg=2324ms
  step   670/8000 (global=4670)  loss=7.4997  avg=8.1169  lr=0.000674  B=5  1938ms
  [WB] boundary=97/100  core_diff=2.5099  bin_diff=0.0634  ratio=39.62  prune_act=0.0000
  [WB] structure=10/16 (62%)  opp_sim=0.031
  [WB] BOUNDARY OK | CORE>BIN OK | PRUNE silent OK
    [plan-I] step 2049 W_v approx_rank=17.4 (frob=10.60 max_row=0.61)
    [ortho] step 2049 L0 W_o off_diag=0.23 diag_dev=0.0689
    [plan-I] step 2049 W_v approx_rank=17.4 (frob=10.56 max_row=0.61)
    [ortho] step 2049 L1 W_o off_diag=0.22 diag_dev=0.0707
    [plan-I] step 2049 W_v approx_rank=17.4 (frob=10.67 max_row=0.61)
    [ortho] step 2049 L2 W_o off_diag=0.22 diag_dev=0.0698
    [plan-I] step 2049 W_v approx_rank=17.3 (frob=10.55 max_row=0.61)
    [ortho] step 2049 L3 W_o off_diag=0.22 diag_dev=0.0701
    [plan-I] step 2049 W_v approx_rank=17.1 (frob=10.43 max_row=0.61)
    [ortho] step 2049 L4 W_o off_diag=0.21 diag_dev=0.0708
    [plan-I] step 2049 W_v approx_rank=17.4 (frob=10.70 max_row=0.62)
    [ortho] step 2049 L5 W_o off_diag=0.22 diag_dev=0.0705
    [plan-I] step 2049 W_v approx_rank=17.1 (frob=10.49 max_row=0.61)
    [ortho] step 2049 L6 W_o off_diag=0.22 diag_dev=0.0692
    [plan-I] step 2049 W_v approx_rank=17.1 (frob=10.60 max_row=0.62)
    [ortho] step 2049 L7 W_o off_diag=0.22 diag_dev=0.0699
  [LOGIC] mlp=-977.1952 attn=-4.8670 div=33.8824
  [TIME] CE=182ms logic_reg=2475ms
  step   680/8000 (global=4680)  loss=6.9711  avg=8.1124  lr=0.000673  B=7  1938ms
  [WB] boundary=97/100  core_diff=2.5002  bin_diff=0.0629  ratio=39.75  prune_act=0.0000
  [WB] structure=10/16 (62%)  opp_sim=0.031
  [WB] BOUNDARY OK | CORE>BIN OK | PRUNE silent OK
  [LOGIC] mlp=-976.8847 attn=-4.8614 div=33.8844
  [TIME] CE=134ms logic_reg=2428ms
  step   690/8000 (global=4690)  loss=9.2552  avg=8.1108  lr=0.000672  B=5  1938ms
  [WB] boundary=97/100  core_diff=2.4929  bin_diff=0.0633  ratio=39.39  prune_act=0.0000
  [WB] structure=10/16 (62%)  opp_sim=0.032
  [WB] BOUNDARY OK | CORE>BIN OK | PRUNE silent OK
  [LOGIC] mlp=-968.9297 attn=-4.8249 div=33.8873
  [TIME] CE=108ms logic_reg=2593ms
  step   700/8000 (global=4700)  loss=9.8556  avg=8.0534  lr=0.000671  B=4  1938ms
  [WB] boundary=97/100  core_diff=2.4771  bin_diff=0.0629  ratio=39.36  prune_act=0.0000
  [WB] structure=10/16 (62%)  opp_sim=0.033
  [WB] BOUNDARY OK | CORE>BIN OK | PRUNE silent OK
[*] stateful inference started: window=9996, sinks=4, ctx=10240
[*] sliding window configured: W=9996, sinks=4 (effective context: 10000)
  [TRACE] "大": L0[||x||=5.22 C268(+197.91--13.11) B1076(+5924.89--33.08) P448(max0.000)] L4[||x||=6.00 C268(+209.57--11.37) B1076(+892.99--47.31) P448(max0.000)] L7[||x||=6.00 C268(+1384.59--5.80) B1076(+9233.65--27.93) P448(max0.000)] | H=14.35/15 top3=232 32351 32568 
  [LOGIC] mlp=-965.6497 attn=-4.8052 div=33.8890
  [TIME] CE=156ms logic_reg=2400ms
  step   710/8000 (global=4710)  loss=6.6324  avg=8.0294  lr=0.000669  B=6  1938ms
  [WB] boundary=97/100  core_diff=2.4688  bin_diff=0.0628  ratio=39.31  prune_act=0.0000
  [WB] structure=10/16 (62%)  opp_sim=0.034
  [WB] BOUNDARY OK | CORE>BIN OK | PRUNE silent OK
  [LOGIC] mlp=-965.8077 attn=-4.7899 div=33.8906
  [TIME] CE=157ms logic_reg=2327ms
  step   720/8000 (global=4720)  loss=9.6213  avg=8.0085  lr=0.000668  B=6  1938ms
  [WB] boundary=97/100  core_diff=2.4578  bin_diff=0.0622  ratio=39.50  prune_act=0.0000
  [WB] structure=10/16 (62%)  opp_sim=0.034
  [WB] BOUNDARY OK | CORE>BIN OK | PRUNE silent OK
    [plan-I] step 2099 W_v approx_rank=17.4 (frob=10.60 max_row=0.61)
    [ortho] step 2099 L0 W_o off_diag=0.22 diag_dev=0.0698
    [plan-I] step 2099 W_v approx_rank=17.4 (frob=10.56 max_row=0.61)
    [ortho] step 2099 L1 W_o off_diag=0.21 diag_dev=0.0712
    [plan-I] step 2099 W_v approx_rank=17.4 (frob=10.67 max_row=0.61)
    [ortho] step 2099 L2 W_o off_diag=0.22 diag_dev=0.0707
    [plan-I] step 2099 W_v approx_rank=17.3 (frob=10.55 max_row=0.61)
    [ortho] step 2099 L3 W_o off_diag=0.22 diag_dev=0.0705
    [plan-I] step 2099 W_v approx_rank=17.1 (frob=10.43 max_row=0.61)
    [ortho] step 2099 L4 W_o off_diag=0.21 diag_dev=0.0709
    [plan-I] step 2099 W_v approx_rank=17.4 (frob=10.70 max_row=0.62)
    [ortho] step 2099 L5 W_o off_diag=0.22 diag_dev=0.0705
    [plan-I] step 2099 W_v approx_rank=17.1 (frob=10.49 max_row=0.61)
    [ortho] step 2099 L6 W_o off_diag=0.22 diag_dev=0.0700
    [plan-I] step 2099 W_v approx_rank=17.1 (frob=10.60 max_row=0.62)
    [ortho] step 2099 L7 W_o off_diag=0.23 diag_dev=0.0695
  [LOGIC] mlp=-970.4760 attn=-4.7982 div=33.8911
  [TIME] CE=134ms logic_reg=2430ms
  step   730/8000 (global=4730)  loss=6.8294  avg=8.0079  lr=0.000667  B=5  1938ms
  [WB] boundary=96/100  core_diff=2.4546  bin_diff=0.0623  ratio=39.42  prune_act=0.0000
  [WB] structure=10/16 (62%)  opp_sim=0.035
  [WB] BOUNDARY OK | CORE>BIN OK | PRUNE silent OK
  [LOGIC] mlp=-974.2382 attn=-4.8160 div=33.8921
  [TIME] CE=138ms logic_reg=2399ms
  step   740/8000 (global=4740)  loss=7.9855  avg=7.9052  lr=0.000666  B=5  1938ms
  [WB] boundary=96/100  core_diff=2.4559  bin_diff=0.0629  ratio=39.05  prune_act=0.0000
  [WB] structure=10/16 (62%)  opp_sim=0.036
  [WB] BOUNDARY OK | CORE>BIN OK | PRUNE silent OK
  [LOGIC] mlp=-971.1849 attn=-4.8026 div=33.8943
  [TIME] CE=132ms logic_reg=2409ms
  step   750/8000 (global=4750)  loss=8.2632  avg=7.8481  lr=0.000664  B=5  1938ms
  [WB] boundary=96/100  core_diff=2.4479  bin_diff=0.0629  ratio=38.91  prune_act=0.0000
  [WB] structure=10/16 (62%)  opp_sim=0.036
  [WB] BOUNDARY OK | CORE>BIN OK | PRUNE silent OK
[*] stateful inference started: window=9996, sinks=4, ctx=10240
[*] sliding window configured: W=9996, sinks=4 (effective context: 10000)
  [TRACE] "小": L0[||x||=5.50 C268(+212.53--14.20) B1076(+6134.20--31.77) P448(max0.000)] L4[||x||=6.00 C268(+222.30--11.89) B1076(+918.79--47.08) P448(max0.000)] L7[||x||=6.00 C268(+1406.50--5.61) B1076(+9826.46--28.02) P448(max0.000)] | H=14.37/15 top3=232 32351 32568 
  [LOGIC] mlp=-967.5745 attn=-4.7802 div=33.8963
  [TIME] CE=159ms logic_reg=2337ms
  step   760/8000 (global=4760)  loss=10.0294  avg=7.9827  lr=0.000663  B=6  1938ms
  [WB] boundary=96/100  core_diff=2.4404  bin_diff=0.0630  ratio=38.71  prune_act=0.0000
  [WB] structure=10/16 (62%)  opp_sim=0.037
  [WB] BOUNDARY OK | CORE>BIN OK | PRUNE silent OK
  [LOGIC] mlp=-968.1016 attn=-4.7723 div=33.8979
  [TIME] CE=181ms logic_reg=2414ms
  step   770/8000 (global=4770)  loss=7.5271  avg=7.7631  lr=0.000662  B=7  1938ms
  [WB] boundary=96/100  core_diff=2.4311  bin_diff=0.0628  ratio=38.72  prune_act=0.0000
  [WB] structure=10/16 (62%)  opp_sim=0.038
  [WB] BOUNDARY OK | CORE>BIN OK | PRUNE silent OK
    [plan-I] step 2149 W_v approx_rank=17.4 (frob=10.60 max_row=0.61)
    [ortho] step 2149 L0 W_o off_diag=0.23 diag_dev=0.0688
    [plan-I] step 2149 W_v approx_rank=17.4 (frob=10.56 max_row=0.61)
    [ortho] step 2149 L1 W_o off_diag=0.22 diag_dev=0.0701
    [plan-I] step 2149 W_v approx_rank=17.4 (frob=10.67 max_row=0.61)
    [ortho] step 2149 L2 W_o off_diag=0.22 diag_dev=0.0694
    [plan-I] step 2149 W_v approx_rank=17.3 (frob=10.55 max_row=0.61)
    [ortho] step 2149 L3 W_o off_diag=0.22 diag_dev=0.0695
    [plan-I] step 2149 W_v approx_rank=17.1 (frob=10.43 max_row=0.61)
    [ortho] step 2149 L4 W_o off_diag=0.22 diag_dev=0.0702
    [plan-I] step 2149 W_v approx_rank=17.4 (frob=10.70 max_row=0.62)
    [ortho] step 2149 L5 W_o off_diag=0.22 diag_dev=0.0702
    [plan-I] step 2149 W_v approx_rank=17.1 (frob=10.49 max_row=0.61)
    [ortho] step 2149 L6 W_o off_diag=0.22 diag_dev=0.0693
    [plan-I] step 2149 W_v approx_rank=17.1 (frob=10.60 max_row=0.62)
    [ortho] step 2149 L7 W_o off_diag=0.22 diag_dev=0.0696
  [LOGIC] mlp=-968.3398 attn=-4.7819 div=33.8982
  [TIME] CE=188ms logic_reg=2327ms
  step   780/8000 (global=4780)  loss=9.2879  avg=7.7839  lr=0.000661  B=6  1938ms
  [WB] boundary=96/100  core_diff=2.4328  bin_diff=0.0630  ratio=38.62  prune_act=0.0000
  [WB] structure=10/16 (62%)  opp_sim=0.039
  [WB] BOUNDARY OK | CORE>BIN OK | PRUNE silent OK
  [LOGIC] mlp=-967.5223 attn=-4.7796 div=33.8992
  [TIME] CE=133ms logic_reg=2573ms
  step   790/8000 (global=4790)  loss=6.2175  avg=7.8326  lr=0.000660  B=5  1937ms
  [WB] boundary=96/100  core_diff=2.4288  bin_diff=0.0632  ratio=38.43  prune_act=0.0000
  [WB] structure=10/16 (62%)  opp_sim=0.039
  [WB] BOUNDARY OK | CORE>BIN OK | PRUNE silent OK
  [LOGIC] mlp=-971.6968 attn=-4.7808 div=33.9003
  [TIME] CE=105ms logic_reg=2318ms
  step   800/8000 (global=4800)  loss=4.4136  avg=7.6170  lr=0.000658  B=4  1937ms
  [WB] boundary=96/100  core_diff=2.4238  bin_diff=0.0631  ratio=38.39  prune_act=0.0000
  [WB] structure=10/16 (62%)  opp_sim=0.040
  [WB] BOUNDARY OK | CORE>BIN OK | PRUNE silent OK
[*] stateful inference started: window=9996, sinks=4, ctx=10240
[*] sliding window configured: W=9996, sinks=4 (effective context: 10000)
  [TRACE] "热": L0[||x||=5.56 C268(+217.18--12.50) B1076(+6220.37--32.06) P448(max0.000)] L4[||x||=6.00 C268(+259.32--11.58) B1076(+943.05--47.30) P448(max0.000)] L7[||x||=6.00 C268(+1381.54--5.86) B1076(+10338.65--26.36) P448(max0.000)] | H=13.97/15 top3=232 234 235 
  [LOGIC] mlp=-974.4890 attn=-4.7923 div=33.9012
  [TIME] CE=208ms logic_reg=2326ms
  step   810/8000 (global=4810)  loss=7.1605  avg=7.7152  lr=0.000657  B=8  1937ms
  [WB] boundary=96/100  core_diff=2.4238  bin_diff=0.0636  ratio=38.12  prune_act=0.0000
  [WB] structure=10/16 (62%)  opp_sim=0.041
  [WB] BOUNDARY OK | CORE>BIN OK | PRUNE silent OK
  [LOGIC] mlp=-974.7990 attn=-4.8088 div=33.9011
  [TIME] CE=183ms logic_reg=2559ms
  step   820/8000 (global=4820)  loss=10.1860  avg=7.8268  lr=0.000656  B=7  1938ms
  [WB] boundary=96/100  core_diff=2.4326  bin_diff=0.0640  ratio=37.99  prune_act=0.0000
  [WB] structure=10/16 (62%)  opp_sim=0.041
  [WB] BOUNDARY OK | CORE>BIN OK | PRUNE silent OK
    [plan-I] step 2199 W_v approx_rank=17.4 (frob=10.60 max_row=0.61)
    [ortho] step 2199 L0 W_o off_diag=0.23 diag_dev=0.0683
    [plan-I] step 2199 W_v approx_rank=17.4 (frob=10.56 max_row=0.61)
    [ortho] step 2199 L1 W_o off_diag=0.22 diag_dev=0.0700
    [plan-I] step 2199 W_v approx_rank=17.4 (frob=10.67 max_row=0.61)
    [ortho] step 2199 L2 W_o off_diag=0.22 diag_dev=0.0690
    [plan-I] step 2199 W_v approx_rank=17.3 (frob=10.55 max_row=0.61)
    [ortho] step 2199 L3 W_o off_diag=0.22 diag_dev=0.0698
    [plan-I] step 2199 W_v approx_rank=17.1 (frob=10.43 max_row=0.61)
    [ortho] step 2199 L4 W_o off_diag=0.21 diag_dev=0.0706
    [plan-I] step 2199 W_v approx_rank=17.4 (frob=10.70 max_row=0.62)
    [ortho] step 2199 L5 W_o off_diag=0.22 diag_dev=0.0706
    [plan-I] step 2199 W_v approx_rank=17.1 (frob=10.49 max_row=0.61)
    [ortho] step 2199 L6 W_o off_diag=0.22 diag_dev=0.0692
    [plan-I] step 2199 W_v approx_rank=17.1 (frob=10.60 max_row=0.62)
    [ortho] step 2199 L7 W_o off_diag=0.22 diag_dev=0.0692
  [LOGIC] mlp=-977.8616 attn=-4.8106 div=33.9015
  [TIME] CE=182ms logic_reg=2321ms
  step   830/8000 (global=4830)  loss=9.3768  avg=7.8720  lr=0.000655  B=7  1937ms
  [WB] boundary=96/100  core_diff=2.4328  bin_diff=0.0641  ratio=37.95  prune_act=0.0000
  [WB] structure=10/16 (62%)  opp_sim=0.042
  [WB] BOUNDARY OK | CORE>BIN OK | PRUNE silent OK
  [LOGIC] mlp=-976.7133 attn=-4.7976 div=33.9027
  [TIME] CE=134ms logic_reg=2333ms
  step   840/8000 (global=4840)  loss=5.4013  avg=7.8607  lr=0.000653  B=5  1937ms
  [WB] boundary=96/100  core_diff=2.4224  bin_diff=0.0634  ratio=38.20  prune_act=0.0000
  [WB] structure=10/16 (62%)  opp_sim=0.043
  [WB] BOUNDARY OK | CORE>BIN OK | PRUNE silent OK
  [LOGIC] mlp=-978.3809 attn=-4.7942 div=33.9034
  [TIME] CE=421ms logic_reg=2319ms
  step   850/8000 (global=4850)  loss=8.6344  avg=7.6179  lr=0.000652  B=7  1937ms
  [WB] boundary=96/100  core_diff=2.4166  bin_diff=0.0634  ratio=38.13  prune_act=0.0000
  [WB] structure=10/16 (62%)  opp_sim=0.043
  [WB] BOUNDARY OK | CORE>BIN OK | PRUNE silent OK
[*] stateful inference started: window=9996, sinks=4, ctx=10240
[*] sliding window configured: W=9996, sinks=4 (effective context: 10000)
  [TRACE] "冷": L0[||x||=5.63 C268(+222.39--11.14) B1076(+6317.46--32.61) P448(max0.000)] L4[||x||=6.00 C268(+280.01--10.71) B1076(+945.14--47.24) P448(max0.000)] L7[||x||=6.00 C268(+1237.84--6.26) B1076(+10312.47--24.96) P448(max0.000)] | H=13.69/15 top3=232 235 234 
  [LOGIC] mlp=-980.9191 attn=-4.8079 div=33.9042
  [TIME] CE=162ms logic_reg=2463ms
  step   860/8000 (global=4860)  loss=8.2243  avg=7.4623  lr=0.000651  B=6  1937ms
  [WB] boundary=96/100  core_diff=2.4126  bin_diff=0.0629  ratio=38.37  prune_act=0.0000
  [WB] structure=10/16 (62%)  opp_sim=0.044
  [WB] BOUNDARY OK | CORE>BIN OK | PRUNE silent OK
  [LOGIC] mlp=-970.8766 attn=-4.7716 div=33.9073
  [TIME] CE=142ms logic_reg=2324ms
  step   870/8000 (global=4870)  loss=8.5336  avg=7.5503  lr=0.000649  B=5  1937ms
  [WB] boundary=96/100  core_diff=2.3854  bin_diff=0.0611  ratio=39.01  prune_act=0.0000
  [WB] structure=10/16 (62%)  opp_sim=0.045
  [WB] BOUNDARY OK | CORE>BIN OK | PRUNE silent OK
    [plan-I] step 2249 W_v approx_rank=17.4 (frob=10.60 max_row=0.61)
    [ortho] step 2249 L0 W_o off_diag=0.23 diag_dev=0.0692
    [plan-I] step 2249 W_v approx_rank=17.4 (frob=10.56 max_row=0.61)
    [ortho] step 2249 L1 W_o off_diag=0.22 diag_dev=0.0705
    [plan-I] step 2249 W_v approx_rank=17.4 (frob=10.67 max_row=0.61)
    [ortho] step 2249 L2 W_o off_diag=0.22 diag_dev=0.0691
    [plan-I] step 2249 W_v approx_rank=17.3 (frob=10.55 max_row=0.61)
    [ortho] step 2249 L3 W_o off_diag=0.22 diag_dev=0.0696
    [plan-I] step 2249 W_v approx_rank=17.1 (frob=10.43 max_row=0.61)
    [ortho] step 2249 L4 W_o off_diag=0.22 diag_dev=0.0704
    [plan-I] step 2249 W_v approx_rank=17.4 (frob=10.70 max_row=0.62)
    [ortho] step 2249 L5 W_o off_diag=0.22 diag_dev=0.0703
    [plan-I] step 2249 W_v approx_rank=17.1 (frob=10.49 max_row=0.61)
    [ortho] step 2249 L6 W_o off_diag=0.22 diag_dev=0.0699
    [plan-I] step 2249 W_v approx_rank=17.1 (frob=10.60 max_row=0.62)
    [ortho] step 2249 L7 W_o off_diag=0.22 diag_dev=0.0697
  [LOGIC] mlp=-963.5704 attn=-4.7280 div=33.9099
  [TIME] CE=135ms logic_reg=2427ms
  step   880/8000 (global=4880)  loss=8.5639  avg=7.5572  lr=0.000648  B=5  1937ms
  [WB] boundary=95/100  core_diff=2.3633  bin_diff=0.0596  ratio=39.66  prune_act=0.0000
  [WB] structure=10/16 (62%)  opp_sim=0.045
  [WB] BOUNDARY OK | CORE>BIN OK | PRUNE silent OK
  [LOGIC] mlp=-968.6810 attn=-4.7249 div=33.9107
  [TIME] CE=142ms logic_reg=2498ms
  step   890/8000 (global=4890)  loss=6.8539  avg=7.3219  lr=0.000647  B=5  1937ms
  [WB] boundary=95/100  core_diff=2.3542  bin_diff=0.0586  ratio=40.14  prune_act=0.0000
  [WB] structure=10/16 (62%)  opp_sim=0.046
  [WB] BOUNDARY OK | CORE>BIN OK | PRUNE silent OK
  [LOGIC] mlp=-968.6968 attn=-4.7087 div=33.9124
  [TIME] CE=164ms logic_reg=2455ms
  step   900/8000 (global=4900)  loss=6.7425  avg=7.3369  lr=0.000646  B=6  1937ms
  [WB] boundary=95/100  core_diff=2.3380  bin_diff=0.0579  ratio=40.37  prune_act=0.0000
  [WB] structure=10/16 (62%)  opp_sim=0.047
  [WB] BOUNDARY OK | CORE>BIN OK | PRUNE silent OK
[*] stateful inference started: window=9996, sinks=4, ctx=10240
[*] sliding window configured: W=9996, sinks=4 (effective context: 10000)
  [TRACE] "火": L0[||x||=5.79 C268(+233.44--11.51) B1076(+6481.93--31.60) P448(max0.000)] L4[||x||=6.00 C268(+278.32--11.92) B1076(+1041.80--46.58) P448(max0.000)] L7[||x||=6.00 C268(+1324.89--6.13) B1076(+10619.62--23.21) P448(max0.000)] | H=14.01/15 top3=232 235 234 
  [LOGIC] mlp=-969.6713 attn=-4.7089 div=33.9132
  [TIME] CE=134ms logic_reg=2347ms
  step   910/8000 (global=4910)  loss=8.9918  avg=7.4682  lr=0.000644  B=5  1937ms
  [WB] boundary=95/100  core_diff=2.3407  bin_diff=0.0587  ratio=39.85  prune_act=0.0000
  [WB] structure=10/16 (62%)  opp_sim=0.047
  [WB] BOUNDARY OK | CORE>BIN OK | PRUNE silent OK
  [LOGIC] mlp=-966.6923 attn=-4.7164 div=33.9136
  [TIME] CE=158ms logic_reg=2324ms
  step   920/8000 (global=4920)  loss=6.8533  avg=7.7078  lr=0.000643  B=6  1937ms
  [WB] boundary=95/100  core_diff=2.3509  bin_diff=0.0600  ratio=39.18  prune_act=0.0000
  [WB] structure=10/16 (62%)  opp_sim=0.048
  [WB] BOUNDARY OK | CORE>BIN OK | PRUNE silent OK
    [plan-I] step 2299 W_v approx_rank=17.4 (frob=10.60 max_row=0.61)
    [ortho] step 2299 L0 W_o off_diag=0.23 diag_dev=0.0679
    [plan-I] step 2299 W_v approx_rank=17.4 (frob=10.56 max_row=0.61)
    [ortho] step 2299 L1 W_o off_diag=0.22 diag_dev=0.0691
    [plan-I] step 2299 W_v approx_rank=17.4 (frob=10.67 max_row=0.61)
    [ortho] step 2299 L2 W_o off_diag=0.22 diag_dev=0.0694
    [plan-I] step 2299 W_v approx_rank=17.3 (frob=10.55 max_row=0.61)
    [ortho] step 2299 L3 W_o off_diag=0.22 diag_dev=0.0694
    [plan-I] step 2299 W_v approx_rank=17.1 (frob=10.43 max_row=0.61)
    [ortho] step 2299 L4 W_o off_diag=0.22 diag_dev=0.0704
    [plan-I] step 2299 W_v approx_rank=17.4 (frob=10.70 max_row=0.62)
    [ortho] step 2299 L5 W_o off_diag=0.22 diag_dev=0.0700
    [plan-I] step 2299 W_v approx_rank=17.1 (frob=10.49 max_row=0.61)
    [ortho] step 2299 L6 W_o off_diag=0.22 diag_dev=0.0694
    [plan-I] step 2299 W_v approx_rank=17.1 (frob=10.60 max_row=0.62)
    [ortho] step 2299 L7 W_o off_diag=0.23 diag_dev=0.0691
  [LOGIC] mlp=-966.7695 attn=-4.7236 div=33.9145
  [TIME] CE=159ms logic_reg=2566ms
  step   930/8000 (global=4930)  loss=9.5371  avg=7.7314  lr=0.000642  B=6  1937ms
  [WB] boundary=95/100  core_diff=2.3533  bin_diff=0.0609  ratio=38.64  prune_act=0.0000
  [WB] structure=10/16 (62%)  opp_sim=0.048
  [WB] BOUNDARY OK | CORE>BIN OK | PRUNE silent OK
  [LOGIC] mlp=-968.7446 attn=-4.7355 div=33.9151
  [TIME] CE=133ms logic_reg=2397ms
  step   940/8000 (global=4940)  loss=6.2693  avg=7.6702  lr=0.000641  B=5  1937ms
  [WB] boundary=95/100  core_diff=2.3608  bin_diff=0.0616  ratio=38.30  prune_act=0.0000
  [WB] structure=10/16 (62%)  opp_sim=0.049
  [WB] BOUNDARY OK | CORE>BIN OK | PRUNE silent OK
  [LOGIC] mlp=-968.5395 attn=-4.7393 div=33.9158
  [TIME] CE=109ms logic_reg=2322ms
  step   950/8000 (global=4950)  loss=7.8494  avg=7.5108  lr=0.000639  B=4  1937ms
  [WB] boundary=95/100  core_diff=2.3595  bin_diff=0.0617  ratio=38.25  prune_act=0.0000
  [WB] structure=10/16 (62%)  opp_sim=0.050
  [WB] BOUNDARY OK | CORE>BIN OK | PRUNE silent OK
[*] stateful inference started: window=9996, sinks=4, ctx=10240
[*] sliding window configured: W=9996, sinks=4 (effective context: 10000)
  [TRACE] "水": L0[||x||=6.12 C268(+230.79--14.30) B1076(+6616.79--27.90) P448(max0.000)] L4[||x||=6.00 C268(+268.54--12.09) B1076(+1076.40--44.87) P448(max0.000)] L7[||x||=6.00 C268(+1519.94--5.80) B1076(+11322.27--20.84) P448(max0.000)] | H=14.21/15 top3=232 235 32765 
  [LOGIC] mlp=-968.8318 attn=-4.7351 div=33.9170
  [TIME] CE=109ms logic_reg=2584ms
  step   960/8000 (global=4960)  loss=8.9880  avg=7.7390  lr=0.000638  B=4  1937ms
  [WB] boundary=95/100  core_diff=2.3561  bin_diff=0.0620  ratio=38.00  prune_act=0.0000
  [WB] structure=10/16 (62%)  opp_sim=0.050
  [WB] BOUNDARY OK | CORE>BIN OK | PRUNE silent OK
  [LOGIC] mlp=-966.6592 attn=-4.7343 div=33.9180
  [TIME] CE=157ms logic_reg=2320ms
  step   970/8000 (global=4970)  loss=5.7386  avg=7.6505  lr=0.000637  B=6  1937ms
  [WB] boundary=95/100  core_diff=2.3521  bin_diff=0.0623  ratio=37.73  prune_act=0.0000
  [WB] structure=10/16 (62%)  opp_sim=0.051
  [WB] BOUNDARY OK | CORE>BIN OK | PRUNE silent OK
    [plan-I] step 2349 W_v approx_rank=17.4 (frob=10.60 max_row=0.61)
    [ortho] step 2349 L0 W_o off_diag=0.23 diag_dev=0.0683
    [plan-I] step 2349 W_v approx_rank=17.4 (frob=10.56 max_row=0.61)
    [ortho] step 2349 L1 W_o off_diag=0.22 diag_dev=0.0699
    [plan-I] step 2349 W_v approx_rank=17.4 (frob=10.67 max_row=0.61)
    [ortho] step 2349 L2 W_o off_diag=0.22 diag_dev=0.0689
    [plan-I] step 2349 W_v approx_rank=17.3 (frob=10.55 max_row=0.61)
    [ortho] step 2349 L3 W_o off_diag=0.22 diag_dev=0.0694
    [plan-I] step 2349 W_v approx_rank=17.1 (frob=10.43 max_row=0.61)
    [ortho] step 2349 L4 W_o off_diag=0.22 diag_dev=0.0704
    [plan-I] step 2349 W_v approx_rank=17.4 (frob=10.70 max_row=0.62)
    [ortho] step 2349 L5 W_o off_diag=0.22 diag_dev=0.0702
    [plan-I] step 2349 W_v approx_rank=17.1 (frob=10.49 max_row=0.61)
    [ortho] step 2349 L6 W_o off_diag=0.22 diag_dev=0.0692
    [plan-I] step 2349 W_v approx_rank=17.1 (frob=10.60 max_row=0.62)
    [ortho] step 2349 L7 W_o off_diag=0.22 diag_dev=0.0697
  [LOGIC] mlp=-961.6793 attn=-4.7229 div=33.9194
  [TIME] CE=186ms logic_reg=2326ms
  step   980/8000 (global=4980)  loss=6.9082  avg=7.6421  lr=0.000636  B=7  1937ms
  [WB] boundary=95/100  core_diff=2.3481  bin_diff=0.0626  ratio=37.51  prune_act=0.0000
  [WB] structure=10/16 (62%)  opp_sim=0.051
  [WB] BOUNDARY OK | CORE>BIN OK | PRUNE silent OK
  [LOGIC] mlp=-957.9818 attn=-4.7027 div=33.9208
  [TIME] CE=185ms logic_reg=2524ms
  step   990/8000 (global=4990)  loss=4.5139  avg=7.5682  lr=0.000634  B=7  1937ms
  [WB] boundary=95/100  core_diff=2.3371  bin_diff=0.0619  ratio=37.74  prune_act=0.0000
  [WB] structure=10/16 (62%)  opp_sim=0.052
  [WB] BOUNDARY OK | CORE>BIN OK | PRUNE silent OK
  [LOGIC] mlp=-955.3423 attn=-4.6818 div=33.9223
  [TIME] CE=157ms logic_reg=2317ms
  step  1000/8000 (global=5000)  loss=7.5793  avg=7.4994  lr=0.000633  B=6  1936ms
  [WB] boundary=95/100  core_diff=2.3291  bin_diff=0.0618  ratio=37.69  prune_act=0.0000
  [WB] structure=10/16 (62%)  opp_sim=0.053
  [WB] BOUNDARY OK | CORE>BIN OK | PRUNE silent OK
[*] stateful inference started: window=9996, sinks=4, ctx=10240
[*] sliding window configured: W=9996, sinks=4 (effective context: 10000)
  [TRACE] "大": L0[||x||=5.99 C268(+195.57--13.68) B1076(+6760.96--28.76) P448(max0.000)] L4[||x||=6.00 C268(+294.02--12.00) B1076(+1163.44--45.04) P448(max0.000)] L7[||x||=6.00 C268(+1578.91--6.10) B1076(+11988.64--18.23) P448(max0.000)] | H=14.03/15 top3=32765 32351 32568 
  [LOGIC] mlp=-956.3104 attn=-4.6767 div=33.9229
  [TIME] CE=158ms logic_reg=2572ms
  step  1010/8000 (global=5010)  loss=5.1157  avg=7.4584  lr=0.000632  B=6  1937ms
  [WB] boundary=95/100  core_diff=2.3261  bin_diff=0.0617  ratio=37.69  prune_act=0.0000
  [WB] structure=10/16 (62%)  opp_sim=0.053
  [WB] BOUNDARY OK | CORE>BIN OK | PRUNE silent OK
  [LOGIC] mlp=-955.0986 attn=-4.6768 div=33.9238
  [TIME] CE=57ms logic_reg=2393ms
  step  1020/8000 (global=5020)  loss=9.2935  avg=7.4886  lr=0.000631  B=2  1936ms
  [WB] boundary=95/100  core_diff=2.3238  bin_diff=0.0617  ratio=37.67  prune_act=0.0000
  [WB] structure=10/16 (62%)  opp_sim=0.054
  [WB] BOUNDARY OK | CORE>BIN OK | PRUNE silent OK
    [plan-I] step 2399 W_v approx_rank=17.4 (frob=10.60 max_row=0.61)
    [ortho] step 2399 L0 W_o off_diag=0.23 diag_dev=0.0681
    [plan-I] step 2399 W_v approx_rank=17.4 (frob=10.56 max_row=0.61)
    [ortho] step 2399 L1 W_o off_diag=0.22 diag_dev=0.0697
    [plan-I] step 2399 W_v approx_rank=17.4 (frob=10.67 max_row=0.61)
    [ortho] step 2399 L2 W_o off_diag=0.22 diag_dev=0.0691
    [plan-I] step 2399 W_v approx_rank=17.3 (frob=10.55 max_row=0.61)
    [ortho] step 2399 L3 W_o off_diag=0.22 diag_dev=0.0692
    [plan-I] step 2399 W_v approx_rank=17.1 (frob=10.43 max_row=0.61)
    [ortho] step 2399 L4 W_o off_diag=0.22 diag_dev=0.0703
    [plan-I] step 2399 W_v approx_rank=17.4 (frob=10.70 max_row=0.62)
    [ortho] step 2399 L5 W_o off_diag=0.22 diag_dev=0.0700
    [plan-I] step 2399 W_v approx_rank=17.1 (frob=10.49 max_row=0.61)
    [ortho] step 2399 L6 W_o off_diag=0.22 diag_dev=0.0691
    [plan-I] step 2399 W_v approx_rank=17.1 (frob=10.60 max_row=0.62)
    [ortho] step 2399 L7 W_o off_diag=0.23 diag_dev=0.0689
  [LOGIC] mlp=-960.4383 attn=-4.7276 div=33.9238
  [TIME] CE=131ms logic_reg=2481ms
  step  1030/8000 (global=5030)  loss=4.1286  avg=7.3702  lr=0.000629  B=5  1936ms
  [WB] boundary=95/100  core_diff=2.3407  bin_diff=0.0632  ratio=37.02  prune_act=0.0000
  [WB] structure=10/16 (62%)  opp_sim=0.054
  [WB] BOUNDARY OK | CORE>BIN OK | PRUNE silent OK
  [LOGIC] mlp=-965.2454 attn=-4.7473 div=33.9241
  [TIME] CE=156ms logic_reg=2361ms
  step  1040/8000 (global=5040)  loss=7.3391  avg=7.2893  lr=0.000628  B=6  1936ms
  [WB] boundary=95/100  core_diff=2.3424  bin_diff=0.0633  ratio=36.99  prune_act=0.0000
  [WB] structure=10/16 (62%)  opp_sim=0.055
  [WB] BOUNDARY OK | CORE>BIN OK | PRUNE silent OK
  [LOGIC] mlp=-962.0576 attn=-4.7297 div=33.9252
  [TIME] CE=109ms logic_reg=2337ms
  step  1050/8000 (global=5050)  loss=7.7978  avg=7.2500  lr=0.000627  B=4  1936ms
  [WB] boundary=94/100  core_diff=2.3349  bin_diff=0.0631  ratio=36.98  prune_act=0.0000
  [WB] structure=10/16 (62%)  opp_sim=0.055
  [WB] BOUNDARY OK | CORE>BIN OK | PRUNE silent OK
[*] stateful inference started: window=9996, sinks=4, ctx=10240
[*] sliding window configured: W=9996, sinks=4 (effective context: 10000)
  [TRACE] "小": L0[||x||=6.28 C268(+210.52--14.85) B1076(+6968.79--27.45) P448(max0.000)] L4[||x||=6.00 C268(+308.56--12.03) B1076(+1199.90--44.82) P448(max0.000)] L7[||x||=6.00 C268(+1619.65--5.63) B1076(+12513.11--16.73) P448(max0.000)] | H=13.91/15 top3=32765 32609 235 
  [LOGIC] mlp=-962.2797 attn=-4.7239 div=33.9263
  [TIME] CE=133ms logic_reg=2322ms
  step  1060/8000 (global=5060)  loss=6.3389  avg=7.3247  lr=0.000625  B=5  1936ms
  [WB] boundary=94/100  core_diff=2.3338  bin_diff=0.0636  ratio=36.68  prune_act=0.0000
  [WB] structure=10/16 (62%)  opp_sim=0.056
  [WB] BOUNDARY OK | CORE>BIN OK | PRUNE silent OK
  [LOGIC] mlp=-957.2784 attn=-4.7105 div=33.9273
  [TIME] CE=157ms logic_reg=2375ms
  step  1070/8000 (global=5070)  loss=10.5662  avg=7.3016  lr=0.000624  B=6  1936ms
  [WB] boundary=94/100  core_diff=2.3307  bin_diff=0.0638  ratio=36.51  prune_act=0.0000
  [WB] structure=10/16 (62%)  opp_sim=0.056
  [WB] BOUNDARY OK | CORE>BIN OK | PRUNE silent OK
    [plan-I] step 2449 W_v approx_rank=17.4 (frob=10.60 max_row=0.61)
    [ortho] step 2449 L0 W_o off_diag=0.22 diag_dev=0.0698
    [plan-I] step 2449 W_v approx_rank=17.4 (frob=10.56 max_row=0.61)
    [ortho] step 2449 L1 W_o off_diag=0.21 diag_dev=0.0707
    [plan-I] step 2449 W_v approx_rank=17.4 (frob=10.67 max_row=0.61)
    [ortho] step 2449 L2 W_o off_diag=0.22 diag_dev=0.0700
    [plan-I] step 2449 W_v approx_rank=17.3 (frob=10.55 max_row=0.61)
    [ortho] step 2449 L3 W_o off_diag=0.22 diag_dev=0.0696
    [plan-I] step 2449 W_v approx_rank=17.1 (frob=10.43 max_row=0.61)
    [ortho] step 2449 L4 W_o off_diag=0.21 diag_dev=0.0707
    [plan-I] step 2449 W_v approx_rank=17.4 (frob=10.70 max_row=0.62)
    [ortho] step 2449 L5 W_o off_diag=0.22 diag_dev=0.0707
    [plan-I] step 2449 W_v approx_rank=17.1 (frob=10.49 max_row=0.61)
    [ortho] step 2449 L6 W_o off_diag=0.22 diag_dev=0.0703
    [plan-I] step 2449 W_v approx_rank=17.1 (frob=10.60 max_row=0.62)
    [ortho] step 2449 L7 W_o off_diag=0.22 diag_dev=0.0700
  [LOGIC] mlp=-960.8463 attn=-4.7226 div=33.9273
  [TIME] CE=130ms logic_reg=2331ms
  step  1080/8000 (global=5080)  loss=6.9111  avg=7.3867  lr=0.000623  B=5  1936ms
  [WB] boundary=94/100  core_diff=2.3359  bin_diff=0.0645  ratio=36.19  prune_act=0.0000
  [WB] structure=10/16 (62%)  opp_sim=0.057
  [WB] BOUNDARY OK | CORE>BIN OK | PRUNE silent OK
  [LOGIC] mlp=-962.7285 attn=-4.7354 div=33.9277
  [TIME] CE=136ms logic_reg=2331ms
  step  1090/8000 (global=5090)  loss=7.7072  avg=7.6769  lr=0.000622  B=5  1936ms
  [WB] boundary=94/100  core_diff=2.3406  bin_diff=0.0648  ratio=36.10  prune_act=0.0000
  [WB] structure=10/16 (62%)  opp_sim=0.057
  [WB] BOUNDARY OK | CORE>BIN OK | PRUNE silent OK
  [LOGIC] mlp=-965.6303 attn=-4.7477 div=33.9277
  [TIME] CE=231ms logic_reg=2431ms
  step  1100/8000 (global=5100)  loss=8.9327  avg=7.7997  lr=0.000620  B=6  1936ms
  [WB] boundary=94/100  core_diff=2.3431  bin_diff=0.0652  ratio=35.96  prune_act=0.0000
  [WB] structure=10/16 (62%)  opp_sim=0.058
  [WB] BOUNDARY OK | CORE>BIN OK | PRUNE silent OK
[*] stateful inference started: window=9996, sinks=4, ctx=10240
[*] sliding window configured: W=9996, sinks=4 (effective context: 10000)
  [TRACE] "热": L0[||x||=6.33 C268(+202.45--14.24) B1076(+6989.99--27.57) P448(max0.000)] L4[||x||=6.00 C268(+337.66--11.28) B1076(+1234.83--44.47) P448(max0.000)] L7[||x||=6.00 C268(+1622.33--5.30) B1076(+12768.56--14.98) P448(max0.000)] | H=13.62/15 top3=32609 32765 32351 
  [LOGIC] mlp=-967.6949 attn=-4.7470 div=33.9283
  [TIME] CE=184ms logic_reg=2406ms
  step  1110/8000 (global=5110)  loss=4.6782  avg=7.7564  lr=0.000619  B=7  1936ms
  [WB] boundary=94/100  core_diff=2.3383  bin_diff=0.0653  ratio=35.83  prune_act=0.0000
  [WB] structure=10/16 (62%)  opp_sim=0.058
  [WB] BOUNDARY OK | CORE>BIN OK | PRUNE silent OK
  [LOGIC] mlp=-970.3790 attn=-4.7491 div=33.9285
  [TIME] CE=159ms logic_reg=2332ms
  step  1120/8000 (global=5120)  loss=7.4277  avg=7.7483  lr=0.000618  B=6  1936ms
  [WB] boundary=94/100  core_diff=2.3392  bin_diff=0.0653  ratio=35.83  prune_act=0.0000
  [WB] structure=10/16 (62%)  opp_sim=0.059
  [WB] BOUNDARY OK | CORE>BIN OK | PRUNE silent OK
    [plan-I] step 2499 W_v approx_rank=17.4 (frob=10.60 max_row=0.61)
    [ortho] step 2499 L0 W_o off_diag=0.22 diag_dev=0.0700
    [plan-I] step 2499 W_v approx_rank=17.4 (frob=10.56 max_row=0.61)
    [ortho] step 2499 L1 W_o off_diag=0.21 diag_dev=0.0710
    [plan-I] step 2499 W_v approx_rank=17.4 (frob=10.67 max_row=0.61)
    [ortho] step 2499 L2 W_o off_diag=0.22 diag_dev=0.0703
    [plan-I] step 2499 W_v approx_rank=17.3 (frob=10.55 max_row=0.61)
    [ortho] step 2499 L3 W_o off_diag=0.22 diag_dev=0.0706
    [plan-I] step 2499 W_v approx_rank=17.1 (frob=10.43 max_row=0.61)
    [ortho] step 2499 L4 W_o off_diag=0.21 diag_dev=0.0713
    [plan-I] step 2499 W_v approx_rank=17.4 (frob=10.70 max_row=0.62)
    [ortho] step 2499 L5 W_o off_diag=0.22 diag_dev=0.0709
    [plan-I] step 2499 W_v approx_rank=17.1 (frob=10.49 max_row=0.61)
    [ortho] step 2499 L6 W_o off_diag=0.22 diag_dev=0.0701
    [plan-I] step 2499 W_v approx_rank=17.1 (frob=10.60 max_row=0.62)
    [ortho] step 2499 L7 W_o off_diag=0.22 diag_dev=0.0705
  [LOGIC] mlp=-973.6207 attn=-4.7687 div=33.9283
  [TIME] CE=159ms logic_reg=2323ms
  step  1130/8000 (global=5130)  loss=8.8294  avg=7.8512  lr=0.000617  B=6  1936ms
  [WB] boundary=94/100  core_diff=2.3453  bin_diff=0.0656  ratio=35.75  prune_act=0.0000
  [WB] structure=10/16 (62%)  opp_sim=0.059
  [WB] BOUNDARY OK | CORE>BIN OK | PRUNE silent OK
  [LOGIC] mlp=-977.5704 attn=-4.7884 div=33.9278
  [TIME] CE=145ms logic_reg=2378ms
  step  1140/8000 (global=5140)  loss=6.0464  avg=7.6821  lr=0.000615  B=3  1935ms
  [WB] boundary=94/100  core_diff=2.3546  bin_diff=0.0663  ratio=35.51  prune_act=0.0000
  [WB] structure=10/16 (62%)  opp_sim=0.059
  [WB] BOUNDARY OK | CORE>BIN OK | PRUNE silent OK
  [LOGIC] mlp=-983.6257 attn=-4.8161 div=33.9274
  [TIME] CE=123ms logic_reg=2325ms
  step  1150/8000 (global=5150)  loss=5.9466  avg=7.4500  lr=0.000614  B=4  1935ms
  [WB] boundary=94/100  core_diff=2.3606  bin_diff=0.0658  ratio=35.88  prune_act=0.0000
  [WB] structure=10/16 (62%)  opp_sim=0.060
  [WB] BOUNDARY OK | CORE>BIN OK | PRUNE silent OK
[*] stateful inference started: window=9996, sinks=4, ctx=10240
[*] sliding window configured: W=9996, sinks=4 (effective context: 10000)
  [TRACE] "冷": L0[||x||=6.36 C268(+202.67--14.12) B1076(+7017.62--28.15) P448(max0.000)] L4[||x||=6.00 C268(+357.78--10.50) B1076(+1210.44--44.93) P448(max0.000)] L7[||x||=6.00 C268(+1460.19--5.41) B1076(+12280.63--15.15) P448(max0.000)] | H=12.88/15 top3=32765 32609 31865 
  [LOGIC] mlp=-987.5475 attn=-4.8326 div=33.9273
  [TIME] CE=134ms logic_reg=2410ms
  step  1160/8000 (global=5160)  loss=8.1131  avg=7.4554  lr=0.000613  B=5  1935ms
  [WB] boundary=94/100  core_diff=2.3637  bin_diff=0.0654  ratio=36.14  prune_act=0.0000
  [WB] structure=10/16 (62%)  opp_sim=0.060
  [WB] BOUNDARY OK | CORE>BIN OK | PRUNE silent OK
  [LOGIC] mlp=-991.5811 attn=-4.8534 div=33.9272
  [TIME] CE=193ms logic_reg=2338ms
  step  1170/8000 (global=5170)  loss=4.4887  avg=7.5314  lr=0.000611  B=7  1935ms
  [WB] boundary=94/100  core_diff=2.3678  bin_diff=0.0655  ratio=36.17  prune_act=0.0000
  [WB] structure=10/16 (62%)  opp_sim=0.060
  [WB] BOUNDARY OK | CORE>BIN OK | PRUNE silent OK
    [plan-I] step 2549 W_v approx_rank=17.4 (frob=10.60 max_row=0.61)
    [ortho] step 2549 L0 W_o off_diag=0.24 diag_dev=0.0673
    [plan-I] step 2549 W_v approx_rank=17.4 (frob=10.56 max_row=0.61)
    [ortho] step 2549 L1 W_o off_diag=0.22 diag_dev=0.0695
    [plan-I] step 2549 W_v approx_rank=17.4 (frob=10.67 max_row=0.61)
    [ortho] step 2549 L2 W_o off_diag=0.22 diag_dev=0.0691
    [plan-I] step 2549 W_v approx_rank=17.3 (frob=10.55 max_row=0.61)
    [ortho] step 2549 L3 W_o off_diag=0.22 diag_dev=0.0698
    [plan-I] step 2549 W_v approx_rank=17.1 (frob=10.43 max_row=0.61)
    [ortho] step 2549 L4 W_o off_diag=0.22 diag_dev=0.0704
    [plan-I] step 2549 W_v approx_rank=17.4 (frob=10.70 max_row=0.62)
    [ortho] step 2549 L5 W_o off_diag=0.22 diag_dev=0.0705
    [plan-I] step 2549 W_v approx_rank=17.1 (frob=10.49 max_row=0.61)
    [ortho] step 2549 L6 W_o off_diag=0.22 diag_dev=0.0694
    [plan-I] step 2549 W_v approx_rank=17.1 (frob=10.60 max_row=0.62)
    [ortho] step 2549 L7 W_o off_diag=0.22 diag_dev=0.0698
  [LOGIC] mlp=-993.9767 attn=-4.8611 div=33.9279
  [TIME] CE=137ms logic_reg=2331ms
  step  1180/8000 (global=5180)  loss=8.9762  avg=7.4786  lr=0.000610  B=5  1935ms
  [WB] boundary=94/100  core_diff=2.3691  bin_diff=0.0657  ratio=36.03  prune_act=0.0000
  [WB] structure=10/16 (62%)  opp_sim=0.061
  [WB] BOUNDARY OK | CORE>BIN OK | PRUNE silent OK
  [LOGIC] mlp=-993.5855 attn=-4.8569 div=33.9284
  [TIME] CE=161ms logic_reg=2322ms
  step  1190/8000 (global=5190)  loss=9.2767  avg=7.6171  lr=0.000609  B=6  1935ms
  [WB] boundary=94/100  core_diff=2.3700  bin_diff=0.0663  ratio=35.76  prune_act=0.0000
  [WB] structure=10/16 (62%)  opp_sim=0.061
  [WB] BOUNDARY OK | CORE>BIN OK | PRUNE silent OK
  [LOGIC] mlp=-995.5566 attn=-4.8519 div=33.9290
  [TIME] CE=186ms logic_reg=2335ms
  step  1200/8000 (global=5200)  loss=5.0949  avg=7.4692  lr=0.000608  B=7  1935ms
  [WB] boundary=94/100  core_diff=2.3610  bin_diff=0.0654  ratio=36.09  prune_act=0.0000
  [WB] structure=10/16 (62%)  opp_sim=0.061
  [WB] BOUNDARY OK | CORE>BIN OK | PRUNE silent OK
[*] stateful inference started: window=9996, sinks=4, ctx=10240
[*] sliding window configured: W=9996, sinks=4 (effective context: 10000)
  [TRACE] "火": L0[||x||=6.35 C268(+205.53--12.39) B1076(+7091.30--27.77) P448(max0.000)] L4[||x||=6.00 C268(+377.49--10.39) B1076(+1205.07--44.77) P448(max0.000)] L7[||x||=6.00 C268(+1326.50--5.85) B1076(+11846.98--14.70) P448(max0.000)] | H=13.44/15 top3=32765 32609 31930 
  [LOGIC] mlp=-994.3397 attn=-4.8269 div=33.9302
  [TIME] CE=144ms logic_reg=2428ms
  step  1210/8000 (global=5210)  loss=2.5031  avg=7.3331  lr=0.000606  B=5  1935ms
  [WB] boundary=94/100  core_diff=2.3461  bin_diff=0.0643  ratio=36.50  prune_act=0.0000
  [WB] structure=10/16 (62%)  opp_sim=0.062
  [WB] BOUNDARY OK | CORE>BIN OK | PRUNE silent OK
  [LOGIC] mlp=-995.1209 attn=-4.8179 div=33.9303
  [TIME] CE=135ms logic_reg=2376ms
  step  1220/8000 (global=5220)  loss=9.7812  avg=7.3505  lr=0.000605  B=5  1935ms
  [WB] boundary=94/100  core_diff=2.3425  bin_diff=0.0633  ratio=37.00  prune_act=0.0000
  [WB] structure=10/16 (62%)  opp_sim=0.062
  [WB] BOUNDARY OK | CORE>BIN OK | PRUNE silent OK
    [plan-I] step 2599 W_v approx_rank=17.4 (frob=10.60 max_row=0.61)
    [ortho] step 2599 L0 W_o off_diag=0.23 diag_dev=0.0686
    [plan-I] step 2599 W_v approx_rank=17.4 (frob=10.56 max_row=0.61)
    [ortho] step 2599 L1 W_o off_diag=0.21 diag_dev=0.0707
    [plan-I] step 2599 W_v approx_rank=17.4 (frob=10.67 max_row=0.61)
    [ortho] step 2599 L2 W_o off_diag=0.22 diag_dev=0.0700
    [plan-I] step 2599 W_v approx_rank=17.3 (frob=10.55 max_row=0.61)
    [ortho] step 2599 L3 W_o off_diag=0.22 diag_dev=0.0699
    [plan-I] step 2599 W_v approx_rank=17.1 (frob=10.43 max_row=0.61)
    [ortho] step 2599 L4 W_o off_diag=0.21 diag_dev=0.0707
    [plan-I] step 2599 W_v approx_rank=17.4 (frob=10.70 max_row=0.62)
    [ortho] step 2599 L5 W_o off_diag=0.21 diag_dev=0.0708
    [plan-I] step 2599 W_v approx_rank=17.1 (frob=10.49 max_row=0.61)
    [ortho] step 2599 L6 W_o off_diag=0.22 diag_dev=0.0703
    [plan-I] step 2599 W_v approx_rank=17.1 (frob=10.60 max_row=0.62)
    [ortho] step 2599 L7 W_o off_diag=0.22 diag_dev=0.0701
  [LOGIC] mlp=-995.5143 attn=-4.8109 div=33.9306
  [TIME] CE=84ms logic_reg=2322ms
  step  1230/8000 (global=5230)  loss=5.4640  avg=7.1952  lr=0.000604  B=3  1934ms
  [WB] boundary=94/100  core_diff=2.3392  bin_diff=0.0630  ratio=37.12  prune_act=0.0000
  [WB] structure=10/16 (62%)  opp_sim=0.062
  [WB] BOUNDARY OK | CORE>BIN OK | PRUNE silent OK
  [LOGIC] mlp=-997.8173 attn=-4.8205 div=33.9309
  [TIME] CE=109ms logic_reg=2368ms
  step  1240/8000 (global=5240)  loss=7.8367  avg=7.1354  lr=0.000602  B=4  1934ms
  [WB] boundary=94/100  core_diff=2.3363  bin_diff=0.0626  ratio=37.33  prune_act=0.0000
  [WB] structure=10/16 (62%)  opp_sim=0.062
  [WB] BOUNDARY OK | CORE>BIN OK | PRUNE silent OK
  [LOGIC] mlp=-999.7209 attn=-4.8247 div=33.9311
  [TIME] CE=187ms logic_reg=2327ms
  step  1250/8000 (global=5250)  loss=7.3432  avg=7.1112  lr=0.000601  B=7  1934ms
  [WB] boundary=94/100  core_diff=2.3364  bin_diff=0.0619  ratio=37.76  prune_act=0.0000
  [WB] structure=10/16 (62%)  opp_sim=0.063
  [WB] BOUNDARY OK | CORE>BIN OK | PRUNE silent OK
[*] stateful inference started: window=9996, sinks=4, ctx=10240
[*] sliding window configured: W=9996, sinks=4 (effective context: 10000)
  [TRACE] "水": L0[||x||=6.77 C268(+228.09--14.45) B1076(+7231.42--25.41) P448(max0.000)] L4[||x||=6.00 C268(+319.63--11.32) B1076(+1246.60--44.02) P448(max0.000)] L7[||x||=6.00 C268(+1399.29--5.25) B1076(+11820.75--14.16) P448(max0.000)] | H=13.24/15 top3=32765 32609 232 
  [LOGIC] mlp=-1002.3107 attn=-4.8291 div=33.9315
  [TIME] CE=110ms logic_reg=2321ms
  step  1260/8000 (global=5260)  loss=8.4699  avg=7.1646  lr=0.000600  B=4  1934ms
  [WB] boundary=94/100  core_diff=2.3329  bin_diff=0.0611  ratio=38.19  prune_act=0.0000
  [WB] structure=10/16 (62%)  opp_sim=0.063
  [WB] BOUNDARY OK | CORE>BIN OK | PRUNE silent OK
  [LOGIC] mlp=-1004.7153 attn=-4.8382 div=33.9321
  [TIME] CE=134ms logic_reg=2327ms
  step  1270/8000 (global=5270)  loss=5.7809  avg=7.3945  lr=0.000599  B=5  1934ms
  [WB] boundary=94/100  core_diff=2.3327  bin_diff=0.0608  ratio=38.38  prune_act=0.0000
  [WB] structure=10/16 (62%)  opp_sim=0.063
  [WB] BOUNDARY OK | CORE>BIN OK | PRUNE silent OK
    [plan-I] step 2649 W_v approx_rank=17.4 (frob=10.60 max_row=0.61)
    [ortho] step 2649 L0 W_o off_diag=0.23 diag_dev=0.0683
    [plan-I] step 2649 W_v approx_rank=17.4 (frob=10.56 max_row=0.61)
    [ortho] step 2649 L1 W_o off_diag=0.22 diag_dev=0.0701
    [plan-I] step 2649 W_v approx_rank=17.4 (frob=10.67 max_row=0.61)
    [ortho] step 2649 L2 W_o off_diag=0.22 diag_dev=0.0695
    [plan-I] step 2649 W_v approx_rank=17.3 (frob=10.55 max_row=0.61)
    [ortho] step 2649 L3 W_o off_diag=0.22 diag_dev=0.0703
    [plan-I] step 2649 W_v approx_rank=17.1 (frob=10.43 max_row=0.61)
    [ortho] step 2649 L4 W_o off_diag=0.22 diag_dev=0.0707
    [plan-I] step 2649 W_v approx_rank=17.4 (frob=10.70 max_row=0.62)
    [ortho] step 2649 L5 W_o off_diag=0.22 diag_dev=0.0708
    [plan-I] step 2649 W_v approx_rank=17.1 (frob=10.49 max_row=0.61)
    [ortho] step 2649 L6 W_o off_diag=0.22 diag_dev=0.0698
    [plan-I] step 2649 W_v approx_rank=17.1 (frob=10.60 max_row=0.62)
    [ortho] step 2649 L7 W_o off_diag=0.22 diag_dev=0.0713
  [LOGIC] mlp=-1008.6424 attn=-4.8529 div=33.9318
  [TIME] CE=137ms logic_reg=2331ms
  step  1280/8000 (global=5280)  loss=7.2161  avg=7.5901  lr=0.000597  B=5  1934ms
  [WB] boundary=94/100  core_diff=2.3359  bin_diff=0.0605  ratio=38.59  prune_act=0.0000
  [WB] structure=10/16 (62%)  opp_sim=0.063
  [WB] BOUNDARY OK | CORE>BIN OK | PRUNE silent OK
  [LOGIC] mlp=-1007.8577 attn=-4.8468 div=33.9327
  [TIME] CE=133ms logic_reg=2451ms
  step  1290/8000 (global=5290)  loss=6.2470  avg=7.5544  lr=0.000596  B=5  1934ms
  [WB] boundary=94/100  core_diff=2.3328  bin_diff=0.0600  ratio=38.89  prune_act=0.0000
  [WB] structure=10/16 (62%)  opp_sim=0.063
  [WB] BOUNDARY OK | CORE>BIN OK | PRUNE silent OK
  [LOGIC] mlp=-1010.7012 attn=-4.8522 div=33.9329
  [TIME] CE=108ms logic_reg=2363ms
  step  1300/8000 (global=5300)  loss=7.3704  avg=7.6991  lr=0.000595  B=4  1934ms
  [WB] boundary=94/100  core_diff=2.3354  bin_diff=0.0600  ratio=38.93  prune_act=0.0000
  [WB] structure=10/16 (62%)  opp_sim=0.063
  [WB] BOUNDARY OK | CORE>BIN OK | PRUNE silent OK
[*] stateful inference started: window=9996, sinks=4, ctx=10240
[*] sliding window configured: W=9996, sinks=4 (effective context: 10000)
  [TRACE] "大": L0[||x||=6.42 C268(+138.24--12.43) B1076(+7054.55--27.74) P448(max0.000)] L4[||x||=6.00 C268(+338.73--10.75) B1076(+1229.88--44.60) P448(max0.000)] L7[||x||=6.00 C268(+1190.30--6.06) B1076(+11233.97--14.78) P448(max0.000)] | H=13.82/15 top3=32765 32609 232 
  [LOGIC] mlp=-1012.8948 attn=-4.8661 div=33.9331
  [TIME] CE=134ms logic_reg=2361ms
  step  1310/8000 (global=5310)  loss=8.5569  avg=7.6629  lr=0.000593  B=5  1933ms
  [WB] boundary=94/100  core_diff=2.3386  bin_diff=0.0603  ratio=38.77  prune_act=0.0000
  [WB] structure=10/16 (62%)  opp_sim=0.063
  [WB] BOUNDARY OK | CORE>BIN OK | PRUNE silent OK
  [LOGIC] mlp=-1013.7884 attn=-4.8615 div=33.9341
  [TIME] CE=159ms logic_reg=2518ms
  step  1320/8000 (global=5320)  loss=6.9547  avg=7.4827  lr=0.000592  B=6  1933ms
  [WB] boundary=94/100  core_diff=2.3344  bin_diff=0.0600  ratio=38.89  prune_act=0.0000
  [WB] structure=10/16 (62%)  opp_sim=0.063
  [WB] BOUNDARY OK | CORE>BIN OK | PRUNE silent OK
    [plan-I] step 2699 W_v approx_rank=17.4 (frob=10.60 max_row=0.61)
    [ortho] step 2699 L0 W_o off_diag=0.22 diag_dev=0.0698
    [plan-I] step 2699 W_v approx_rank=17.4 (frob=10.56 max_row=0.61)
    [ortho] step 2699 L1 W_o off_diag=0.22 diag_dev=0.0702
    [plan-I] step 2699 W_v approx_rank=17.4 (frob=10.67 max_row=0.61)
    [ortho] step 2699 L2 W_o off_diag=0.22 diag_dev=0.0695
    [plan-I] step 2699 W_v approx_rank=17.3 (frob=10.55 max_row=0.61)
    [ortho] step 2699 L3 W_o off_diag=0.22 diag_dev=0.0697
    [plan-I] step 2699 W_v approx_rank=17.1 (frob=10.43 max_row=0.61)
    [ortho] step 2699 L4 W_o off_diag=0.22 diag_dev=0.0706
    [plan-I] step 2699 W_v approx_rank=17.4 (frob=10.70 max_row=0.62)
    [ortho] step 2699 L5 W_o off_diag=0.22 diag_dev=0.0703
    [plan-I] step 2699 W_v approx_rank=17.1 (frob=10.49 max_row=0.61)
    [ortho] step 2699 L6 W_o off_diag=0.22 diag_dev=0.0697
    [plan-I] step 2699 W_v approx_rank=17.1 (frob=10.60 max_row=0.62)
    [ortho] step 2699 L7 W_o off_diag=0.22 diag_dev=0.0702
  [LOGIC] mlp=-1016.0192 attn=-4.8715 div=33.9342
  [TIME] CE=83ms logic_reg=2350ms
  step  1330/8000 (global=5330)  loss=6.8737  avg=7.3136  lr=0.000591  B=3  1933ms
  [WB] boundary=94/100  core_diff=2.3390  bin_diff=0.0605  ratio=38.69  prune_act=0.0000
  [WB] structure=10/16 (62%)  opp_sim=0.063
  [WB] BOUNDARY OK | CORE>BIN OK | PRUNE silent OK
  [LOGIC] mlp=-1017.0468 attn=-4.8728 div=33.9352
  [TIME] CE=137ms logic_reg=2330ms
  step  1340/8000 (global=5340)  loss=7.0700  avg=7.2793  lr=0.000590  B=5  1933ms
  [WB] boundary=94/100  core_diff=2.3362  bin_diff=0.0604  ratio=38.67  prune_act=0.0000
  [WB] structure=10/16 (62%)  opp_sim=0.063
  [WB] BOUNDARY OK | CORE>BIN OK | PRUNE silent OK
  [LOGIC] mlp=-1016.3243 attn=-4.8629 div=33.9358
  [TIME] CE=134ms logic_reg=2327ms
  step  1350/8000 (global=5350)  loss=7.7732  avg=7.4217  lr=0.000588  B=5  1932ms
  [WB] boundary=94/100  core_diff=2.3351  bin_diff=0.0607  ratio=38.50  prune_act=0.0000
  [WB] structure=10/16 (62%)  opp_sim=0.063
  [WB] BOUNDARY OK | CORE>BIN OK | PRUNE silent OK
[*] stateful inference started: window=9996, sinks=4, ctx=10240
[*] sliding window configured: W=9996, sinks=4 (effective context: 10000)
  [TRACE] "小": L0[||x||=6.79 C268(+188.53--14.51) B1076(+7296.92--26.22) P448(max0.000)] L4[||x||=6.00 C268(+334.49--11.88) B1076(+1329.02--44.41) P448(max0.000)] L7[||x||=6.00 C268(+1323.90--6.15) B1076(+11822.85--13.75) P448(max0.000)] | H=13.45/15 top3=32765 32609 168 
  [LOGIC] mlp=-1016.8223 attn=-4.8552 div=33.9364
  [TIME] CE=157ms logic_reg=2327ms
  step  1360/8000 (global=5360)  loss=7.5618  avg=7.3915  lr=0.000587  B=6  1932ms
  [WB] boundary=94/100  core_diff=2.3329  bin_diff=0.0608  ratio=38.38  prune_act=0.0000
  [WB] structure=10/16 (62%)  opp_sim=0.064
  [WB] BOUNDARY OK | CORE>BIN OK | PRUNE silent OK
  [LOGIC] mlp=-1016.6681 attn=-4.8475 div=33.9372
  [TIME] CE=134ms logic_reg=2337ms
  step  1370/8000 (global=5370)  loss=8.0030  avg=7.5077  lr=0.000586  B=5  1932ms
  [WB] boundary=94/100  core_diff=2.3284  bin_diff=0.0609  ratio=38.21  prune_act=0.0000
  [WB] structure=10/16 (62%)  opp_sim=0.064
  [WB] BOUNDARY OK | CORE>BIN OK | PRUNE silent OK
    [plan-I] step 2749 W_v approx_rank=17.4 (frob=10.60 max_row=0.61)
    [ortho] step 2749 L0 W_o off_diag=0.22 diag_dev=0.0690
    [plan-I] step 2749 W_v approx_rank=17.4 (frob=10.56 max_row=0.61)
    [ortho] step 2749 L1 W_o off_diag=0.22 diag_dev=0.0702
    [plan-I] step 2749 W_v approx_rank=17.4 (frob=10.67 max_row=0.61)
    [ortho] step 2749 L2 W_o off_diag=0.22 diag_dev=0.0694
    [plan-I] step 2749 W_v approx_rank=17.3 (frob=10.55 max_row=0.61)
    [ortho] step 2749 L3 W_o off_diag=0.22 diag_dev=0.0699
    [plan-I] step 2749 W_v approx_rank=17.1 (frob=10.43 max_row=0.61)
    [ortho] step 2749 L4 W_o off_diag=0.22 diag_dev=0.0706
    [plan-I] step 2749 W_v approx_rank=17.4 (frob=10.70 max_row=0.62)
    [ortho] step 2749 L5 W_o off_diag=0.22 diag_dev=0.0705
    [plan-I] step 2749 W_v approx_rank=17.1 (frob=10.49 max_row=0.61)
    [ortho] step 2749 L6 W_o off_diag=0.22 diag_dev=0.0699
    [plan-I] step 2749 W_v approx_rank=17.1 (frob=10.60 max_row=0.62)
    [ortho] step 2749 L7 W_o off_diag=0.22 diag_dev=0.0708
  [LOGIC] mlp=-1018.3190 attn=-4.8568 div=33.9374
  [TIME] CE=182ms logic_reg=2397ms
  step  1380/8000 (global=5380)  loss=5.1219  avg=7.5588  lr=0.000584  B=7  1932ms
  [WB] boundary=94/100  core_diff=2.3301  bin_diff=0.0609  ratio=38.28  prune_act=0.0000
  [WB] structure=10/16 (62%)  opp_sim=0.064
  [WB] BOUNDARY OK | CORE>BIN OK | PRUNE silent OK
  [LOGIC] mlp=-1019.5976 attn=-4.8656 div=33.9373
  [TIME] CE=133ms logic_reg=2321ms
  step  1390/8000 (global=5390)  loss=7.0777  avg=7.5859  lr=0.000583  B=5  1932ms
  [WB] boundary=94/100  core_diff=2.3321  bin_diff=0.0610  ratio=38.25  prune_act=0.0000
  [WB] structure=10/16 (62%)  opp_sim=0.064
  [WB] BOUNDARY OK | CORE>BIN OK | PRUNE silent OK
  [LOGIC] mlp=-1021.4342 attn=-4.8652 div=33.9370
  [TIME] CE=186ms logic_reg=2321ms
  step  1400/8000 (global=5400)  loss=6.0710  avg=7.6080  lr=0.000582  B=7  1932ms
  [WB] boundary=94/100  core_diff=2.3355  bin_diff=0.0611  ratio=38.24  prune_act=0.0000
  [WB] structure=10/16 (62%)  opp_sim=0.064
  [WB] BOUNDARY OK | CORE>BIN OK | PRUNE silent OK
[*] stateful inference started: window=9996, sinks=4, ctx=10240
[*] sliding window configured: W=9996, sinks=4 (effective context: 10000)
  [TRACE] "热": L0[||x||=6.85 C268(+182.74--13.83) B1076(+7306.98--26.06) P448(max0.000)] L4[||x||=6.00 C268(+367.66--10.74) B1076(+1327.57--44.66) P448(max0.000)] L7[||x||=6.00 C268(+1160.56--5.76) B1076(+11542.01--13.64) P448(max0.000)] | H=13.45/15 top3=32609 32765 235 
  [LOGIC] mlp=-1023.9760 attn=-4.8710 div=33.9369
  [TIME] CE=107ms logic_reg=2433ms
  step  1410/8000 (global=5410)  loss=7.9324  avg=7.5274  lr=0.000580  B=4  1932ms
  [WB] boundary=94/100  core_diff=2.3378  bin_diff=0.0613  ratio=38.17  prune_act=0.0000
  [WB] structure=10/16 (62%)  opp_sim=0.064
  [WB] BOUNDARY OK | CORE>BIN OK | PRUNE silent OK
  [LOGIC] mlp=-1024.3887 attn=-4.8704 div=33.9377
  [TIME] CE=109ms logic_reg=2323ms
  step  1420/8000 (global=5420)  loss=7.4317  avg=7.3451  lr=0.000579  B=4  1932ms
  [WB] boundary=94/100  core_diff=2.3351  bin_diff=0.0613  ratio=38.11  prune_act=0.0000
  [WB] structure=10/16 (62%)  opp_sim=0.064
  [WB] BOUNDARY OK | CORE>BIN OK | PRUNE silent OK
    [plan-I] step 2799 W_v approx_rank=17.4 (frob=10.60 max_row=0.61)
    [ortho] step 2799 L0 W_o off_diag=0.23 diag_dev=0.0682
    [plan-I] step 2799 W_v approx_rank=17.4 (frob=10.56 max_row=0.61)
    [ortho] step 2799 L1 W_o off_diag=0.22 diag_dev=0.0698
    [plan-I] step 2799 W_v approx_rank=17.4 (frob=10.67 max_row=0.61)
    [ortho] step 2799 L2 W_o off_diag=0.22 diag_dev=0.0691
    [plan-I] step 2799 W_v approx_rank=17.3 (frob=10.55 max_row=0.61)
    [ortho] step 2799 L3 W_o off_diag=0.22 diag_dev=0.0694
    [plan-I] step 2799 W_v approx_rank=17.1 (frob=10.43 max_row=0.61)
    [ortho] step 2799 L4 W_o off_diag=0.22 diag_dev=0.0702
    [plan-I] step 2799 W_v approx_rank=17.4 (frob=10.70 max_row=0.62)
    [ortho] step 2799 L5 W_o off_diag=0.22 diag_dev=0.0701
    [plan-I] step 2799 W_v approx_rank=17.1 (frob=10.49 max_row=0.61)
    [ortho] step 2799 L6 W_o off_diag=0.22 diag_dev=0.0696
    [plan-I] step 2799 W_v approx_rank=17.1 (frob=10.60 max_row=0.62)
    [ortho] step 2799 L7 W_o off_diag=0.22 diag_dev=0.0699
  [LOGIC] mlp=-1025.6008 attn=-4.8720 div=33.9381
  [TIME] CE=182ms logic_reg=2318ms
  step  1430/8000 (global=5430)  loss=7.3180  avg=7.3214  lr=0.000578  B=7  1932ms
  [WB] boundary=94/100  core_diff=2.3348  bin_diff=0.0614  ratio=38.02  prune_act=0.0000
  [WB] structure=10/16 (62%)  opp_sim=0.064
  [WB] BOUNDARY OK | CORE>BIN OK | PRUNE silent OK
  [LOGIC] mlp=-1024.5933 attn=-4.8639 div=33.9388
  [TIME] CE=216ms logic_reg=2356ms
  step  1440/8000 (global=5440)  loss=6.9142  avg=7.0864  lr=0.000577  B=4  1932ms
  [WB] boundary=94/100  core_diff=2.3305  bin_diff=0.0611  ratio=38.15  prune_act=0.0000
  [WB] structure=10/16 (62%)  opp_sim=0.064
  [WB] BOUNDARY OK | CORE>BIN OK | PRUNE silent OK
  [LOGIC] mlp=-1025.8447 attn=-4.8724 div=33.9389
  [TIME] CE=157ms logic_reg=2319ms
  step  1450/8000 (global=5450)  loss=8.2040  avg=7.2715  lr=0.000575  B=6  1931ms
  [WB] boundary=94/100  core_diff=2.3333  bin_diff=0.0614  ratio=38.03  prune_act=0.0000
  [WB] structure=10/16 (62%)  opp_sim=0.064
  [WB] BOUNDARY OK | CORE>BIN OK | PRUNE silent OK
[*] stateful inference started: window=9996, sinks=4, ctx=10240
[*] sliding window configured: W=9996, sinks=4 (effective context: 10000)
  [TRACE] "冷": L0[||x||=6.90 C268(+205.17--12.94) B1076(+7496.56--25.56) P448(max0.000)] L4[||x||=6.00 C268(+347.61--11.05) B1076(+1394.84--44.33) P448(max0.000)] L7[||x||=6.00 C268(+1260.72--5.57) B1076(+11865.57--12.85) P448(max0.000)] | H=13.14/15 top3=32609 32765 235 
  [LOGIC] mlp=-1028.7911 attn=-4.8915 div=33.9380
  [TIME] CE=167ms logic_reg=2325ms
  step  1460/8000 (global=5460)  loss=4.0566  avg=7.3147  lr=0.000574  B=6  1932ms
  [WB] boundary=94/100  core_diff=2.3441  bin_diff=0.0619  ratio=37.90  prune_act=0.0000
  [WB] structure=10/16 (62%)  opp_sim=0.064
  [WB] BOUNDARY OK | CORE>BIN OK | PRUNE silent OK
  [LOGIC] mlp=-1032.8390 attn=-4.9068 div=33.9372
  [TIME] CE=85ms logic_reg=2325ms
  step  1470/8000 (global=5470)  loss=6.8607  avg=7.4112  lr=0.000573  B=3  1931ms
  [WB] boundary=94/100  core_diff=2.3538  bin_diff=0.0625  ratio=37.66  prune_act=0.0000
  [WB] structure=10/16 (62%)  opp_sim=0.064
  [WB] BOUNDARY OK | CORE>BIN OK | PRUNE silent OK
    [plan-I] step 2849 W_v approx_rank=17.4 (frob=10.60 max_row=0.61)
    [ortho] step 2849 L0 W_o off_diag=0.22 diag_dev=0.0691
    [plan-I] step 2849 W_v approx_rank=17.4 (frob=10.56 max_row=0.61)
    [ortho] step 2849 L1 W_o off_diag=0.22 diag_dev=0.0701
    [plan-I] step 2849 W_v approx_rank=17.4 (frob=10.67 max_row=0.61)
    [ortho] step 2849 L2 W_o off_diag=0.22 diag_dev=0.0694
    [plan-I] step 2849 W_v approx_rank=17.3 (frob=10.55 max_row=0.61)
    [ortho] step 2849 L3 W_o off_diag=0.22 diag_dev=0.0698
    [plan-I] step 2849 W_v approx_rank=17.1 (frob=10.43 max_row=0.61)
    [ortho] step 2849 L4 W_o off_diag=0.22 diag_dev=0.0703
    [plan-I] step 2849 W_v approx_rank=17.4 (frob=10.70 max_row=0.62)
    [ortho] step 2849 L5 W_o off_diag=0.22 diag_dev=0.0703
    [plan-I] step 2849 W_v approx_rank=17.1 (frob=10.49 max_row=0.61)
    [ortho] step 2849 L6 W_o off_diag=0.22 diag_dev=0.0699
    [plan-I] step 2849 W_v approx_rank=17.1 (frob=10.60 max_row=0.62)
    [ortho] step 2849 L7 W_o off_diag=0.22 diag_dev=0.0702
  [LOGIC] mlp=-1033.8733 attn=-4.9088 div=33.9378
  [TIME] CE=133ms logic_reg=2319ms
  step  1480/8000 (global=5480)  loss=7.0604  avg=7.3365  lr=0.000571  B=5  1931ms
  [WB] boundary=94/100  core_diff=2.3523  bin_diff=0.0624  ratio=37.71  prune_act=0.0000
  [WB] structure=10/16 (62%)  opp_sim=0.064
  [WB] BOUNDARY OK | CORE>BIN OK | PRUNE silent OK
  [LOGIC] mlp=-1035.9325 attn=-4.9110 div=33.9380
  [TIME] CE=207ms logic_reg=2435ms
  step  1490/8000 (global=5490)  loss=7.0217  avg=7.2475  lr=0.000570  B=8  1931ms
  [WB] boundary=94/100  core_diff=2.3513  bin_diff=0.0620  ratio=37.93  prune_act=0.0000
  [WB] structure=10/16 (62%)  opp_sim=0.064
  [WB] BOUNDARY OK | CORE>BIN OK | PRUNE silent OK
  [LOGIC] mlp=-1037.8665 attn=-4.9135 div=33.9380
  [TIME] CE=155ms logic_reg=2384ms
  step  1500/8000 (global=5500)  loss=6.8006  avg=7.2841  lr=0.000569  B=6  1931ms
  [WB] boundary=94/100  core_diff=2.3524  bin_diff=0.0618  ratio=38.04  prune_act=0.0000
  [WB] structure=10/16 (62%)  opp_sim=0.064
  [WB] BOUNDARY OK | CORE>BIN OK | PRUNE silent OK
[*] stateful inference started: window=9996, sinks=4, ctx=10240
[*] sliding window configured: W=9996, sinks=4 (effective context: 10000)
  [TRACE] "火": L0[||x||=6.81 C268(+206.94--11.12) B1076(+7501.93--25.89) P448(max0.000)] L4[||x||=6.00 C268(+377.82--10.68) B1076(+1355.53--45.10) P448(max0.000)] L7[||x||=6.00 C268(+1073.43--5.63) B1076(+11364.17--13.29) P448(max0.000)] | H=13.35/15 top3=232 32609 32765 
  [LOGIC] mlp=-1039.6290 attn=-4.9163 div=33.9384
  [TIME] CE=159ms logic_reg=2336ms
  step  1510/8000 (global=5510)  loss=4.3912  avg=7.1676  lr=0.000567  B=6  1931ms
  [WB] boundary=94/100  core_diff=2.3506  bin_diff=0.0613  ratio=38.35  prune_act=0.0000
  [WB] structure=10/16 (62%)  opp_sim=0.064
  [WB] BOUNDARY OK | CORE>BIN OK | PRUNE silent OK
  [LOGIC] mlp=-1040.5333 attn=-4.9209 div=33.9388
  [TIME] CE=159ms logic_reg=2425ms
  step  1520/8000 (global=5520)  loss=7.4085  avg=7.0651  lr=0.000566  B=6  1931ms
  [WB] boundary=94/100  core_diff=2.3507  bin_diff=0.0611  ratio=38.47  prune_act=0.0000
  [WB] structure=10/16 (62%)  opp_sim=0.064
  [WB] BOUNDARY OK | CORE>BIN OK | PRUNE silent OK
    [plan-I] step 2899 W_v approx_rank=17.4 (frob=10.60 max_row=0.61)
    [ortho] step 2899 L0 W_o off_diag=0.22 diag_dev=0.0694
    [plan-I] step 2899 W_v approx_rank=17.4 (frob=10.56 max_row=0.61)
    [ortho] step 2899 L1 W_o off_diag=0.21 diag_dev=0.0708
    [plan-I] step 2899 W_v approx_rank=17.4 (frob=10.67 max_row=0.61)
    [ortho] step 2899 L2 W_o off_diag=0.22 diag_dev=0.0701
    [plan-I] step 2899 W_v approx_rank=17.3 (frob=10.55 max_row=0.61)
    [ortho] step 2899 L3 W_o off_diag=0.22 diag_dev=0.0701
    [plan-I] step 2899 W_v approx_rank=17.1 (frob=10.43 max_row=0.61)
    [ortho] step 2899 L4 W_o off_diag=0.22 diag_dev=0.0711
    [plan-I] step 2899 W_v approx_rank=17.4 (frob=10.70 max_row=0.62)
    [ortho] step 2899 L5 W_o off_diag=0.22 diag_dev=0.0706
    [plan-I] step 2899 W_v approx_rank=17.1 (frob=10.49 max_row=0.61)
    [ortho] step 2899 L6 W_o off_diag=0.22 diag_dev=0.0706
    [plan-I] step 2899 W_v approx_rank=17.1 (frob=10.60 max_row=0.62)
    [ortho] step 2899 L7 W_o off_diag=0.22 diag_dev=0.0710
  [LOGIC] mlp=-1040.7029 attn=-4.9263 div=33.9387
  [TIME] CE=159ms logic_reg=2344ms
  step  1530/8000 (global=5530)  loss=7.0176  avg=7.0068  lr=0.000565  B=6  1931ms
  [WB] boundary=94/100  core_diff=2.3526  bin_diff=0.0609  ratio=38.66  prune_act=0.0000
  [WB] structure=10/16 (62%)  opp_sim=0.064
  [WB] BOUNDARY OK | CORE>BIN OK | PRUNE silent OK
  [LOGIC] mlp=-1041.2506 attn=-4.9246 div=33.9387
  [TIME] CE=132ms logic_reg=2320ms
  step  1540/8000 (global=5540)  loss=6.7953  avg=7.0652  lr=0.000564  B=5  1931ms
  [WB] boundary=94/100  core_diff=2.3525  bin_diff=0.0605  ratio=38.87  prune_act=0.0000
  [WB] structure=10/16 (62%)  opp_sim=0.064
  [WB] BOUNDARY OK | CORE>BIN OK | PRUNE silent OK
  [LOGIC] mlp=-1042.2061 attn=-4.9303 div=33.9383
  [TIME] CE=132ms logic_reg=2390ms
  step  1550/8000 (global=5550)  loss=6.3898  avg=7.1184  lr=0.000562  B=5  1931ms
  [WB] boundary=94/100  core_diff=2.3581  bin_diff=0.0608  ratio=38.80  prune_act=0.0000
  [WB] structure=10/16 (62%)  opp_sim=0.064
  [WB] BOUNDARY OK | CORE>BIN OK | PRUNE silent OK
[*] stateful inference started: window=9996, sinks=4, ctx=10240
[*] sliding window configured: W=9996, sinks=4 (effective context: 10000)
  [TRACE] "水": L0[||x||=7.22 C268(+224.75--13.83) B1076(+7583.87--23.58) P448(max0.000)] L4[||x||=6.00 C268(+371.15--10.33) B1076(+1392.80--43.35) P448(max0.000)] L7[||x||=6.00 C268(+1035.01--5.60) B1076(+11240.70--13.26) P448(max0.000)] | H=13.66/15 top3=32765 235 32609 
  [LOGIC] mlp=-1047.3528 attn=-4.9531 div=33.9375
  [TIME] CE=192ms logic_reg=2360ms
  step  1560/8000 (global=5560)  loss=5.4363  avg=7.1961  lr=0.000561  B=6  1931ms
  [WB] boundary=94/100  core_diff=2.3678  bin_diff=0.0612  ratio=38.69  prune_act=0.0000
  [WB] structure=10/16 (62%)  opp_sim=0.064
  [WB] BOUNDARY OK | CORE>BIN OK | PRUNE silent OK
  [LOGIC] mlp=-1051.6676 attn=-4.9660 div=33.9372
  [TIME] CE=158ms logic_reg=2356ms
  step  1570/8000 (global=5570)  loss=7.5394  avg=7.2923  lr=0.000560  B=6  1931ms
  [WB] boundary=94/100  core_diff=2.3746  bin_diff=0.0611  ratio=38.84  prune_act=0.0000
  [WB] structure=10/16 (62%)  opp_sim=0.064
  [WB] BOUNDARY OK | CORE>BIN OK | PRUNE silent OK
    [plan-I] step 2949 W_v approx_rank=17.4 (frob=10.60 max_row=0.61)
    [ortho] step 2949 L0 W_o off_diag=0.21 diag_dev=0.0710
    [plan-I] step 2949 W_v approx_rank=17.4 (frob=10.56 max_row=0.61)
    [ortho] step 2949 L1 W_o off_diag=0.22 diag_dev=0.0710
    [plan-I] step 2949 W_v approx_rank=17.4 (frob=10.67 max_row=0.61)
    [ortho] step 2949 L2 W_o off_diag=0.21 diag_dev=0.0711
    [plan-I] step 2949 W_v approx_rank=17.3 (frob=10.55 max_row=0.61)
    [ortho] step 2949 L3 W_o off_diag=0.22 diag_dev=0.0709
    [plan-I] step 2949 W_v approx_rank=17.1 (frob=10.43 max_row=0.61)
    [ortho] step 2949 L4 W_o off_diag=0.22 diag_dev=0.0708
    [plan-I] step 2949 W_v approx_rank=17.4 (frob=10.70 max_row=0.62)
    [ortho] step 2949 L5 W_o off_diag=0.21 diag_dev=0.0715
    [plan-I] step 2949 W_v approx_rank=17.1 (frob=10.49 max_row=0.61)
    [ortho] step 2949 L6 W_o off_diag=0.22 diag_dev=0.0709
    [plan-I] step 2949 W_v approx_rank=17.1 (frob=10.60 max_row=0.62)
    [ortho] step 2949 L7 W_o off_diag=0.22 diag_dev=0.0707
  [LOGIC] mlp=-1053.4679 attn=-4.9786 div=33.9374
  [TIME] CE=139ms logic_reg=2496ms
  step  1580/8000 (global=5580)  loss=9.1082  avg=7.3379  lr=0.000558  B=5  1931ms
  [WB] boundary=94/100  core_diff=2.3763  bin_diff=0.0610  ratio=38.93  prune_act=0.0000
  [WB] structure=10/16 (62%)  opp_sim=0.064
  [WB] BOUNDARY OK | CORE>BIN OK | PRUNE silent OK
  [LOGIC] mlp=-1056.5182 attn=-4.9824 div=33.9371
  [TIME] CE=157ms logic_reg=2372ms
  step  1590/8000 (global=5590)  loss=4.7107  avg=7.4410  lr=0.000557  B=6  1931ms
  [WB] boundary=94/100  core_diff=2.3824  bin_diff=0.0608  ratio=39.16  prune_act=0.0000
  [WB] structure=10/16 (62%)  opp_sim=0.064
  [WB] BOUNDARY OK | CORE>BIN OK | PRUNE silent OK
  [LOGIC] mlp=-1058.2045 attn=-4.9847 div=33.9377
  [TIME] CE=134ms logic_reg=2366ms
  step  1600/8000 (global=5600)  loss=7.3475  avg=7.4082  lr=0.000556  B=5  1931ms
  [WB] boundary=94/100  core_diff=2.3776  bin_diff=0.0604  ratio=39.33  prune_act=0.0000
  [WB] structure=10/16 (62%)  opp_sim=0.064
  [WB] BOUNDARY OK | CORE>BIN OK | PRUNE silent OK
[*] stateful inference started: window=9996, sinks=4, ctx=10240
[*] sliding window configured: W=9996, sinks=4 (effective context: 10000)
  [TRACE] "大": L0[||x||=6.72 C268(+159.11--13.03) B1076(+7462.28--24.76) P448(max0.000)] L4[||x||=6.00 C268(+360.98--10.53) B1076(+1350.73--43.37) P448(max0.000)] L7[||x||=6.00 C268(+911.63--5.80) B1076(+10667.94--13.18) P448(max0.000)] | H=13.53/15 top3=32765 32609 232 
  [LOGIC] mlp=-1058.3502 attn=-4.9871 div=33.9382
  [TIME] CE=156ms logic_reg=2315ms
  step  1610/8000 (global=5610)  loss=9.4318  avg=7.3651  lr=0.000554  B=6  1930ms
  [WB] boundary=94/100  core_diff=2.3807  bin_diff=0.0605  ratio=39.37  prune_act=0.0000
  [WB] structure=10/16 (62%)  opp_sim=0.064
  [WB] BOUNDARY OK | CORE>BIN OK | PRUNE silent OK
  [LOGIC] mlp=-1060.3539 attn=-4.9963 div=33.9377
  [TIME] CE=300ms logic_reg=2330ms
  step  1620/8000 (global=5620)  loss=6.8983  avg=7.2534  lr=0.000553  B=5  1930ms
  [WB] boundary=94/100  core_diff=2.3848  bin_diff=0.0604  ratio=39.51  prune_act=0.0000
  [WB] structure=10/16 (62%)  opp_sim=0.065
  [WB] BOUNDARY OK | CORE>BIN OK | PRUNE silent OK
    [plan-I] step 2999 W_v approx_rank=17.4 (frob=10.60 max_row=0.61)
    [ortho] step 2999 L0 W_o off_diag=0.23 diag_dev=0.0686
    [plan-I] step 2999 W_v approx_rank=17.4 (frob=10.56 max_row=0.61)
    [ortho] step 2999 L1 W_o off_diag=0.22 diag_dev=0.0693
    [plan-I] step 2999 W_v approx_rank=17.4 (frob=10.67 max_row=0.61)
    [ortho] step 2999 L2 W_o off_diag=0.22 diag_dev=0.0690
    [plan-I] step 2999 W_v approx_rank=17.3 (frob=10.55 max_row=0.61)
    [ortho] step 2999 L3 W_o off_diag=0.22 diag_dev=0.0695
    [plan-I] step 2999 W_v approx_rank=17.1 (frob=10.43 max_row=0.61)
    [ortho] step 2999 L4 W_o off_diag=0.22 diag_dev=0.0701
    [plan-I] step 2999 W_v approx_rank=17.4 (frob=10.70 max_row=0.62)
    [ortho] step 2999 L5 W_o off_diag=0.22 diag_dev=0.0703
    [plan-I] step 2999 W_v approx_rank=17.1 (frob=10.49 max_row=0.61)
    [ortho] step 2999 L6 W_o off_diag=0.22 diag_dev=0.0697
    [plan-I] step 2999 W_v approx_rank=17.1 (frob=10.60 max_row=0.62)
    [ortho] step 2999 L7 W_o off_diag=0.22 diag_dev=0.0702
  [LOGIC] mlp=-1059.9569 attn=-4.9863 div=33.9388
  [TIME] CE=208ms logic_reg=2320ms
  step  1630/8000 (global=5630)  loss=6.3607  avg=7.1451  lr=0.000552  B=8  1930ms
  [WB] boundary=94/100  core_diff=2.3784  bin_diff=0.0602  ratio=39.49  prune_act=0.0000
  [WB] structure=10/16 (62%)  opp_sim=0.065
  [WB] BOUNDARY OK | CORE>BIN OK | PRUNE silent OK
  [LOGIC] mlp=-1058.6234 attn=-4.9757 div=33.9395
  [TIME] CE=135ms logic_reg=2437ms
  step  1640/8000 (global=5640)  loss=5.2097  avg=7.1664  lr=0.000551  B=5  1930ms
  [WB] boundary=94/100  core_diff=2.3751  bin_diff=0.0602  ratio=39.43  prune_act=0.0000
  [WB] structure=10/16 (62%)  opp_sim=0.065
  [WB] BOUNDARY OK | CORE>BIN OK | PRUNE silent OK
  [LOGIC] mlp=-1059.5536 attn=-4.9723 div=33.9398
  [TIME] CE=168ms logic_reg=2334ms
  step  1650/8000 (global=5650)  loss=8.2202  avg=7.1910  lr=0.000549  B=6  1930ms
  [WB] boundary=94/100  core_diff=2.3714  bin_diff=0.0598  ratio=39.64  prune_act=0.0000
  [WB] structure=10/16 (62%)  opp_sim=0.065
  [WB] BOUNDARY OK | CORE>BIN OK | PRUNE silent OK
[*] stateful inference started: window=9996, sinks=4, ctx=10240
[*] sliding window configured: W=9996, sinks=4 (effective context: 10000)
  [TRACE] "小": L0[||x||=7.15 C268(+214.02--14.01) B1076(+7652.16--23.64) P448(max0.000)] L4[||x||=6.00 C268(+361.90--10.55) B1076(+1436.60--42.64) P448(max0.000)] L7[||x||=6.00 C268(+1069.35--6.51) B1076(+11123.83--12.44) P448(max0.000)] | H=13.29/15 top3=32765 168 32609 
  [LOGIC] mlp=-1059.4576 attn=-4.9665 div=33.9405
  [TIME] CE=132ms logic_reg=2382ms
  step  1660/8000 (global=5660)  loss=8.2866  avg=7.3012  lr=0.000548  B=5  1930ms
  [WB] boundary=94/100  core_diff=2.3640  bin_diff=0.0592  ratio=39.95  prune_act=0.0000
  [WB] structure=10/16 (62%)  opp_sim=0.065
  [WB] BOUNDARY OK | CORE>BIN OK | PRUNE silent OK
  [LOGIC] mlp=-1059.1757 attn=-4.9660 div=33.9411
  [TIME] CE=155ms logic_reg=2332ms
  step  1670/8000 (global=5670)  loss=6.2483  avg=7.3782  lr=0.000547  B=6  1930ms
  [WB] boundary=94/100  core_diff=2.3598  bin_diff=0.0590  ratio=40.02  prune_act=0.0000
  [WB] structure=10/16 (62%)  opp_sim=0.065
  [WB] BOUNDARY OK | CORE>BIN OK | PRUNE silent OK
    [plan-I] step 3049 W_v approx_rank=17.4 (frob=10.60 max_row=0.61)
    [ortho] step 3049 L0 W_o off_diag=0.21 diag_dev=0.0710
    [plan-I] step 3049 W_v approx_rank=17.4 (frob=10.56 max_row=0.61)
    [ortho] step 3049 L1 W_o off_diag=0.21 diag_dev=0.0709
    [plan-I] step 3049 W_v approx_rank=17.4 (frob=10.67 max_row=0.61)
    [ortho] step 3049 L2 W_o off_diag=0.22 diag_dev=0.0704
    [plan-I] step 3049 W_v approx_rank=17.3 (frob=10.55 max_row=0.61)
    [ortho] step 3049 L3 W_o off_diag=0.22 diag_dev=0.0701
    [plan-I] step 3049 W_v approx_rank=17.1 (frob=10.43 max_row=0.61)
    [ortho] step 3049 L4 W_o off_diag=0.22 diag_dev=0.0706
    [plan-I] step 3049 W_v approx_rank=17.4 (frob=10.70 max_row=0.62)
    [ortho] step 3049 L5 W_o off_diag=0.21 diag_dev=0.0710
    [plan-I] step 3049 W_v approx_rank=17.1 (frob=10.49 max_row=0.61)
    [ortho] step 3049 L6 W_o off_diag=0.22 diag_dev=0.0708
    [plan-I] step 3049 W_v approx_rank=17.1 (frob=10.60 max_row=0.62)
    [ortho] step 3049 L7 W_o off_diag=0.22 diag_dev=0.0711
  [LOGIC] mlp=-1058.4480 attn=-4.9706 div=33.9415
  [TIME] CE=108ms logic_reg=2489ms
  step  1680/8000 (global=5680)  loss=8.6026  avg=7.1784  lr=0.000545  B=4  1930ms
  [WB] boundary=94/100  core_diff=2.3597  bin_diff=0.0591  ratio=39.94  prune_act=0.0000
  [WB] structure=10/16 (62%)  opp_sim=0.065
  [WB] BOUNDARY OK | CORE>BIN OK | PRUNE silent OK
  [LOGIC] mlp=-1060.2643 attn=-4.9769 div=33.9418
  [TIME] CE=107ms logic_reg=2353ms
  step  1690/8000 (global=5690)  loss=6.7037  avg=7.3621  lr=0.000544  B=4  1930ms
  [WB] boundary=94/100  core_diff=2.3569  bin_diff=0.0588  ratio=40.08  prune_act=0.0000
  [WB] structure=10/16 (62%)  opp_sim=0.065
  [WB] BOUNDARY OK | CORE>BIN OK | PRUNE silent OK
  [LOGIC] mlp=-1062.2205 attn=-4.9749 div=33.9423
  [TIME] CE=108ms logic_reg=2327ms
  step  1700/8000 (global=5700)  loss=4.4541  avg=7.3000  lr=0.000543  B=4  1930ms
  [WB] boundary=94/100  core_diff=2.3522  bin_diff=0.0585  ratio=40.20  prune_act=0.0000
  [WB] structure=10/16 (62%)  opp_sim=0.065
  [WB] BOUNDARY OK | CORE>BIN OK | PRUNE silent OK
[*] stateful inference started: window=9996, sinks=4, ctx=10240
[*] sliding window configured: W=9996, sinks=4 (effective context: 10000)
  [TRACE] "热": L0[||x||=7.22 C268(+226.60--12.52) B1076(+7746.52--23.71) P448(max0.000)] L4[||x||=6.00 C268(+405.91--10.35) B1076(+1485.05--42.91) P448(max0.000)] L7[||x||=6.00 C268(+972.18--6.08) B1076(+11074.45--13.02) P448(max0.000)] | H=13.06/15 top3=32609 168 32765 
  [LOGIC] mlp=-1063.1666 attn=-4.9686 div=33.9426
  [TIME] CE=157ms logic_reg=2324ms
  step  1710/8000 (global=5710)  loss=8.1412  avg=7.3802  lr=0.000541  B=6  1930ms
  [WB] boundary=94/100  core_diff=2.3516  bin_diff=0.0585  ratio=40.22  prune_act=0.0000
  [WB] structure=10/16 (62%)  opp_sim=0.065
  [WB] BOUNDARY OK | CORE>BIN OK | PRUNE silent OK
  [LOGIC] mlp=-1065.5642 attn=-4.9806 div=33.9421
  [TIME] CE=136ms logic_reg=2394ms
  step  1720/8000 (global=5720)  loss=7.7204  avg=7.4335  lr=0.000540  B=5  1930ms
  [WB] boundary=94/100  core_diff=2.3553  bin_diff=0.0587  ratio=40.16  prune_act=0.0000
  [WB] structure=10/16 (62%)  opp_sim=0.065
  [WB] BOUNDARY OK | CORE>BIN OK | PRUNE silent OK
    [plan-I] step 3099 W_v approx_rank=17.4 (frob=10.60 max_row=0.61)
    [ortho] step 3099 L0 W_o off_diag=0.22 diag_dev=0.0704
    [plan-I] step 3099 W_v approx_rank=17.4 (frob=10.56 max_row=0.61)
    [ortho] step 3099 L1 W_o off_diag=0.21 diag_dev=0.0714
    [plan-I] step 3099 W_v approx_rank=17.4 (frob=10.67 max_row=0.61)
    [ortho] step 3099 L2 W_o off_diag=0.21 diag_dev=0.0710
    [plan-I] step 3099 W_v approx_rank=17.3 (frob=10.55 max_row=0.61)
    [ortho] step 3099 L3 W_o off_diag=0.21 diag_dev=0.0711
    [plan-I] step 3099 W_v approx_rank=17.1 (frob=10.43 max_row=0.61)
    [ortho] step 3099 L4 W_o off_diag=0.21 diag_dev=0.0713
    [plan-I] step 3099 W_v approx_rank=17.4 (frob=10.70 max_row=0.62)
    [ortho] step 3099 L5 W_o off_diag=0.21 diag_dev=0.0714
    [plan-I] step 3099 W_v approx_rank=17.1 (frob=10.49 max_row=0.61)
    [ortho] step 3099 L6 W_o off_diag=0.22 diag_dev=0.0711
    [plan-I] step 3099 W_v approx_rank=17.1 (frob=10.60 max_row=0.62)
    [ortho] step 3099 L7 W_o off_diag=0.21 diag_dev=0.0711
  [LOGIC] mlp=-1068.5306 attn=-4.9925 div=33.9423
  [TIME] CE=109ms logic_reg=2324ms
  step  1730/8000 (global=5730)  loss=5.8668  avg=7.3656  lr=0.000539  B=4  1930ms
  [WB] boundary=94/100  core_diff=2.3542  bin_diff=0.0583  ratio=40.40  prune_act=0.0000
  [WB] structure=10/16 (62%)  opp_sim=0.065
  [WB] BOUNDARY OK | CORE>BIN OK | PRUNE silent OK
  [LOGIC] mlp=-1068.9879 attn=-4.9880 div=33.9431
  [TIME] CE=184ms logic_reg=2317ms
  step  1740/8000 (global=5740)  loss=6.7671  avg=7.4611  lr=0.000537  B=7  1930ms
  [WB] boundary=94/100  core_diff=2.3504  bin_diff=0.0577  ratio=40.74  prune_act=0.0000
  [WB] structure=10/16 (62%)  opp_sim=0.065
  [WB] BOUNDARY OK | CORE>BIN OK | PRUNE silent OK
  [LOGIC] mlp=-1069.7889 attn=-4.9923 div=33.9431
  [TIME] CE=83ms logic_reg=2388ms
  step  1750/8000 (global=5750)  loss=7.9621  avg=7.5530  lr=0.000536  B=3  1930ms
  [WB] boundary=94/100  core_diff=2.3525  bin_diff=0.0576  ratio=40.82  prune_act=0.0000
  [WB] structure=10/16 (62%)  opp_sim=0.065
  [WB] BOUNDARY OK | CORE>BIN OK | PRUNE silent OK
[*] stateful inference started: window=9996, sinks=4, ctx=10240
[*] sliding window configured: W=9996, sinks=4 (effective context: 10000)
  [TRACE] "冷": L0[||x||=7.27 C268(+217.32--12.63) B1076(+7834.55--23.59) P448(max0.000)] L4[||x||=6.00 C268(+401.85--10.45) B1076(+1494.80--42.45) P448(max0.000)] L7[||x||=6.00 C268(+907.66--6.61) B1076(+10934.47--13.17) P448(max0.000)] | H=13.08/15 top3=32765 32609 168 
  [LOGIC] mlp=-1070.9166 attn=-5.0028 div=33.9427
  [TIME] CE=160ms logic_reg=2317ms
  step  1760/8000 (global=5760)  loss=9.3117  avg=7.5906  lr=0.000535  B=6  1930ms
  [WB] boundary=94/100  core_diff=2.3569  bin_diff=0.0576  ratio=40.93  prune_act=0.0000
  [WB] structure=10/16 (62%)  opp_sim=0.065
  [WB] BOUNDARY OK | CORE>BIN OK | PRUNE silent OK
  [LOGIC] mlp=-1073.6229 attn=-5.0092 div=33.9426
  [TIME] CE=159ms logic_reg=2478ms
  step  1770/8000 (global=5770)  loss=6.1186  avg=7.6246  lr=0.000533  B=6  1930ms
  [WB] boundary=94/100  core_diff=2.3588  bin_diff=0.0576  ratio=40.93  prune_act=0.0000
  [WB] structure=10/16 (62%)  opp_sim=0.065
  [WB] BOUNDARY OK | CORE>BIN OK | PRUNE silent OK
    [plan-I] step 3149 W_v approx_rank=17.4 (frob=10.60 max_row=0.61)
    [ortho] step 3149 L0 W_o off_diag=0.21 diag_dev=0.0709
    [plan-I] step 3149 W_v approx_rank=17.4 (frob=10.56 max_row=0.61)
    [ortho] step 3149 L1 W_o off_diag=0.21 diag_dev=0.0711
    [plan-I] step 3149 W_v approx_rank=17.4 (frob=10.67 max_row=0.61)
    [ortho] step 3149 L2 W_o off_diag=0.21 diag_dev=0.0707
    [plan-I] step 3149 W_v approx_rank=17.3 (frob=10.55 max_row=0.61)
    [ortho] step 3149 L3 W_o off_diag=0.21 diag_dev=0.0708
    [plan-I] step 3149 W_v approx_rank=17.1 (frob=10.43 max_row=0.61)
    [ortho] step 3149 L4 W_o off_diag=0.21 diag_dev=0.0708
    [plan-I] step 3149 W_v approx_rank=17.4 (frob=10.70 max_row=0.62)
    [ortho] step 3149 L5 W_o off_diag=0.21 diag_dev=0.0710
    [plan-I] step 3149 W_v approx_rank=17.1 (frob=10.49 max_row=0.61)
    [ortho] step 3149 L6 W_o off_diag=0.22 diag_dev=0.0707
    [plan-I] step 3149 W_v approx_rank=17.1 (frob=10.60 max_row=0.62)
    [ortho] step 3149 L7 W_o off_diag=0.21 diag_dev=0.0711
  [LOGIC] mlp=-1077.3378 attn=-5.0286 div=33.9418
  [TIME] CE=145ms logic_reg=2418ms
  step  1780/8000 (global=5780)  loss=5.7648  avg=7.3520  lr=0.000532  B=5  1929ms
  [WB] boundary=93/100  core_diff=2.3674  bin_diff=0.0578  ratio=40.97  prune_act=0.0000
  [WB] structure=10/16 (62%)  opp_sim=0.065
  [WB] BOUNDARY OK | CORE>BIN OK | PRUNE silent OK
  [LOGIC] mlp=-1079.1930 attn=-5.0342 div=33.9423
  [TIME] CE=143ms logic_reg=2345ms
  step  1790/8000 (global=5790)  loss=6.7964  avg=7.2450  lr=0.000531  B=5  1929ms
  [WB] boundary=93/100  core_diff=2.3665  bin_diff=0.0573  ratio=41.29  prune_act=0.0000
  [WB] structure=10/16 (62%)  opp_sim=0.065
  [WB] BOUNDARY OK | CORE>BIN OK | PRUNE silent OK
  [LOGIC] mlp=-1078.1730 attn=-5.0253 div=33.9429
  [TIME] CE=108ms logic_reg=2448ms
  step  1800/8000 (global=5800)  loss=8.3644  avg=7.2696  lr=0.000530  B=4  1929ms
  [WB] boundary=93/100  core_diff=2.3630  bin_diff=0.0571  ratio=41.36  prune_act=0.0000
  [WB] structure=10/16 (62%)  opp_sim=0.065
  [WB] BOUNDARY OK | CORE>BIN OK | PRUNE silent OK
[*] stateful inference started: window=9996, sinks=4, ctx=10240
[*] sliding window configured: W=9996, sinks=4 (effective context: 10000)
  [TRACE] "火": L0[||x||=7.14 C268(+216.04--11.21) B1076(+7824.38--23.88) P448(max0.000)] L4[||x||=6.00 C268(+461.31--9.00) B1076(+1459.77--42.98) P448(max0.000)] L7[||x||=6.00 C268(+761.63--5.61) B1076(+10440.68--13.61) P448(max0.000)] | H=13.43/15 top3=32609 233 31918 
  [LOGIC] mlp=-1079.8279 attn=-5.0271 div=33.9431
  [TIME] CE=158ms logic_reg=2321ms
  step  1810/8000 (global=5810)  loss=8.2009  avg=7.1811  lr=0.000528  B=6  1929ms
  [WB] boundary=93/100  core_diff=2.3622  bin_diff=0.0568  ratio=41.61  prune_act=0.0000
  [WB] structure=10/16 (62%)  opp_sim=0.065
  [WB] BOUNDARY OK | CORE>BIN OK | PRUNE silent OK
  [LOGIC] mlp=-1080.5856 attn=-5.0269 div=33.9435
  [TIME] CE=134ms logic_reg=2321ms
  step  1820/8000 (global=5820)  loss=8.7330  avg=7.1370  lr=0.000527  B=5  1929ms
  [WB] boundary=93/100  core_diff=2.3605  bin_diff=0.0565  ratio=41.79  prune_act=0.0000
  [WB] structure=10/16 (62%)  opp_sim=0.065
  [WB] BOUNDARY OK | CORE>BIN OK | PRUNE silent OK
    [plan-I] step 3199 W_v approx_rank=17.4 (frob=10.60 max_row=0.61)
    [ortho] step 3199 L0 W_o off_diag=0.22 diag_dev=0.0694
    [plan-I] step 3199 W_v approx_rank=17.4 (frob=10.56 max_row=0.61)
    [ortho] step 3199 L1 W_o off_diag=0.22 diag_dev=0.0704
    [plan-I] step 3199 W_v approx_rank=17.4 (frob=10.67 max_row=0.61)
    [ortho] step 3199 L2 W_o off_diag=0.22 diag_dev=0.0697
    [plan-I] step 3199 W_v approx_rank=17.3 (frob=10.55 max_row=0.61)
    [ortho] step 3199 L3 W_o off_diag=0.22 diag_dev=0.0700
    [plan-I] step 3199 W_v approx_rank=17.1 (frob=10.43 max_row=0.61)
    [ortho] step 3199 L4 W_o off_diag=0.21 diag_dev=0.0706
    [plan-I] step 3199 W_v approx_rank=17.4 (frob=10.70 max_row=0.62)
    [ortho] step 3199 L5 W_o off_diag=0.21 diag_dev=0.0709
    [plan-I] step 3199 W_v approx_rank=17.1 (frob=10.49 max_row=0.61)
    [ortho] step 3199 L6 W_o off_diag=0.22 diag_dev=0.0704
    [plan-I] step 3199 W_v approx_rank=17.1 (frob=10.60 max_row=0.62)
    [ortho] step 3199 L7 W_o off_diag=0.22 diag_dev=0.0707
  [LOGIC] mlp=-1079.9774 attn=-5.0156 div=33.9441
  [TIME] CE=158ms logic_reg=2351ms
  step  1830/8000 (global=5830)  loss=8.4660  avg=7.2076  lr=0.000526  B=6  1929ms
  [WB] boundary=93/100  core_diff=2.3571  bin_diff=0.0560  ratio=42.07  prune_act=0.0000
  [WB] structure=10/16 (62%)  opp_sim=0.065
  [WB] BOUNDARY OK | CORE>BIN OK | PRUNE silent OK
  [LOGIC] mlp=-1078.3286 attn=-5.0061 div=33.9445
  [TIME] CE=186ms logic_reg=2344ms
  step  1840/8000 (global=5840)  loss=7.5295  avg=7.1780  lr=0.000524  B=7  1929ms
  [WB] boundary=93/100  core_diff=2.3535  bin_diff=0.0557  ratio=42.27  prune_act=0.0000
  [WB] structure=10/16 (62%)  opp_sim=0.065
  [WB] BOUNDARY OK | CORE>BIN OK | PRUNE silent OK
  [LOGIC] mlp=-1077.3595 attn=-5.0093 div=33.9441
  [TIME] CE=183ms logic_reg=2318ms
  step  1850/8000 (global=5850)  loss=7.5422  avg=7.2157  lr=0.000523  B=7  1929ms
  [WB] boundary=93/100  core_diff=2.3554  bin_diff=0.0557  ratio=42.30  prune_act=0.0000
  [WB] structure=10/16 (62%)  opp_sim=0.065
  [WB] BOUNDARY OK | CORE>BIN OK | PRUNE silent OK
[*] stateful inference started: window=9996, sinks=4, ctx=10240
[*] sliding window configured: W=9996, sinks=4 (effective context: 10000)
  [TRACE] "水": L0[||x||=7.50 C268(+238.36--13.13) B1076(+8015.36--22.22) P448(max0.000)] L4[||x||=6.00 C268(+479.18--8.63) B1076(+1498.82--42.04) P448(max0.000)] L7[||x||=6.00 C268(+737.50--5.20) B1076(+10498.76--14.13) P448(max0.000)] | H=13.47/15 top3=32609 32422 31918 
  [LOGIC] mlp=-1081.6730 attn=-5.0175 div=33.9439
  [TIME] CE=135ms logic_reg=2322ms
  step  1860/8000 (global=5860)  loss=8.0472  avg=7.3493  lr=0.000522  B=5  1929ms
  [WB] boundary=93/100  core_diff=2.3565  bin_diff=0.0554  ratio=42.57  prune_act=0.0000
  [WB] structure=10/16 (62%)  opp_sim=0.065
  [WB] BOUNDARY OK | CORE>BIN OK | PRUNE silent OK
  [LOGIC] mlp=-1085.2881 attn=-5.0322 div=33.9437
  [TIME] CE=156ms logic_reg=2337ms
  step  1870/8000 (global=5870)  loss=7.8454  avg=7.3472  lr=0.000520  B=6  1929ms
  [WB] boundary=93/100  core_diff=2.3588  bin_diff=0.0552  ratio=42.76  prune_act=0.0000
  [WB] structure=10/16 (62%)  opp_sim=0.065
  [WB] BOUNDARY OK | CORE>BIN OK | PRUNE silent OK
    [plan-I] step 3249 W_v approx_rank=17.4 (frob=10.60 max_row=0.61)
    [ortho] step 3249 L0 W_o off_diag=0.22 diag_dev=0.0705
    [plan-I] step 3249 W_v approx_rank=17.4 (frob=10.56 max_row=0.61)
    [ortho] step 3249 L1 W_o off_diag=0.22 diag_dev=0.0705
    [plan-I] step 3249 W_v approx_rank=17.4 (frob=10.67 max_row=0.61)
    [ortho] step 3249 L2 W_o off_diag=0.22 diag_dev=0.0704
    [plan-I] step 3249 W_v approx_rank=17.3 (frob=10.55 max_row=0.61)
    [ortho] step 3249 L3 W_o off_diag=0.22 diag_dev=0.0701
    [plan-I] step 3249 W_v approx_rank=17.1 (frob=10.43 max_row=0.61)
    [ortho] step 3249 L4 W_o off_diag=0.21 diag_dev=0.0706
    [plan-I] step 3249 W_v approx_rank=17.4 (frob=10.70 max_row=0.62)
    [ortho] step 3249 L5 W_o off_diag=0.22 diag_dev=0.0709
    [plan-I] step 3249 W_v approx_rank=17.1 (frob=10.49 max_row=0.61)
    [ortho] step 3249 L6 W_o off_diag=0.22 diag_dev=0.0709
    [plan-I] step 3249 W_v approx_rank=17.1 (frob=10.60 max_row=0.62)
    [ortho] step 3249 L7 W_o off_diag=0.21 diag_dev=0.0711
  [LOGIC] mlp=-1085.9728 attn=-5.0393 div=33.9438
  [TIME] CE=208ms logic_reg=2325ms
  step  1880/8000 (global=5880)  loss=8.9898  avg=7.4527  lr=0.000519  B=8  1929ms
  [WB] boundary=93/100  core_diff=2.3578  bin_diff=0.0548  ratio=43.01  prune_act=0.0000
  [WB] structure=10/16 (62%)  opp_sim=0.065
  [WB] BOUNDARY OK | CORE>BIN OK | PRUNE silent OK
  [LOGIC] mlp=-1087.1580 attn=-5.0423 div=33.9441
  [TIME] CE=160ms logic_reg=2362ms
  step  1890/8000 (global=5890)  loss=6.0587  avg=7.3758  lr=0.000518  B=6  1929ms
  [WB] boundary=93/100  core_diff=2.3573  bin_diff=0.0545  ratio=43.24  prune_act=0.0000
  [WB] structure=10/16 (62%)  opp_sim=0.065
  [WB] BOUNDARY OK | CORE>BIN OK | PRUNE silent OK
  [LOGIC] mlp=-1088.5143 attn=-5.0362 div=33.9447
  [TIME] CE=135ms logic_reg=2374ms
  step  1900/8000 (global=5900)  loss=7.9193  avg=7.2529  lr=0.000516  B=5  1929ms
  [WB] boundary=93/100  core_diff=2.3559  bin_diff=0.0543  ratio=43.41  prune_act=0.0000
  [WB] structure=10/16 (62%)  opp_sim=0.065
  [WB] BOUNDARY OK | CORE>BIN OK | PRUNE silent OK
[*] stateful inference started: window=9996, sinks=4, ctx=10240
[*] sliding window configured: W=9996, sinks=4 (effective context: 10000)
  [TRACE] "大": L0[||x||=7.05 C268(+184.09--11.05) B1076(+8038.36--22.99) P448(max0.000)] L4[||x||=6.00 C268(+508.46--8.59) B1076(+1489.73--42.05) P448(max0.000)] L7[||x||=6.00 C268(+660.79--4.95) B1076(+9990.54--14.67) P448(max0.000)] | H=12.94/15 top3=32765 32609 168 
  [LOGIC] mlp=-1088.6827 attn=-5.0280 div=33.9450
  [TIME] CE=138ms logic_reg=2354ms
  step  1910/8000 (global=5910)  loss=7.4725  avg=7.2512  lr=0.000515  B=5  1929ms
  [WB] boundary=93/100  core_diff=2.3558  bin_diff=0.0540  ratio=43.59  prune_act=0.0000
  [WB] structure=10/16 (62%)  opp_sim=0.065
  [WB] BOUNDARY OK | CORE>BIN OK | PRUNE silent OK
  [LOGIC] mlp=-1086.8665 attn=-5.0093 div=33.9461
  [TIME] CE=160ms logic_reg=2366ms
  step  1920/8000 (global=5920)  loss=7.3216  avg=7.2319  lr=0.000514  B=6  1929ms
  [WB] boundary=93/100  core_diff=2.3511  bin_diff=0.0539  ratio=43.62  prune_act=0.0000
  [WB] structure=10/16 (62%)  opp_sim=0.065
  [WB] BOUNDARY OK | CORE>BIN OK | PRUNE silent OK
    [plan-I] step 3299 W_v approx_rank=17.4 (frob=10.60 max_row=0.61)
    [ortho] step 3299 L0 W_o off_diag=0.22 diag_dev=0.0698
    [plan-I] step 3299 W_v approx_rank=17.4 (frob=10.56 max_row=0.61)
    [ortho] step 3299 L1 W_o off_diag=0.21 diag_dev=0.0705
    [plan-I] step 3299 W_v approx_rank=17.4 (frob=10.67 max_row=0.61)
    [ortho] step 3299 L2 W_o off_diag=0.22 diag_dev=0.0700
    [plan-I] step 3299 W_v approx_rank=17.3 (frob=10.55 max_row=0.61)
    [ortho] step 3299 L3 W_o off_diag=0.22 diag_dev=0.0700
    [plan-I] step 3299 W_v approx_rank=17.1 (frob=10.43 max_row=0.61)
    [ortho] step 3299 L4 W_o off_diag=0.22 diag_dev=0.0703
    [plan-I] step 3299 W_v approx_rank=17.4 (frob=10.70 max_row=0.62)
    [ortho] step 3299 L5 W_o off_diag=0.22 diag_dev=0.0704
    [plan-I] step 3299 W_v approx_rank=17.1 (frob=10.49 max_row=0.61)
    [ortho] step 3299 L6 W_o off_diag=0.22 diag_dev=0.0702
    [plan-I] step 3299 W_v approx_rank=17.1 (frob=10.60 max_row=0.62)
    [ortho] step 3299 L7 W_o off_diag=0.22 diag_dev=0.0709
  [LOGIC] mlp=-1087.7440 attn=-5.0167 div=33.9462
  [TIME] CE=158ms logic_reg=2329ms
  step  1930/8000 (global=5930)  loss=7.5016  avg=7.1388  lr=0.000512  B=6  1929ms
  [WB] boundary=93/100  core_diff=2.3571  bin_diff=0.0542  ratio=43.52  prune_act=0.0000
  [WB] structure=10/16 (62%)  opp_sim=0.065
  [WB] BOUNDARY OK | CORE>BIN OK | PRUNE silent OK
  [LOGIC] mlp=-1090.2369 attn=-5.0310 div=33.9458
  [TIME] CE=159ms logic_reg=2382ms
  step  1940/8000 (global=5940)  loss=7.1568  avg=7.2752  lr=0.000511  B=6  1929ms
  [WB] boundary=93/100  core_diff=2.3639  bin_diff=0.0543  ratio=43.53  prune_act=0.0000
  [WB] structure=10/16 (62%)  opp_sim=0.065
  [WB] BOUNDARY OK | CORE>BIN OK | PRUNE silent OK
  [LOGIC] mlp=-1089.7758 attn=-5.0370 div=33.9454
  [TIME] CE=285ms logic_reg=2329ms
  step  1950/8000 (global=5950)  loss=4.6847  avg=7.3096  lr=0.000510  B=6  1929ms
  [WB] boundary=93/100  core_diff=2.3681  bin_diff=0.0546  ratio=43.37  prune_act=0.0000
  [WB] structure=10/16 (62%)  opp_sim=0.065
  [WB] BOUNDARY OK | CORE>BIN OK | PRUNE silent OK
[*] stateful inference started: window=9996, sinks=4, ctx=10240
[*] sliding window configured: W=9996, sinks=4 (effective context: 10000)
  [TRACE] "小": L0[||x||=7.47 C268(+235.46--12.51) B1076(+8286.80--22.05) P448(max0.000)] L4[||x||=6.00 C268(+528.74--8.45) B1076(+1559.93--41.45) P448(max0.000)] L7[||x||=6.00 C268(+594.37--5.17) B1076(+10006.51--14.99) P448(max0.000)] | H=13.42/15 top3=32609 31918 168 
  [LOGIC] mlp=-1089.5869 attn=-5.0300 div=33.9457
  [TIME] CE=159ms logic_reg=2384ms
  step  1960/8000 (global=5960)  loss=5.3576  avg=7.2993  lr=0.000509  B=6  1929ms
  [WB] boundary=93/100  core_diff=2.3668  bin_diff=0.0544  ratio=43.47  prune_act=0.0000
  [WB] structure=10/16 (62%)  opp_sim=0.065
  [WB] BOUNDARY OK | CORE>BIN OK | PRUNE silent OK
  [LOGIC] mlp=-1092.9310 attn=-5.0305 div=33.9463
  [TIME] CE=132ms logic_reg=2404ms
  step  1970/8000 (global=5970)  loss=6.4010  avg=7.1096  lr=0.000507  B=5  1929ms
  [WB] boundary=93/100  core_diff=2.3641  bin_diff=0.0540  ratio=43.75  prune_act=0.0000
  [WB] structure=10/16 (62%)  opp_sim=0.066
  [WB] BOUNDARY OK | CORE>BIN OK | PRUNE silent OK
    [plan-I] step 3349 W_v approx_rank=17.4 (frob=10.60 max_row=0.61)
    [ortho] step 3349 L0 W_o off_diag=0.22 diag_dev=0.0700
    [plan-I] step 3349 W_v approx_rank=17.4 (frob=10.56 max_row=0.61)
    [ortho] step 3349 L1 W_o off_diag=0.21 diag_dev=0.0709
    [plan-I] step 3349 W_v approx_rank=17.4 (frob=10.67 max_row=0.61)
    [ortho] step 3349 L2 W_o off_diag=0.22 diag_dev=0.0705
    [plan-I] step 3349 W_v approx_rank=17.3 (frob=10.55 max_row=0.61)
    [ortho] step 3349 L3 W_o off_diag=0.22 diag_dev=0.0706
    [plan-I] step 3349 W_v approx_rank=17.1 (frob=10.43 max_row=0.61)
    [ortho] step 3349 L4 W_o off_diag=0.21 diag_dev=0.0708
    [plan-I] step 3349 W_v approx_rank=17.4 (frob=10.70 max_row=0.62)
    [ortho] step 3349 L5 W_o off_diag=0.21 diag_dev=0.0710
    [plan-I] step 3349 W_v approx_rank=17.1 (frob=10.49 max_row=0.61)
    [ortho] step 3349 L6 W_o off_diag=0.21 diag_dev=0.0708
    [plan-I] step 3349 W_v approx_rank=17.1 (frob=10.60 max_row=0.62)
    [ortho] step 3349 L7 W_o off_diag=0.21 diag_dev=0.0712
  [LOGIC] mlp=-1093.3561 attn=-5.0288 div=33.9468
  [TIME] CE=157ms logic_reg=2328ms
  step  1980/8000 (global=5980)  loss=4.9252  avg=7.0837  lr=0.000506  B=6  1929ms
  [WB] boundary=93/100  core_diff=2.3633  bin_diff=0.0538  ratio=43.96  prune_act=0.0000
  [WB] structure=10/16 (62%)  opp_sim=0.066
  [WB] BOUNDARY OK | CORE>BIN OK | PRUNE silent OK
  [LOGIC] mlp=-1094.1340 attn=-5.0282 div=33.9468
  [TIME] CE=160ms logic_reg=2324ms
  step  1990/8000 (global=5990)  loss=6.9260  avg=7.1129  lr=0.000505  B=6  1929ms
  [WB] boundary=93/100  core_diff=2.3662  bin_diff=0.0537  ratio=44.05  prune_act=0.0000
  [WB] structure=10/16 (62%)  opp_sim=0.066
  [WB] BOUNDARY OK | CORE>BIN OK | PRUNE silent OK
  [LOGIC] mlp=-1093.2657 attn=-5.0199 div=33.9472
  [TIME] CE=133ms logic_reg=2339ms
  step  2000/8000 (global=6000)  loss=6.8495  avg=7.0470  lr=0.000503  B=5  1929ms
  [WB] boundary=93/100  core_diff=2.3643  bin_diff=0.0536  ratio=44.09  prune_act=0.0000
  [WB] structure=10/16 (62%)  opp_sim=0.066
  [WB] BOUNDARY OK | CORE>BIN OK | PRUNE silent OK
[*] stateful inference started: window=9996, sinks=4, ctx=10240
[*] sliding window configured: W=9996, sinks=4 (effective context: 10000)
  [TRACE] "热": L0[||x||=7.53 C268(+252.98--11.96) B1076(+8385.25--21.92) P448(max0.000)] L4[||x||=6.00 C268(+532.40--8.36) B1076(+1625.65--40.95) P448(max0.000)] L7[||x||=6.00 C268(+715.95--4.70) B1076(+10657.44--14.68) P448(max0.000)] | H=13.17/15 top3=32609 31918 32765 
  [LOGIC] mlp=-1093.2949 attn=-5.0224 div=33.9467
  [TIME] CE=182ms logic_reg=2400ms
  step  2010/8000 (global=6010)  loss=5.5714  avg=6.8965  lr=0.000502  B=7  1929ms
  [WB] boundary=93/100  core_diff=2.3719  bin_diff=0.0543  ratio=43.66  prune_act=0.0000
  [WB] structure=10/16 (62%)  opp_sim=0.066
  [WB] BOUNDARY OK | CORE>BIN OK | PRUNE silent OK
  [LOGIC] mlp=-1097.7277 attn=-5.0341 div=33.9459
  [TIME] CE=132ms logic_reg=2461ms
  step  2020/8000 (global=6020)  loss=8.6405  avg=6.9583  lr=0.000501  B=5  1929ms
  [WB] boundary=93/100  core_diff=2.3814  bin_diff=0.0547  ratio=43.56  prune_act=0.0000
  [WB] structure=10/16 (62%)  opp_sim=0.066
  [WB] BOUNDARY OK | CORE>BIN OK | PRUNE silent OK
    [plan-I] step 3399 W_v approx_rank=17.4 (frob=10.60 max_row=0.61)
    [ortho] step 3399 L0 W_o off_diag=0.22 diag_dev=0.0706
    [plan-I] step 3399 W_v approx_rank=17.4 (frob=10.56 max_row=0.61)
    [ortho] step 3399 L1 W_o off_diag=0.21 diag_dev=0.0707
    [plan-I] step 3399 W_v approx_rank=17.4 (frob=10.67 max_row=0.61)
    [ortho] step 3399 L2 W_o off_diag=0.22 diag_dev=0.0702
    [plan-I] step 3399 W_v approx_rank=17.3 (frob=10.55 max_row=0.61)
    [ortho] step 3399 L3 W_o off_diag=0.22 diag_dev=0.0702
    [plan-I] step 3399 W_v approx_rank=17.1 (frob=10.43 max_row=0.61)
    [ortho] step 3399 L4 W_o off_diag=0.22 diag_dev=0.0706
    [plan-I] step 3399 W_v approx_rank=17.4 (frob=10.70 max_row=0.62)
    [ortho] step 3399 L5 W_o off_diag=0.22 diag_dev=0.0706
    [plan-I] step 3399 W_v approx_rank=17.1 (frob=10.49 max_row=0.61)
    [ortho] step 3399 L6 W_o off_diag=0.22 diag_dev=0.0707
    [plan-I] step 3399 W_v approx_rank=17.1 (frob=10.60 max_row=0.62)
    [ortho] step 3399 L7 W_o off_diag=0.22 diag_dev=0.0707
  [LOGIC] mlp=-1099.0421 attn=-5.0439 div=33.9456
  [TIME] CE=158ms logic_reg=2358ms
  step  2030/8000 (global=6030)  loss=6.7293  avg=6.9162  lr=0.000499  B=6  1929ms
  [WB] boundary=93/100  core_diff=2.3848  bin_diff=0.0549  ratio=43.40  prune_act=0.0000
  [WB] structure=10/16 (62%)  opp_sim=0.066
  [WB] BOUNDARY OK | CORE>BIN OK | PRUNE silent OK
  [LOGIC] mlp=-1099.7399 attn=-5.0410 div=33.9466
  [TIME] CE=111ms logic_reg=2330ms
  step  2040/8000 (global=6040)  loss=8.5714  avg=6.8171  lr=0.000498  B=4  1929ms
  [WB] boundary=93/100  core_diff=2.3800  bin_diff=0.0548  ratio=43.46  prune_act=0.0000
  [WB] structure=10/16 (62%)  opp_sim=0.066
  [WB] BOUNDARY OK | CORE>BIN OK | PRUNE silent OK
  [LOGIC] mlp=-1104.2463 attn=-5.0620 div=33.9461
  [TIME] CE=158ms logic_reg=2359ms
  step  2050/8000 (global=6050)  loss=8.4822  avg=6.8659  lr=0.000497  B=6  1928ms
  [WB] boundary=93/100  core_diff=2.3902  bin_diff=0.0551  ratio=43.39  prune_act=0.0000
  [WB] structure=10/16 (62%)  opp_sim=0.066
  [WB] BOUNDARY OK | CORE>BIN OK | PRUNE silent OK
[*] stateful inference started: window=9996, sinks=4, ctx=10240
[*] sliding window configured: W=9996, sinks=4 (effective context: 10000)
  [TRACE] "冷": L0[||x||=7.53 C268(+257.34--11.21) B1076(+8452.49--21.82) P448(max0.000)] L4[||x||=6.00 C268(+566.99--7.94) B1076(+1604.20--41.24) P448(max0.000)] L7[||x||=6.00 C268(+684.13--4.49) B1076(+10336.98--15.03) P448(max0.000)] | H=12.57/15 top3=32609 31918 168 
  [LOGIC] mlp=-1107.9569 attn=-5.0782 div=33.9453
  [TIME] CE=158ms logic_reg=2386ms
  step  2060/8000 (global=6060)  loss=5.2258  avg=6.7812  lr=0.000495  B=6  1928ms
  [WB] boundary=93/100  core_diff=2.3982  bin_diff=0.0553  ratio=43.33  prune_act=0.0000
  [WB] structure=10/16 (62%)  opp_sim=0.066
  [WB] BOUNDARY OK | CORE>BIN OK | PRUNE silent OK
  [LOGIC] mlp=-1109.6107 attn=-5.0870 div=33.9445
  [TIME] CE=183ms logic_reg=2332ms
  step  2070/8000 (global=6070)  loss=6.3373  avg=6.7415  lr=0.000494  B=7  1928ms
  [WB] boundary=93/100  core_diff=2.4059  bin_diff=0.0556  ratio=43.26  prune_act=0.0000
  [WB] structure=10/16 (62%)  opp_sim=0.066
  [WB] BOUNDARY OK | CORE>BIN OK | PRUNE silent OK
    [plan-I] step 3449 W_v approx_rank=17.4 (frob=10.60 max_row=0.61)
    [ortho] step 3449 L0 W_o off_diag=0.22 diag_dev=0.0705
    [plan-I] step 3449 W_v approx_rank=17.4 (frob=10.56 max_row=0.61)
    [ortho] step 3449 L1 W_o off_diag=0.21 diag_dev=0.0715
    [plan-I] step 3449 W_v approx_rank=17.4 (frob=10.67 max_row=0.61)
    [ortho] step 3449 L2 W_o off_diag=0.21 diag_dev=0.0708
    [plan-I] step 3449 W_v approx_rank=17.3 (frob=10.55 max_row=0.61)
    [ortho] step 3449 L3 W_o off_diag=0.21 diag_dev=0.0709
    [plan-I] step 3449 W_v approx_rank=17.1 (frob=10.43 max_row=0.61)
    [ortho] step 3449 L4 W_o off_diag=0.21 diag_dev=0.0710
    [plan-I] step 3449 W_v approx_rank=17.4 (frob=10.70 max_row=0.62)
    [ortho] step 3449 L5 W_o off_diag=0.21 diag_dev=0.0709
    [plan-I] step 3449 W_v approx_rank=17.1 (frob=10.49 max_row=0.61)
    [ortho] step 3449 L6 W_o off_diag=0.22 diag_dev=0.0706
    [plan-I] step 3449 W_v approx_rank=17.1 (frob=10.60 max_row=0.62)
    [ortho] step 3449 L7 W_o off_diag=0.21 diag_dev=0.0709
  [LOGIC] mlp=-1114.3649 attn=-5.0995 div=33.9444
  [TIME] CE=133ms logic_reg=2366ms
  step  2080/8000 (global=6080)  loss=6.9139  avg=6.7021  lr=0.000493  B=5  1928ms
  [WB] boundary=93/100  core_diff=2.4095  bin_diff=0.0554  ratio=43.53  prune_act=0.0000
  [WB] structure=10/16 (62%)  opp_sim=0.066
  [WB] BOUNDARY OK | CORE>BIN OK | PRUNE silent OK
  [LOGIC] mlp=-1115.7520 attn=-5.1069 div=33.9446
  [TIME] CE=109ms logic_reg=2335ms
  step  2090/8000 (global=6090)  loss=6.7266  avg=6.5265  lr=0.000491  B=4  1928ms
  [WB] boundary=93/100  core_diff=2.4084  bin_diff=0.0554  ratio=43.49  prune_act=0.0000
  [WB] structure=10/16 (62%)  opp_sim=0.066
  [WB] BOUNDARY OK | CORE>BIN OK | PRUNE silent OK
  [LOGIC] mlp=-1117.1869 attn=-5.1131 div=33.9450
  [TIME] CE=164ms logic_reg=2323ms
  step  2100/8000 (global=6100)  loss=5.8894  avg=6.6092  lr=0.000490  B=6  1928ms
  [WB] boundary=93/100  core_diff=2.4092  bin_diff=0.0555  ratio=43.43  prune_act=0.0000
  [WB] structure=10/16 (62%)  opp_sim=0.066
  [WB] BOUNDARY OK | CORE>BIN OK | PRUNE silent OK
[*] stateful inference started: window=9996, sinks=4, ctx=10240
[*] sliding window configured: W=9996, sinks=4 (effective context: 10000)
  [TRACE] "火": L0[||x||=7.38 C268(+257.34--10.06) B1076(+8471.47--21.84) P448(max0.000)] L4[||x||=6.00 C268(+604.71--7.37) B1076(+1565.37--41.01) P448(max0.000)] L7[||x||=6.00 C268(+619.80--4.38) B1076(+9958.13--15.68) P448(max0.000)] | H=12.59/15 top3=32609 31918 32765 
  [LOGIC] mlp=-1118.0081 attn=-5.1123 div=33.9448
  [TIME] CE=133ms logic_reg=2357ms
  step  2110/8000 (global=6110)  loss=5.6820  avg=6.6086  lr=0.000489  B=5  1928ms
  [WB] boundary=93/100  core_diff=2.4143  bin_diff=0.0558  ratio=43.31  prune_act=0.0000
  [WB] structure=10/16 (62%)  opp_sim=0.066
  [WB] BOUNDARY OK | CORE>BIN OK | PRUNE silent OK
  [LOGIC] mlp=-1119.7384 attn=-5.1236 div=33.9441
  [TIME] CE=160ms logic_reg=2323ms
  step  2120/8000 (global=6120)  loss=3.6017  avg=6.5171  lr=0.000488  B=6  1928ms
  [WB] boundary=93/100  core_diff=2.4198  bin_diff=0.0561  ratio=43.11  prune_act=0.0000
  [WB] structure=10/16 (62%)  opp_sim=0.066
  [WB] BOUNDARY OK | CORE>BIN OK | PRUNE silent OK
    [plan-I] step 3499 W_v approx_rank=17.4 (frob=10.60 max_row=0.61)
    [ortho] step 3499 L0 W_o off_diag=0.21 diag_dev=0.0713
    [plan-I] step 3499 W_v approx_rank=17.4 (frob=10.56 max_row=0.61)
    [ortho] step 3499 L1 W_o off_diag=0.21 diag_dev=0.0709
    [plan-I] step 3499 W_v approx_rank=17.4 (frob=10.67 max_row=0.61)
    [ortho] step 3499 L2 W_o off_diag=0.22 diag_dev=0.0704
    [plan-I] step 3499 W_v approx_rank=17.3 (frob=10.55 max_row=0.61)
    [ortho] step 3499 L3 W_o off_diag=0.22 diag_dev=0.0704
    [plan-I] step 3499 W_v approx_rank=17.1 (frob=10.43 max_row=0.61)
    [ortho] step 3499 L4 W_o off_diag=0.21 diag_dev=0.0707
    [plan-I] step 3499 W_v approx_rank=17.4 (frob=10.70 max_row=0.62)
    [ortho] step 3499 L5 W_o off_diag=0.22 diag_dev=0.0707
    [plan-I] step 3499 W_v approx_rank=17.1 (frob=10.49 max_row=0.61)
    [ortho] step 3499 L6 W_o off_diag=0.22 diag_dev=0.0704
    [plan-I] step 3499 W_v approx_rank=17.1 (frob=10.60 max_row=0.62)
    [ortho] step 3499 L7 W_o off_diag=0.21 diag_dev=0.0712
  [LOGIC] mlp=-1121.8472 attn=-5.1339 div=33.9433
  [TIME] CE=134ms logic_reg=2452ms
  step  2130/8000 (global=6130)  loss=8.2959  avg=6.6294  lr=0.000486  B=5  1928ms
  [WB] boundary=93/100  core_diff=2.4270  bin_diff=0.0565  ratio=42.99  prune_act=0.0000
  [WB] structure=10/16 (62%)  opp_sim=0.066
  [WB] BOUNDARY OK | CORE>BIN OK | PRUNE silent OK
  [LOGIC] mlp=-1125.6896 attn=-5.1411 div=33.9430
  [TIME] CE=134ms logic_reg=2334ms
  step  2140/8000 (global=6140)  loss=7.6158  avg=6.7706  lr=0.000485  B=5  1928ms
  [WB] boundary=93/100  core_diff=2.4318  bin_diff=0.0564  ratio=43.10  prune_act=0.0000
  [WB] structure=10/16 (62%)  opp_sim=0.066
  [WB] BOUNDARY OK | CORE>BIN OK | PRUNE silent OK
  [LOGIC] mlp=-1126.5419 attn=-5.1427 div=33.9426
  [TIME] CE=144ms logic_reg=2373ms
  step  2150/8000 (global=6150)  loss=8.4408  avg=6.9350  lr=0.000484  B=5  1928ms
  [WB] boundary=93/100  core_diff=2.4354  bin_diff=0.0562  ratio=43.30  prune_act=0.0000
  [WB] structure=10/16 (62%)  opp_sim=0.066
  [WB] BOUNDARY OK | CORE>BIN OK | PRUNE silent OK
[*] stateful inference started: window=9996, sinks=4, ctx=10240
[*] sliding window configured: W=9996, sinks=4 (effective context: 10000)
  [TRACE] "水": L0[||x||=7.64 C268(+262.76--12.43) B1076(+8526.14--20.35) P448(max0.000)] L4[||x||=6.00 C268(+591.63--7.27) B1076(+1526.81--40.01) P448(max0.000)] L7[||x||=6.00 C268(+533.66--6.92) B1076(+9421.36--17.09) P448(max0.000)] | H=13.59/15 top3=233 31918 235 
  [LOGIC] mlp=-1129.4099 attn=-5.1472 div=33.9429
  [TIME] CE=119ms logic_reg=2400ms
  step  2160/8000 (global=6160)  loss=4.1045  avg=7.0695  lr=0.000482  B=4  1928ms
  [WB] boundary=93/100  core_diff=2.4380  bin_diff=0.0561  ratio=43.45  prune_act=0.0000
  [WB] structure=10/16 (62%)  opp_sim=0.066
  [WB] BOUNDARY OK | CORE>BIN OK | PRUNE silent OK
  [LOGIC] mlp=-1128.2496 attn=-5.1486 div=33.9435
  [TIME] CE=182ms logic_reg=2348ms
  step  2170/8000 (global=6170)  loss=7.4473  avg=7.1335  lr=0.000481  B=7  1928ms
  [WB] boundary=93/100  core_diff=2.4391  bin_diff=0.0563  ratio=43.31  prune_act=0.0000
  [WB] structure=10/16 (62%)  opp_sim=0.066
  [WB] BOUNDARY OK | CORE>BIN OK | PRUNE silent OK
    [plan-I] step 3549 W_v approx_rank=17.4 (frob=10.60 max_row=0.61)
    [ortho] step 3549 L0 W_o off_diag=0.22 diag_dev=0.0704
    [plan-I] step 3549 W_v approx_rank=17.4 (frob=10.56 max_row=0.61)
    [ortho] step 3549 L1 W_o off_diag=0.21 diag_dev=0.0710
    [plan-I] step 3549 W_v approx_rank=17.4 (frob=10.67 max_row=0.61)
    [ortho] step 3549 L2 W_o off_diag=0.21 diag_dev=0.0705
    [plan-I] step 3549 W_v approx_rank=17.3 (frob=10.55 max_row=0.61)
    [ortho] step 3549 L3 W_o off_diag=0.21 diag_dev=0.0705
    [plan-I] step 3549 W_v approx_rank=17.1 (frob=10.43 max_row=0.61)
    [ortho] step 3549 L4 W_o off_diag=0.21 diag_dev=0.0709
    [plan-I] step 3549 W_v approx_rank=17.4 (frob=10.70 max_row=0.62)
    [ortho] step 3549 L5 W_o off_diag=0.21 diag_dev=0.0709
    [plan-I] step 3549 W_v approx_rank=17.1 (frob=10.49 max_row=0.61)
    [ortho] step 3549 L6 W_o off_diag=0.22 diag_dev=0.0706
    [plan-I] step 3549 W_v approx_rank=17.1 (frob=10.60 max_row=0.62)
    [ortho] step 3549 L7 W_o off_diag=0.22 diag_dev=0.0710
  [LOGIC] mlp=-1130.4169 attn=-5.1498 div=33.9443
  [TIME] CE=133ms logic_reg=2324ms
  step  2180/8000 (global=6180)  loss=8.0998  avg=7.0113  lr=0.000480  B=5  1928ms
  [WB] boundary=93/100  core_diff=2.4393  bin_diff=0.0561  ratio=43.45  prune_act=0.0000
  [WB] structure=10/16 (62%)  opp_sim=0.066
  [WB] BOUNDARY OK | CORE>BIN OK | PRUNE silent OK
  [LOGIC] mlp=-1130.9996 attn=-5.1541 div=33.9440
  [TIME] CE=182ms logic_reg=2377ms
  step  2190/8000 (global=6190)  loss=3.5911  avg=7.0125  lr=0.000478  B=7  1928ms
  [WB] boundary=93/100  core_diff=2.4424  bin_diff=0.0564  ratio=43.30  prune_act=0.0000
  [WB] structure=10/16 (62%)  opp_sim=0.066
  [WB] BOUNDARY OK | CORE>BIN OK | PRUNE silent OK
  [LOGIC] mlp=-1130.9232 attn=-5.1543 div=33.9437
  [TIME] CE=188ms logic_reg=2319ms
  step  2200/8000 (global=6200)  loss=3.5837  avg=7.0338  lr=0.000477  B=7  1928ms
  [WB] boundary=93/100  core_diff=2.4429  bin_diff=0.0565  ratio=43.25  prune_act=0.0000
  [WB] structure=10/16 (62%)  opp_sim=0.066
  [WB] BOUNDARY OK | CORE>BIN OK | PRUNE silent OK
[*] stateful inference started: window=9996, sinks=4, ctx=10240
[*] sliding window configured: W=9996, sinks=4 (effective context: 10000)
  [TRACE] "大": L0[||x||=7.23 C268(+194.74--10.16) B1076(+8380.81--21.95) P448(max0.000)] L4[||x||=6.00 C268(+664.02--6.73) B1076(+1523.28--40.77) P448(max0.000)] L7[||x||=6.00 C268(+478.77--7.44) B1076(+9260.29--17.22) P448(max0.000)] | H=13.41/15 top3=31918 32609 235 
  [LOGIC] mlp=-1132.4236 attn=-5.1588 div=33.9433
  [TIME] CE=130ms logic_reg=2495ms
  step  2210/8000 (global=6210)  loss=5.4155  avg=6.9952  lr=0.000476  B=5  1928ms
  [WB] boundary=93/100  core_diff=2.4457  bin_diff=0.0568  ratio=43.07  prune_act=0.0000
  [WB] structure=10/16 (62%)  opp_sim=0.066
  [WB] BOUNDARY OK | CORE>BIN OK | PRUNE silent OK
  [LOGIC] mlp=-1134.4379 attn=-5.1593 div=33.9437
  [TIME] CE=132ms logic_reg=2324ms
  step  2220/8000 (global=6220)  loss=5.0431  avg=6.7296  lr=0.000474  B=5  1928ms
  [WB] boundary=93/100  core_diff=2.4432  bin_diff=0.0566  ratio=43.16  prune_act=0.0000
  [WB] structure=10/16 (62%)  opp_sim=0.066
  [WB] BOUNDARY OK | CORE>BIN OK | PRUNE silent OK
    [plan-I] step 3599 W_v approx_rank=17.4 (frob=10.60 max_row=0.61)
    [ortho] step 3599 L0 W_o off_diag=0.22 diag_dev=0.0700
    [plan-I] step 3599 W_v approx_rank=17.4 (frob=10.56 max_row=0.61)
    [ortho] step 3599 L1 W_o off_diag=0.21 diag_dev=0.0706
    [plan-I] step 3599 W_v approx_rank=17.4 (frob=10.67 max_row=0.61)
    [ortho] step 3599 L2 W_o off_diag=0.22 diag_dev=0.0703
    [plan-I] step 3599 W_v approx_rank=17.3 (frob=10.55 max_row=0.61)
    [ortho] step 3599 L3 W_o off_diag=0.22 diag_dev=0.0703
    [plan-I] step 3599 W_v approx_rank=17.1 (frob=10.43 max_row=0.61)
    [ortho] step 3599 L4 W_o off_diag=0.21 diag_dev=0.0707
    [plan-I] step 3599 W_v approx_rank=17.4 (frob=10.70 max_row=0.62)
    [ortho] step 3599 L5 W_o off_diag=0.21 diag_dev=0.0707
    [plan-I] step 3599 W_v approx_rank=17.1 (frob=10.49 max_row=0.61)
    [ortho] step 3599 L6 W_o off_diag=0.21 diag_dev=0.0709
    [plan-I] step 3599 W_v approx_rank=17.1 (frob=10.60 max_row=0.62)
    [ortho] step 3599 L7 W_o off_diag=0.22 diag_dev=0.0707
  [LOGIC] mlp=-1133.6218 attn=-5.1534 div=33.9446
  [TIME] CE=183ms logic_reg=2320ms
  step  2230/8000 (global=6230)  loss=5.7554  avg=6.6740  lr=0.000473  B=7  1928ms
  [WB] boundary=93/100  core_diff=2.4405  bin_diff=0.0565  ratio=43.17  prune_act=0.0000
  [WB] structure=10/16 (62%)  opp_sim=0.066
  [WB] BOUNDARY OK | CORE>BIN OK | PRUNE silent OK
  [LOGIC] mlp=-1134.3528 attn=-5.1509 div=33.9455
  [TIME] CE=155ms logic_reg=2433ms
  step  2240/8000 (global=6240)  loss=5.8969  avg=6.6460  lr=0.000472  B=6  1928ms
  [WB] boundary=93/100  core_diff=2.4386  bin_diff=0.0566  ratio=43.12  prune_act=0.0000
  [WB] structure=10/16 (62%)  opp_sim=0.066
  [WB] BOUNDARY OK | CORE>BIN OK | PRUNE silent OK
  [LOGIC] mlp=-1136.6331 attn=-5.1582 div=33.9454
  [TIME] CE=209ms logic_reg=2323ms
  step  2250/8000 (global=6250)  loss=5.3121  avg=6.6116  lr=0.000470  B=8  1928ms
  [WB] boundary=93/100  core_diff=2.4450  bin_diff=0.0565  ratio=43.25  prune_act=0.0000
  [WB] structure=10/16 (62%)  opp_sim=0.066
  [WB] BOUNDARY OK | CORE>BIN OK | PRUNE silent OK
[*] stateful inference started: window=9996, sinks=4, ctx=10240
[*] sliding window configured: W=9996, sinks=4 (effective context: 10000)
  [TRACE] "小": L0[||x||=7.63 C268(+245.73--11.84) B1076(+8636.60--20.82) P448(max0.000)] L4[||x||=6.00 C268(+617.24--7.01) B1076(+1627.46--39.35) P448(max0.000)] L7[||x||=6.00 C268(+611.33--5.14) B1076(+9999.60--16.86) P448(max0.000)] | H=12.82/15 top3=32609 192 168 
  [LOGIC] mlp=-1137.2714 attn=-5.1606 div=33.9454
  [TIME] CE=162ms logic_reg=2323ms
  step  2260/8000 (global=6260)  loss=7.1813  avg=6.5499  lr=0.000469  B=6  1928ms
  [WB] boundary=93/100  core_diff=2.4472  bin_diff=0.0564  ratio=43.39  prune_act=0.0000
  [WB] structure=10/16 (62%)  opp_sim=0.066
  [WB] BOUNDARY OK | CORE>BIN OK | PRUNE silent OK
  [LOGIC] mlp=-1138.5247 attn=-5.1662 div=33.9449
  [TIME] CE=132ms logic_reg=2431ms
  step  2270/8000 (global=6270)  loss=7.2286  avg=6.6294  lr=0.000468  B=5  1928ms
  [WB] boundary=93/100  core_diff=2.4518  bin_diff=0.0564  ratio=43.49  prune_act=0.0000
  [WB] structure=10/16 (62%)  opp_sim=0.066
  [WB] BOUNDARY OK | CORE>BIN OK | PRUNE silent OK
    [plan-I] step 3649 W_v approx_rank=17.4 (frob=10.60 max_row=0.61)
    [ortho] step 3649 L0 W_o off_diag=0.22 diag_dev=0.0702
    [plan-I] step 3649 W_v approx_rank=17.4 (frob=10.56 max_row=0.61)
    [ortho] step 3649 L1 W_o off_diag=0.21 diag_dev=0.0706
    [plan-I] step 3649 W_v approx_rank=17.4 (frob=10.67 max_row=0.61)
    [ortho] step 3649 L2 W_o off_diag=0.22 diag_dev=0.0702
    [plan-I] step 3649 W_v approx_rank=17.3 (frob=10.55 max_row=0.61)
    [ortho] step 3649 L3 W_o off_diag=0.22 diag_dev=0.0700
    [plan-I] step 3649 W_v approx_rank=17.1 (frob=10.43 max_row=0.61)
    [ortho] step 3649 L4 W_o off_diag=0.22 diag_dev=0.0704
    [plan-I] step 3649 W_v approx_rank=17.4 (frob=10.70 max_row=0.62)
    [ortho] step 3649 L5 W_o off_diag=0.22 diag_dev=0.0706
    [plan-I] step 3649 W_v approx_rank=17.1 (frob=10.49 max_row=0.61)
    [ortho] step 3649 L6 W_o off_diag=0.22 diag_dev=0.0702
    [plan-I] step 3649 W_v approx_rank=17.1 (frob=10.60 max_row=0.62)
    [ortho] step 3649 L7 W_o off_diag=0.22 diag_dev=0.0707
  [LOGIC] mlp=-1137.0457 attn=-5.1637 div=33.9442
  [TIME] CE=160ms logic_reg=2347ms
  step  2280/8000 (global=6280)  loss=7.7263  avg=6.6375  lr=0.000467  B=6  1928ms
  [WB] boundary=93/100  core_diff=2.4544  bin_diff=0.0570  ratio=43.08  prune_act=0.0000
  [WB] structure=10/16 (62%)  opp_sim=0.066
  [WB] BOUNDARY OK | CORE>BIN OK | PRUNE silent OK
  [LOGIC] mlp=-1138.6807 attn=-5.1637 div=33.9440
  [TIME] CE=189ms logic_reg=2383ms
  step  2290/8000 (global=6290)  loss=5.3505  avg=6.7659  lr=0.000465  B=7  1928ms
  [WB] boundary=93/100  core_diff=2.4566  bin_diff=0.0573  ratio=42.84  prune_act=0.0000
  [WB] structure=10/16 (62%)  opp_sim=0.066
  [WB] BOUNDARY OK | CORE>BIN OK | PRUNE silent OK
  [LOGIC] mlp=-1144.9250 attn=-5.1804 div=33.9435
  [TIME] CE=110ms logic_reg=2387ms
  step  2300/8000 (global=6300)  loss=6.1619  avg=6.7603  lr=0.000464  B=4  1928ms
  [WB] boundary=93/100  core_diff=2.4626  bin_diff=0.0576  ratio=42.78  prune_act=0.0000
  [WB] structure=10/16 (62%)  opp_sim=0.066
  [WB] BOUNDARY OK | CORE>BIN OK | PRUNE silent OK
[*] stateful inference started: window=9996, sinks=4, ctx=10240
[*] sliding window configured: W=9996, sinks=4 (effective context: 10000)
  [TRACE] "热": L0[||x||=7.68 C268(+262.87--11.33) B1076(+8656.21--20.91) P448(max0.000)] L4[||x||=6.00 C268(+698.15--6.81) B1076(+1597.76--39.50) P448(max0.000)] L7[||x||=6.00 C268(+486.71--7.49) B1076(+9230.93--17.36) P448(max0.000)] | H=13.29/15 top3=32609 233 31918 
  [LOGIC] mlp=-1147.9203 attn=-5.1906 div=33.9429
  [TIME] CE=109ms logic_reg=2419ms
  step  2310/8000 (global=6310)  loss=6.0537  avg=6.6504  lr=0.000463  B=4  1928ms
  [WB] boundary=93/100  core_diff=2.4687  bin_diff=0.0577  ratio=42.81  prune_act=0.0000
  [WB] structure=10/16 (62%)  opp_sim=0.066
  [WB] BOUNDARY OK | CORE>BIN OK | PRUNE silent OK
  [LOGIC] mlp=-1150.6659 attn=-5.1952 div=33.9436
  [TIME] CE=113ms logic_reg=2328ms
  step  2320/8000 (global=6320)  loss=7.2950  avg=6.6700  lr=0.000461  B=4  1928ms
  [WB] boundary=93/100  core_diff=2.4733  bin_diff=0.0576  ratio=42.90  prune_act=0.0000
  [WB] structure=10/16 (62%)  opp_sim=0.066
  [WB] BOUNDARY OK | CORE>BIN OK | PRUNE silent OK
    [plan-I] step 3699 W_v approx_rank=17.4 (frob=10.60 max_row=0.61)
    [ortho] step 3699 L0 W_o off_diag=0.21 diag_dev=0.0712
    [plan-I] step 3699 W_v approx_rank=17.4 (frob=10.56 max_row=0.61)
    [ortho] step 3699 L1 W_o off_diag=0.21 diag_dev=0.0713
    [plan-I] step 3699 W_v approx_rank=17.4 (frob=10.67 max_row=0.61)
    [ortho] step 3699 L2 W_o off_diag=0.21 diag_dev=0.0711
    [plan-I] step 3699 W_v approx_rank=17.3 (frob=10.55 max_row=0.61)
    [ortho] step 3699 L3 W_o off_diag=0.21 diag_dev=0.0712
    [plan-I] step 3699 W_v approx_rank=17.1 (frob=10.43 max_row=0.61)
    [ortho] step 3699 L4 W_o off_diag=0.21 diag_dev=0.0713
    [plan-I] step 3699 W_v approx_rank=17.4 (frob=10.70 max_row=0.62)
    [ortho] step 3699 L5 W_o off_diag=0.21 diag_dev=0.0712
    [plan-I] step 3699 W_v approx_rank=17.1 (frob=10.49 max_row=0.61)
    [ortho] step 3699 L6 W_o off_diag=0.21 diag_dev=0.0711
    [plan-I] step 3699 W_v approx_rank=17.1 (frob=10.60 max_row=0.62)
    [ortho] step 3699 L7 W_o off_diag=0.21 diag_dev=0.0712
  [LOGIC] mlp=-1152.3484 attn=-5.2000 div=33.9441
  [TIME] CE=322ms logic_reg=2331ms
  step  2330/8000 (global=6330)  loss=3.5499  avg=6.6774  lr=0.000460  B=7  1928ms
  [WB] boundary=93/100  core_diff=2.4748  bin_diff=0.0575  ratio=43.02  prune_act=0.0000
  [WB] structure=10/16 (62%)  opp_sim=0.066
  [WB] BOUNDARY OK | CORE>BIN OK | PRUNE silent OK
  [LOGIC] mlp=-1153.7406 attn=-5.2038 div=33.9437
  [TIME] CE=190ms logic_reg=2324ms
  step  2340/8000 (global=6340)  loss=5.8101  avg=6.6497  lr=0.000459  B=7  1928ms
  [WB] boundary=93/100  core_diff=2.4802  bin_diff=0.0578  ratio=42.87  prune_act=0.0000
  [WB] structure=10/16 (62%)  opp_sim=0.066
  [WB] BOUNDARY OK | CORE>BIN OK | PRUNE silent OK
  [LOGIC] mlp=-1155.5089 attn=-5.2004 div=33.9435
  [TIME] CE=131ms logic_reg=2382ms
  step  2350/8000 (global=6350)  loss=9.6259  avg=6.6672  lr=0.000457  B=5  1928ms
  [WB] boundary=93/100  core_diff=2.4861  bin_diff=0.0582  ratio=42.70  prune_act=0.0000
  [WB] structure=10/16 (62%)  opp_sim=0.066
  [WB] BOUNDARY OK | CORE>BIN OK | PRUNE silent OK
[*] stateful inference started: window=9996, sinks=4, ctx=10240
[*] sliding window configured: W=9996, sinks=4 (effective context: 10000)
  [TRACE] "冷": L0[||x||=7.63 C268(+260.92--11.43) B1076(+8683.53--20.75) P448(max0.000)] L4[||x||=6.00 C268(+655.20--6.77) B1076(+1641.03--38.64) P448(max0.000)] L7[||x||=6.00 C268(+588.91--5.73) B1076(+9860.19--16.79) P448(max0.000)] | H=13.14/15 top3=32765 192 32609 
  [LOGIC] mlp=-1154.1371 attn=-5.1946 div=33.9430
  [TIME] CE=134ms logic_reg=2353ms
  step  2360/8000 (global=6360)  loss=8.0967  avg=6.7150  lr=0.000456  B=5  1928ms
  [WB] boundary=93/100  core_diff=2.4893  bin_diff=0.0587  ratio=42.39  prune_act=0.0000
  [WB] structure=10/16 (62%)  opp_sim=0.066
  [WB] BOUNDARY OK | CORE>BIN OK | PRUNE silent OK
  [LOGIC] mlp=-1155.2670 attn=-5.1915 div=33.9430
  [TIME] CE=158ms logic_reg=2340ms
  step  2370/8000 (global=6370)  loss=6.5664  avg=6.6486  lr=0.000455  B=6  1928ms
  [WB] boundary=93/100  core_diff=2.4926  bin_diff=0.0588  ratio=42.37  prune_act=0.0000
  [WB] structure=10/16 (62%)  opp_sim=0.066
  [WB] BOUNDARY OK | CORE>BIN OK | PRUNE silent OK
    [plan-I] step 3749 W_v approx_rank=17.4 (frob=10.60 max_row=0.61)
    [ortho] step 3749 L0 W_o off_diag=0.22 diag_dev=0.0701
    [plan-I] step 3749 W_v approx_rank=17.4 (frob=10.56 max_row=0.61)
    [ortho] step 3749 L1 W_o off_diag=0.21 diag_dev=0.0707
    [plan-I] step 3749 W_v approx_rank=17.4 (frob=10.67 max_row=0.61)
    [ortho] step 3749 L2 W_o off_diag=0.22 diag_dev=0.0704
    [plan-I] step 3749 W_v approx_rank=17.3 (frob=10.55 max_row=0.61)
    [ortho] step 3749 L3 W_o off_diag=0.21 diag_dev=0.0705
    [plan-I] step 3749 W_v approx_rank=17.1 (frob=10.43 max_row=0.61)
    [ortho] step 3749 L4 W_o off_diag=0.21 diag_dev=0.0708
    [plan-I] step 3749 W_v approx_rank=17.4 (frob=10.70 max_row=0.62)
    [ortho] step 3749 L5 W_o off_diag=0.21 diag_dev=0.0707
    [plan-I] step 3749 W_v approx_rank=17.1 (frob=10.49 max_row=0.61)
    [ortho] step 3749 L6 W_o off_diag=0.22 diag_dev=0.0704
    [plan-I] step 3749 W_v approx_rank=17.1 (frob=10.60 max_row=0.62)
    [ortho] step 3749 L7 W_o off_diag=0.22 diag_dev=0.0707
  [LOGIC] mlp=-1158.6298 attn=-5.1962 div=33.9431
  [TIME] CE=108ms logic_reg=2323ms
  step  2380/8000 (global=6380)  loss=6.5210  avg=6.7573  lr=0.000453  B=4  1928ms
  [WB] boundary=93/100  core_diff=2.4939  bin_diff=0.0588  ratio=42.43  prune_act=0.0000
  [WB] structure=10/16 (62%)  opp_sim=0.066
  [WB] BOUNDARY OK | CORE>BIN OK | PRUNE silent OK
  [LOGIC] mlp=-1159.3088 attn=-5.1984 div=33.9443
  [TIME] CE=230ms logic_reg=2317ms
  step  2390/8000 (global=6390)  loss=5.7666  avg=6.7244  lr=0.000452  B=6  1927ms
  [WB] boundary=93/100  core_diff=2.4902  bin_diff=0.0585  ratio=42.58  prune_act=0.0000
  [WB] structure=10/16 (62%)  opp_sim=0.066
  [WB] BOUNDARY OK | CORE>BIN OK | PRUNE silent OK
  [LOGIC] mlp=-1160.2772 attn=-5.1995 div=33.9447
  [TIME] CE=159ms logic_reg=2504ms
  step  2400/8000 (global=6400)  loss=10.5532  avg=6.8048  lr=0.000451  B=6  1928ms
  [WB] boundary=93/100  core_diff=2.4902  bin_diff=0.0584  ratio=42.62  prune_act=0.0000
  [WB] structure=10/16 (62%)  opp_sim=0.066
  [WB] BOUNDARY OK | CORE>BIN OK | PRUNE silent OK
[*] stateful inference started: window=9996, sinks=4, ctx=10240
[*] sliding window configured: W=9996, sinks=4 (effective context: 10000)
  [TRACE] "火": L0[||x||=7.51 C268(+258.11--9.82) B1076(+8669.70--21.31) P448(max0.000)] L4[||x||=6.00 C268(+719.72--6.74) B1076(+1669.28--38.93) P448(max0.000)] L7[||x||=6.00 C268(+510.73--7.48) B1076(+9626.95--16.46) P448(max0.000)] | H=13.19/15 top3=32609 194 31918 
  [LOGIC] mlp=-1159.6705 attn=-5.2026 div=33.9442
  [TIME] CE=133ms logic_reg=2423ms
  step  2410/8000 (global=6410)  loss=6.7498  avg=6.8851  lr=0.000449  B=5  1928ms
  [WB] boundary=93/100  core_diff=2.4914  bin_diff=0.0586  ratio=42.49  prune_act=0.0000
  [WB] structure=10/16 (62%)  opp_sim=0.066
  [WB] BOUNDARY OK | CORE>BIN OK | PRUNE silent OK
  [LOGIC] mlp=-1161.0481 attn=-5.2048 div=33.9440
  [TIME] CE=135ms logic_reg=2342ms
  step  2420/8000 (global=6420)  loss=5.4932  avg=7.0198  lr=0.000448  B=5  1928ms
  [WB] boundary=93/100  core_diff=2.4910  bin_diff=0.0586  ratio=42.53  prune_act=0.0000
  [WB] structure=10/16 (62%)  opp_sim=0.066
  [WB] BOUNDARY OK | CORE>BIN OK | PRUNE silent OK
    [plan-I] step 3799 W_v approx_rank=17.4 (frob=10.60 max_row=0.61)
    [ortho] step 3799 L0 W_o off_diag=0.21 diag_dev=0.0709
    [plan-I] step 3799 W_v approx_rank=17.4 (frob=10.56 max_row=0.61)
    [ortho] step 3799 L1 W_o off_diag=0.21 diag_dev=0.0712
    [plan-I] step 3799 W_v approx_rank=17.4 (frob=10.67 max_row=0.61)
    [ortho] step 3799 L2 W_o off_diag=0.21 diag_dev=0.0708
    [plan-I] step 3799 W_v approx_rank=17.3 (frob=10.55 max_row=0.61)
    [ortho] step 3799 L3 W_o off_diag=0.21 diag_dev=0.0707
    [plan-I] step 3799 W_v approx_rank=17.1 (frob=10.43 max_row=0.61)
    [ortho] step 3799 L4 W_o off_diag=0.21 diag_dev=0.0710
    [plan-I] step 3799 W_v approx_rank=17.4 (frob=10.70 max_row=0.62)
    [ortho] step 3799 L5 W_o off_diag=0.21 diag_dev=0.0710
    [plan-I] step 3799 W_v approx_rank=17.1 (frob=10.49 max_row=0.61)
    [ortho] step 3799 L6 W_o off_diag=0.21 diag_dev=0.0707
    [plan-I] step 3799 W_v approx_rank=17.1 (frob=10.60 max_row=0.62)
    [ortho] step 3799 L7 W_o off_diag=0.21 diag_dev=0.0713
  [LOGIC] mlp=-1163.8676 attn=-5.2086 div=33.9435
  [TIME] CE=163ms logic_reg=2353ms
  step  2430/8000 (global=6430)  loss=6.1765  avg=6.8991  lr=0.000447  B=6  1928ms
  [WB] boundary=93/100  core_diff=2.4941  bin_diff=0.0587  ratio=42.46  prune_act=0.0000
  [WB] structure=10/16 (62%)  opp_sim=0.066
  [WB] BOUNDARY OK | CORE>BIN OK | PRUNE silent OK
  [LOGIC] mlp=-1165.7078 attn=-5.2129 div=33.9439
  [TIME] CE=135ms logic_reg=2408ms
  step  2440/8000 (global=6440)  loss=7.7097  avg=7.0069  lr=0.000446  B=5  1928ms
  [WB] boundary=93/100  core_diff=2.4942  bin_diff=0.0584  ratio=42.69  prune_act=0.0000
  [WB] structure=10/16 (62%)  opp_sim=0.066
  [WB] BOUNDARY OK | CORE>BIN OK | PRUNE silent OK
  [LOGIC] mlp=-1166.9430 attn=-5.2130 div=33.9444
  [TIME] CE=158ms logic_reg=2317ms
  step  2450/8000 (global=6450)  loss=5.7285  avg=7.0484  lr=0.000444  B=6  1928ms
  [WB] boundary=93/100  core_diff=2.4948  bin_diff=0.0581  ratio=42.90  prune_act=0.0000
  [WB] structure=10/16 (62%)  opp_sim=0.066
  [WB] BOUNDARY OK | CORE>BIN OK | PRUNE silent OK
[*] stateful inference started: window=9996, sinks=4, ctx=10240
[*] sliding window configured: W=9996, sinks=4 (effective context: 10000)
  [TRACE] "水": L0[||x||=7.75 C268(+255.38--12.09) B1076(+8771.15--19.71) P448(max0.000)] L4[||x||=6.00 C268(+685.11--6.54) B1076(+1704.46--37.89) P448(max0.000)] L7[||x||=6.00 C268(+522.61--6.92) B1076(+9563.97--16.85) P448(max0.000)] | H=13.51/15 top3=232 235 136 
  [LOGIC] mlp=-1167.3362 attn=-5.2140 div=33.9443
  [TIME] CE=136ms logic_reg=2492ms
  step  2460/8000 (global=6460)  loss=6.4037  avg=7.0716  lr=0.000443  B=5  1928ms
  [WB] boundary=93/100  core_diff=2.4982  bin_diff=0.0583  ratio=42.85  prune_act=0.0000
  [WB] structure=10/16 (62%)  opp_sim=0.066
  [WB] BOUNDARY OK | CORE>BIN OK | PRUNE silent OK
  [LOGIC] mlp=-1167.8572 attn=-5.2190 div=33.9442
  [TIME] CE=135ms logic_reg=2359ms
  step  2470/8000 (global=6470)  loss=6.1894  avg=6.8947  lr=0.000442  B=5  1928ms
  [WB] boundary=93/100  core_diff=2.5027  bin_diff=0.0584  ratio=42.83  prune_act=0.0000
  [WB] structure=10/16 (62%)  opp_sim=0.066
  [WB] BOUNDARY OK | CORE>BIN OK | PRUNE silent OK
    [plan-I] step 3849 W_v approx_rank=17.4 (frob=10.60 max_row=0.61)
    [ortho] step 3849 L0 W_o off_diag=0.22 diag_dev=0.0708
    [plan-I] step 3849 W_v approx_rank=17.4 (frob=10.56 max_row=0.61)
    [ortho] step 3849 L1 W_o off_diag=0.21 diag_dev=0.0708
    [plan-I] step 3849 W_v approx_rank=17.4 (frob=10.67 max_row=0.61)
    [ortho] step 3849 L2 W_o off_diag=0.22 diag_dev=0.0702
    [plan-I] step 3849 W_v approx_rank=17.3 (frob=10.55 max_row=0.61)
    [ortho] step 3849 L3 W_o off_diag=0.22 diag_dev=0.0704
    [plan-I] step 3849 W_v approx_rank=17.1 (frob=10.43 max_row=0.61)
    [ortho] step 3849 L4 W_o off_diag=0.21 diag_dev=0.0708
    [plan-I] step 3849 W_v approx_rank=17.4 (frob=10.70 max_row=0.62)
    [ortho] step 3849 L5 W_o off_diag=0.21 diag_dev=0.0710
    [plan-I] step 3849 W_v approx_rank=17.1 (frob=10.49 max_row=0.61)
    [ortho] step 3849 L6 W_o off_diag=0.22 diag_dev=0.0708
    [plan-I] step 3849 W_v approx_rank=17.1 (frob=10.60 max_row=0.62)
    [ortho] step 3849 L7 W_o off_diag=0.21 diag_dev=0.0710
  [LOGIC] mlp=-1169.6171 attn=-5.2247 div=33.9434
  [TIME] CE=184ms logic_reg=2319ms
  step  2480/8000 (global=6480)  loss=5.3810  avg=6.9295  lr=0.000440  B=7  1928ms
  [WB] boundary=93/100  core_diff=2.5122  bin_diff=0.0592  ratio=42.41  prune_act=0.0000
  [WB] structure=10/16 (62%)  opp_sim=0.066
  [WB] BOUNDARY OK | CORE>BIN OK | PRUNE silent OK
  [LOGIC] mlp=-1168.8707 attn=-5.2226 div=33.9424
  [TIME] CE=162ms logic_reg=2320ms
  step  2490/8000 (global=6490)  loss=7.2025  avg=6.8943  lr=0.000439  B=6  1928ms
  [WB] boundary=93/100  core_diff=2.5208  bin_diff=0.0599  ratio=42.10  prune_act=0.0000
  [WB] structure=10/16 (62%)  opp_sim=0.066
  [WB] BOUNDARY OK | CORE>BIN OK | PRUNE silent OK
  [LOGIC] mlp=-1172.7865 attn=-5.2281 div=33.9427
  [TIME] CE=134ms logic_reg=2403ms
  step  2500/8000 (global=6500)  loss=6.4480  avg=6.7044  lr=0.000438  B=5  1928ms
  [WB] boundary=93/100  core_diff=2.5205  bin_diff=0.0596  ratio=42.27  prune_act=0.0000
  [WB] structure=10/16 (62%)  opp_sim=0.067
  [WB] BOUNDARY OK | CORE>BIN OK | PRUNE silent OK
[*] stateful inference started: window=9996, sinks=4, ctx=10240
[*] sliding window configured: W=9996, sinks=4 (effective context: 10000)
  [TRACE] "大": L0[||x||=7.32 C268(+190.04--9.77) B1076(+8561.42--21.23) P448(max0.000)] L4[||x||=6.00 C268(+842.21--6.13) B1076(+1629.45--39.60) P448(max0.000)] L7[||x||=6.00 C268(+496.62--7.14) B1076(+8571.96--14.28) P448(max0.000)] | H=13.16/15 top3=235 234 232 
  [LOGIC] mlp=-1175.9353 attn=-5.2349 div=33.9429
  [TIME] CE=136ms logic_reg=2339ms
  step  2510/8000 (global=6510)  loss=5.5489  avg=6.6611  lr=0.000436  B=5  1928ms
  [WB] boundary=93/100  core_diff=2.5208  bin_diff=0.0594  ratio=42.46  prune_act=0.0000
  [WB] structure=10/16 (62%)  opp_sim=0.067
  [WB] BOUNDARY OK | CORE>BIN OK | PRUNE silent OK
  [LOGIC] mlp=-1178.6681 attn=-5.2429 div=33.9428
  [TIME] CE=135ms logic_reg=2333ms
  step  2520/8000 (global=6520)  loss=8.1895  avg=6.7167  lr=0.000435  B=5  1928ms
  [WB] boundary=93/100  core_diff=2.5235  bin_diff=0.0592  ratio=42.59  prune_act=0.0000
  [WB] structure=10/16 (62%)  opp_sim=0.067
  [WB] BOUNDARY OK | CORE>BIN OK | PRUNE silent OK
    [plan-I] step 3899 W_v approx_rank=17.4 (frob=10.60 max_row=0.61)
    [ortho] step 3899 L0 W_o off_diag=0.22 diag_dev=0.0705
    [plan-I] step 3899 W_v approx_rank=17.4 (frob=10.56 max_row=0.61)
    [ortho] step 3899 L1 W_o off_diag=0.21 diag_dev=0.0712
    [plan-I] step 3899 W_v approx_rank=17.4 (frob=10.67 max_row=0.61)
    [ortho] step 3899 L2 W_o off_diag=0.21 diag_dev=0.0708
    [plan-I] step 3899 W_v approx_rank=17.3 (frob=10.55 max_row=0.61)
    [ortho] step 3899 L3 W_o off_diag=0.21 diag_dev=0.0709
    [plan-I] step 3899 W_v approx_rank=17.1 (frob=10.43 max_row=0.61)
    [ortho] step 3899 L4 W_o off_diag=0.21 diag_dev=0.0712
    [plan-I] step 3899 W_v approx_rank=17.4 (frob=10.70 max_row=0.62)
    [ortho] step 3899 L5 W_o off_diag=0.21 diag_dev=0.0713
    [plan-I] step 3899 W_v approx_rank=17.1 (frob=10.49 max_row=0.61)
    [ortho] step 3899 L6 W_o off_diag=0.21 diag_dev=0.0710
    [plan-I] step 3899 W_v approx_rank=17.1 (frob=10.60 max_row=0.62)
    [ortho] step 3899 L7 W_o off_diag=0.21 diag_dev=0.0715
  [LOGIC] mlp=-1179.7307 attn=-5.2491 div=33.9429
  [TIME] CE=135ms logic_reg=2563ms
  step  2530/8000 (global=6530)  loss=6.7113  avg=6.7485  lr=0.000434  B=5  1928ms
  [WB] boundary=93/100  core_diff=2.5253  bin_diff=0.0592  ratio=42.63  prune_act=0.0000
  [WB] structure=10/16 (62%)  opp_sim=0.067
  [WB] BOUNDARY OK | CORE>BIN OK | PRUNE silent OK
  [LOGIC] mlp=-1180.4514 attn=-5.2546 div=33.9430
  [TIME] CE=136ms logic_reg=2333ms
  step  2540/8000 (global=6540)  loss=5.7276  avg=6.7027  lr=0.000433  B=5  1928ms
  [WB] boundary=93/100  core_diff=2.5265  bin_diff=0.0593  ratio=42.63  prune_act=0.0000
  [WB] structure=10/16 (62%)  opp_sim=0.067
  [WB] BOUNDARY OK | CORE>BIN OK | PRUNE silent OK
  [LOGIC] mlp=-1181.2950 attn=-5.2538 div=33.9435
  [TIME] CE=161ms logic_reg=2546ms
  step  2550/8000 (global=6550)  loss=8.7777  avg=6.7081  lr=0.000431  B=6  1928ms
  [WB] boundary=93/100  core_diff=2.5268  bin_diff=0.0591  ratio=42.74  prune_act=0.0000
  [WB] structure=10/16 (62%)  opp_sim=0.067
  [WB] BOUNDARY OK | CORE>BIN OK | PRUNE silent OK
[*] stateful inference started: window=9996, sinks=4, ctx=10240
[*] sliding window configured: W=9996, sinks=4 (effective context: 10000)
  [TRACE] "小": L0[||x||=7.72 C268(+242.19--11.12) B1076(+8797.50--20.10) P448(max0.000)] L4[||x||=6.00 C268(+753.36--6.34) B1076(+1754.28--37.94) P448(max0.000)] L7[||x||=6.00 C268(+511.47--7.20) B1076(+9571.12--15.65) P448(max0.000)] | H=13.35/15 top3=32609 235 192 
  [LOGIC] mlp=-1180.5521 attn=-5.2448 div=33.9436
  [TIME] CE=162ms logic_reg=2458ms
  step  2560/8000 (global=6560)  loss=7.7643  avg=6.8393  lr=0.000430  B=6  1928ms
  [WB] boundary=93/100  core_diff=2.5269  bin_diff=0.0593  ratio=42.62  prune_act=0.0000
  [WB] structure=10/16 (62%)  opp_sim=0.067
  [WB] BOUNDARY OK | CORE>BIN OK | PRUNE silent OK
  [LOGIC] mlp=-1180.3281 attn=-5.2372 div=33.9438
  [TIME] CE=162ms logic_reg=2331ms
  step  2570/8000 (global=6570)  loss=6.3534  avg=6.9491  lr=0.000429  B=6  1928ms
  [WB] boundary=93/100  core_diff=2.5262  bin_diff=0.0592  ratio=42.69  prune_act=0.0000
  [WB] structure=10/16 (62%)  opp_sim=0.067
  [WB] BOUNDARY OK | CORE>BIN OK | PRUNE silent OK
    [plan-I] step 3949 W_v approx_rank=17.4 (frob=10.60 max_row=0.61)
    [ortho] step 3949 L0 W_o off_diag=0.21 diag_dev=0.0705
    [plan-I] step 3949 W_v approx_rank=17.4 (frob=10.56 max_row=0.61)
    [ortho] step 3949 L1 W_o off_diag=0.21 diag_dev=0.0707
    [plan-I] step 3949 W_v approx_rank=17.4 (frob=10.67 max_row=0.61)
    [ortho] step 3949 L2 W_o off_diag=0.22 diag_dev=0.0702
    [plan-I] step 3949 W_v approx_rank=17.3 (frob=10.55 max_row=0.61)
    [ortho] step 3949 L3 W_o off_diag=0.22 diag_dev=0.0702
    [plan-I] step 3949 W_v approx_rank=17.1 (frob=10.43 max_row=0.61)
    [ortho] step 3949 L4 W_o off_diag=0.21 diag_dev=0.0706
    [plan-I] step 3949 W_v approx_rank=17.4 (frob=10.70 max_row=0.62)
    [ortho] step 3949 L5 W_o off_diag=0.22 diag_dev=0.0706
    [plan-I] step 3949 W_v approx_rank=17.1 (frob=10.49 max_row=0.61)
    [ortho] step 3949 L6 W_o off_diag=0.22 diag_dev=0.0705
    [plan-I] step 3949 W_v approx_rank=17.1 (frob=10.60 max_row=0.62)
    [ortho] step 3949 L7 W_o off_diag=0.21 diag_dev=0.0709
  [LOGIC] mlp=-1181.1898 attn=-5.2349 div=33.9436
  [TIME] CE=136ms logic_reg=2442ms
  step  2580/8000 (global=6580)  loss=7.4352  avg=6.9386  lr=0.000427  B=5  1928ms
  [WB] boundary=93/100  core_diff=2.5282  bin_diff=0.0594  ratio=42.56  prune_act=0.0000
  [WB] structure=10/16 (62%)  opp_sim=0.067
  [WB] BOUNDARY OK | CORE>BIN OK | PRUNE silent OK
  [LOGIC] mlp=-1180.5215 attn=-5.2359 div=33.9433
  [TIME] CE=109ms logic_reg=2345ms
  step  2590/8000 (global=6590)  loss=5.3729  avg=6.8252  lr=0.000426  B=4  1928ms
  [WB] boundary=93/100  core_diff=2.5297  bin_diff=0.0593  ratio=42.67  prune_act=0.0000
  [WB] structure=10/16 (62%)  opp_sim=0.067
  [WB] BOUNDARY OK | CORE>BIN OK | PRUNE silent OK
  [LOGIC] mlp=-1184.3274 attn=-5.2478 div=33.9439
  [TIME] CE=158ms logic_reg=2403ms
  step  2600/8000 (global=6600)  loss=5.7389  avg=6.6662  lr=0.000425  B=6  1928ms
  [WB] boundary=93/100  core_diff=2.5277  bin_diff=0.0588  ratio=42.95  prune_act=0.0000
  [WB] structure=10/16 (62%)  opp_sim=0.067
  [WB] BOUNDARY OK | CORE>BIN OK | PRUNE silent OK
[*] stateful inference started: window=9996, sinks=4, ctx=10240
[*] sliding window configured: W=9996, sinks=4 (effective context: 10000)
  [TRACE] "热": L0[||x||=7.81 C268(+273.73--10.40) B1076(+8867.16--20.00) P448(max0.000)] L4[||x||=6.00 C268(+816.45--6.02) B1076(+1811.07--37.63) P448(max0.000)] L7[||x||=6.00 C268(+467.57--9.77) B1076(+8916.96--15.24) P448(max0.000)] | H=13.34/15 top3=32609 235 233 
  [LOGIC] mlp=-1185.7930 attn=-5.2538 div=33.9442
  [TIME] CE=182ms logic_reg=2453ms
  step  2610/8000 (global=6610)  loss=8.7367  avg=6.7387  lr=0.000423  B=7  1929ms
  [WB] boundary=93/100  core_diff=2.5275  bin_diff=0.0586  ratio=43.14  prune_act=0.0000
  [WB] structure=10/16 (62%)  opp_sim=0.067
  [WB] BOUNDARY OK | CORE>BIN OK | PRUNE silent OK
  [LOGIC] mlp=-1185.6855 attn=-5.2550 div=33.9442
  [TIME] CE=181ms logic_reg=2380ms
  step  2620/8000 (global=6620)  loss=4.4436  avg=6.6374  lr=0.000422  B=7  1929ms
  [WB] boundary=93/100  core_diff=2.5270  bin_diff=0.0582  ratio=43.44  prune_act=0.0000
  [WB] structure=10/16 (62%)  opp_sim=0.067
  [WB] BOUNDARY OK | CORE>BIN OK | PRUNE silent OK
    [plan-I] step 3999 W_v approx_rank=17.4 (frob=10.60 max_row=0.61)
    [ortho] step 3999 L0 W_o off_diag=0.22 diag_dev=0.0704
    [plan-I] step 3999 W_v approx_rank=17.4 (frob=10.56 max_row=0.61)
    [ortho] step 3999 L1 W_o off_diag=0.21 diag_dev=0.0707
    [plan-I] step 3999 W_v approx_rank=17.4 (frob=10.67 max_row=0.61)
    [ortho] step 3999 L2 W_o off_diag=0.21 diag_dev=0.0705
    [plan-I] step 3999 W_v approx_rank=17.3 (frob=10.55 max_row=0.61)
    [ortho] step 3999 L3 W_o off_diag=0.22 diag_dev=0.0704
    [plan-I] step 3999 W_v approx_rank=17.1 (frob=10.43 max_row=0.61)
    [ortho] step 3999 L4 W_o off_diag=0.21 diag_dev=0.0706
    [plan-I] step 3999 W_v approx_rank=17.4 (frob=10.70 max_row=0.62)
    [ortho] step 3999 L5 W_o off_diag=0.22 diag_dev=0.0706
    [plan-I] step 3999 W_v approx_rank=17.1 (frob=10.49 max_row=0.61)
    [ortho] step 3999 L6 W_o off_diag=0.22 diag_dev=0.0705
    [plan-I] step 3999 W_v approx_rank=17.1 (frob=10.60 max_row=0.62)
    [ortho] step 3999 L7 W_o off_diag=0.21 diag_dev=0.0710
  [LOGIC] mlp=-1185.5731 attn=-5.2529 div=33.9447
  [TIME] CE=131ms logic_reg=2548ms
  step  2630/8000 (global=6630)  loss=6.4865  avg=6.5575  lr=0.000421  B=5  1929ms
  [WB] boundary=93/100  core_diff=2.5255  bin_diff=0.0577  ratio=43.74  prune_act=0.0000
  [WB] structure=10/16 (62%)  opp_sim=0.067
  [WB] BOUNDARY OK | CORE>BIN OK | PRUNE silent OK
  [LOGIC] mlp=-1186.6846 attn=-5.2518 div=33.9453
  [TIME] CE=133ms logic_reg=2322ms
  step  2640/8000 (global=6640)  loss=4.9899  avg=6.3929  lr=0.000420  B=5  1928ms
  [WB] boundary=93/100  core_diff=2.5250  bin_diff=0.0577  ratio=43.79  prune_act=0.0000
  [WB] structure=10/16 (62%)  opp_sim=0.067
  [WB] BOUNDARY OK | CORE>BIN OK | PRUNE silent OK
  [LOGIC] mlp=-1186.3390 attn=-5.2513 div=33.9454
  [TIME] CE=133ms logic_reg=2323ms
  step  2650/8000 (global=6650)  loss=6.1574  avg=6.3226  lr=0.000418  B=5  1928ms
  [WB] boundary=93/100  core_diff=2.5254  bin_diff=0.0577  ratio=43.79  prune_act=0.0000
  [WB] structure=10/16 (62%)  opp_sim=0.067
  [WB] BOUNDARY OK | CORE>BIN OK | PRUNE silent OK
[*] stateful inference started: window=9996, sinks=4, ctx=10240
[*] sliding window configured: W=9996, sinks=4 (effective context: 10000)
  [TRACE] "冷": L0[||x||=7.78 C268(+264.98--10.25) B1076(+8955.88--20.04) P448(max0.000)] L4[||x||=6.00 C268(+815.69--6.22) B1076(+1873.62--37.51) P448(max0.000)] L7[||x||=6.00 C268(+488.19--8.87) B1076(+9166.26--14.47) P448(max0.000)] | H=13.25/15 top3=32609 232 235 
  [LOGIC] mlp=-1187.8358 attn=-5.2521 div=33.9454
  [TIME] CE=130ms logic_reg=2423ms
  step  2660/8000 (global=6660)  loss=4.5532  avg=6.4693  lr=0.000417  B=5  1928ms
  [WB] boundary=93/100  core_diff=2.5270  bin_diff=0.0574  ratio=44.02  prune_act=0.0000
  [WB] structure=10/16 (62%)  opp_sim=0.067
  [WB] BOUNDARY OK | CORE>BIN OK | PRUNE silent OK
  [LOGIC] mlp=-1187.6912 attn=-5.2470 div=33.9459
  [TIME] CE=131ms logic_reg=2316ms
  step  2670/8000 (global=6670)  loss=7.4626  avg=6.4842  lr=0.000416  B=5  1928ms
  [WB] boundary=93/100  core_diff=2.5254  bin_diff=0.0571  ratio=44.20  prune_act=0.0000
  [WB] structure=10/16 (62%)  opp_sim=0.067
  [WB] BOUNDARY OK | CORE>BIN OK | PRUNE silent OK
    [plan-I] step 4049 W_v approx_rank=17.4 (frob=10.60 max_row=0.61)
    [ortho] step 4049 L0 W_o off_diag=0.21 diag_dev=0.0708
    [plan-I] step 4049 W_v approx_rank=17.4 (frob=10.56 max_row=0.61)
    [ortho] step 4049 L1 W_o off_diag=0.21 diag_dev=0.0711
    [plan-I] step 4049 W_v approx_rank=17.4 (frob=10.67 max_row=0.61)
    [ortho] step 4049 L2 W_o off_diag=0.21 diag_dev=0.0708
    [plan-I] step 4049 W_v approx_rank=17.3 (frob=10.55 max_row=0.61)
    [ortho] step 4049 L3 W_o off_diag=0.21 diag_dev=0.0707
    [plan-I] step 4049 W_v approx_rank=17.1 (frob=10.43 max_row=0.61)
    [ortho] step 4049 L4 W_o off_diag=0.21 diag_dev=0.0711
    [plan-I] step 4049 W_v approx_rank=17.4 (frob=10.70 max_row=0.62)
    [ortho] step 4049 L5 W_o off_diag=0.21 diag_dev=0.0711
    [plan-I] step 4049 W_v approx_rank=17.1 (frob=10.49 max_row=0.61)
    [ortho] step 4049 L6 W_o off_diag=0.21 diag_dev=0.0709
    [plan-I] step 4049 W_v approx_rank=17.1 (frob=10.60 max_row=0.62)
    [ortho] step 4049 L7 W_o off_diag=0.21 diag_dev=0.0712
  [LOGIC] mlp=-1187.9606 attn=-5.2501 div=33.9455
  [TIME] CE=158ms logic_reg=2326ms
  step  2680/8000 (global=6680)  loss=5.0589  avg=6.5216  lr=0.000414  B=6  1928ms
  [WB] boundary=93/100  core_diff=2.5295  bin_diff=0.0574  ratio=44.09  prune_act=0.0000
  [WB] structure=10/16 (62%)  opp_sim=0.067
  [WB] BOUNDARY OK | CORE>BIN OK | PRUNE silent OK
  [LOGIC] mlp=-1190.6041 attn=-5.2572 div=33.9456
  [TIME] CE=131ms logic_reg=2420ms
  step  2690/8000 (global=6690)  loss=6.0669  avg=6.4525  lr=0.000413  B=5  1928ms
  [WB] boundary=93/100  core_diff=2.5325  bin_diff=0.0574  ratio=44.08  prune_act=0.0000
  [WB] structure=10/16 (62%)  opp_sim=0.067
  [WB] BOUNDARY OK | CORE>BIN OK | PRUNE silent OK
  [LOGIC] mlp=-1190.4039 attn=-5.2554 div=33.9457
  [TIME] CE=209ms logic_reg=2315ms
  step  2700/8000 (global=6700)  loss=6.0034  avg=6.4669  lr=0.000412  B=8  1928ms
  [WB] boundary=93/100  core_diff=2.5351  bin_diff=0.0578  ratio=43.90  prune_act=0.0000
  [WB] structure=10/16 (62%)  opp_sim=0.067
  [WB] BOUNDARY OK | CORE>BIN OK | PRUNE silent OK
[*] stateful inference started: window=9996, sinks=4, ctx=10240
[*] sliding window configured: W=9996, sinks=4 (effective context: 10000)
  [TRACE] "火": L0[||x||=7.66 C268(+261.16--9.24) B1076(+8917.70--20.48) P448(max0.000)] L4[||x||=6.00 C268(+894.29--5.94) B1076(+1892.37--38.13) P448(max0.000)] L7[||x||=6.00 C268(+505.07--7.63) B1076(+8873.76--13.62) P448(max0.000)] | H=13.15/15 top3=232 32609 235 
  [LOGIC] mlp=-1189.4612 attn=-5.2533 div=33.9445
  [TIME] CE=135ms logic_reg=2335ms
  step  2710/8000 (global=6710)  loss=6.9150  avg=6.7297  lr=0.000410  B=5  1928ms
  [WB] boundary=93/100  core_diff=2.5437  bin_diff=0.0583  ratio=43.66  prune_act=0.0000
  [WB] structure=10/16 (62%)  opp_sim=0.067
  [WB] BOUNDARY OK | CORE>BIN OK | PRUNE silent OK
  [LOGIC] mlp=-1194.5173 attn=-5.2628 div=33.9445
  [TIME] CE=158ms logic_reg=2453ms
  step  2720/8000 (global=6720)  loss=7.0148  avg=6.5799  lr=0.000409  B=6  1928ms
  [WB] boundary=93/100  core_diff=2.5444  bin_diff=0.0581  ratio=43.76  prune_act=0.0000
  [WB] structure=10/16 (62%)  opp_sim=0.067
  [WB] BOUNDARY OK | CORE>BIN OK | PRUNE silent OK
    [plan-I] step 4099 W_v approx_rank=17.4 (frob=10.60 max_row=0.61)
    [ortho] step 4099 L0 W_o off_diag=0.22 diag_dev=0.0704
    [plan-I] step 4099 W_v approx_rank=17.4 (frob=10.56 max_row=0.61)
    [ortho] step 4099 L1 W_o off_diag=0.21 diag_dev=0.0709
    [plan-I] step 4099 W_v approx_rank=17.4 (frob=10.67 max_row=0.61)
    [ortho] step 4099 L2 W_o off_diag=0.21 diag_dev=0.0705
    [plan-I] step 4099 W_v approx_rank=17.3 (frob=10.55 max_row=0.61)
    [ortho] step 4099 L3 W_o off_diag=0.21 diag_dev=0.0707
    [plan-I] step 4099 W_v approx_rank=17.1 (frob=10.43 max_row=0.61)
    [ortho] step 4099 L4 W_o off_diag=0.21 diag_dev=0.0711
    [plan-I] step 4099 W_v approx_rank=17.4 (frob=10.70 max_row=0.62)
    [ortho] step 4099 L5 W_o off_diag=0.21 diag_dev=0.0713
    [plan-I] step 4099 W_v approx_rank=17.1 (frob=10.49 max_row=0.61)
    [ortho] step 4099 L6 W_o off_diag=0.21 diag_dev=0.0711
    [plan-I] step 4099 W_v approx_rank=17.1 (frob=10.60 max_row=0.62)
    [ortho] step 4099 L7 W_o off_diag=0.21 diag_dev=0.0713
  [LOGIC] mlp=-1196.1859 attn=-5.2657 div=33.9455
  [TIME] CE=169ms logic_reg=2383ms
  step  2730/8000 (global=6730)  loss=6.3050  avg=6.4586  lr=0.000408  B=6  1928ms
  [WB] boundary=93/100  core_diff=2.5421  bin_diff=0.0580  ratio=43.84  prune_act=0.0000
  [WB] structure=10/16 (62%)  opp_sim=0.067
  [WB] BOUNDARY OK | CORE>BIN OK | PRUNE silent OK
  [LOGIC] mlp=-1197.5502 attn=-5.2693 div=33.9455
  [TIME] CE=143ms logic_reg=2415ms
  step  2740/8000 (global=6740)  loss=5.3294  avg=6.2790  lr=0.000407  B=5  1928ms
  [WB] boundary=93/100  core_diff=2.5458  bin_diff=0.0580  ratio=43.93  prune_act=0.0000
  [WB] structure=10/16 (62%)  opp_sim=0.067
  [WB] BOUNDARY OK | CORE>BIN OK | PRUNE silent OK
  [LOGIC] mlp=-1197.5518 attn=-5.2698 div=33.9450
  [TIME] CE=110ms logic_reg=2376ms
  step  2750/8000 (global=6750)  loss=4.9683  avg=6.3178  lr=0.000405  B=4  1928ms
  [WB] boundary=93/100  core_diff=2.5509  bin_diff=0.0581  ratio=43.93  prune_act=0.0000
  [WB] structure=10/16 (62%)  opp_sim=0.067
  [WB] BOUNDARY OK | CORE>BIN OK | PRUNE silent OK
[*] stateful inference started: window=9996, sinks=4, ctx=10240
[*] sliding window configured: W=9996, sinks=4 (effective context: 10000)
  [TRACE] "水": L0[||x||=7.87 C268(+260.07--11.51) B1076(+8990.66--19.18) P448(max0.000)] L4[||x||=6.00 C268(+842.45--5.85) B1076(+1919.45--37.64) P448(max0.000)] L7[||x||=6.00 C268(+515.37--8.13) B1076(+8808.89--13.63) P448(max0.000)] | H=13.32/15 top3=232 32609 31918 
  [LOGIC] mlp=-1198.2275 attn=-5.2695 div=33.9450
  [TIME] CE=208ms logic_reg=2366ms
  step  2760/8000 (global=6760)  loss=5.3694  avg=6.4380  lr=0.000404  B=8  1928ms
  [WB] boundary=93/100  core_diff=2.5534  bin_diff=0.0580  ratio=44.01  prune_act=0.0000
  [WB] structure=10/16 (62%)  opp_sim=0.067
  [WB] BOUNDARY OK | CORE>BIN OK | PRUNE silent OK
  [LOGIC] mlp=-1199.3538 attn=-5.2692 div=33.9454
  [TIME] CE=135ms logic_reg=2324ms
  step  2770/8000 (global=6770)  loss=8.3162  avg=6.3528  lr=0.000403  B=5  1928ms
  [WB] boundary=93/100  core_diff=2.5532  bin_diff=0.0577  ratio=44.21  prune_act=0.0000
  [WB] structure=10/16 (62%)  opp_sim=0.067
  [WB] BOUNDARY OK | CORE>BIN OK | PRUNE silent OK
    [plan-I] step 4149 W_v approx_rank=17.4 (frob=10.60 max_row=0.61)
    [ortho] step 4149 L0 W_o off_diag=0.21 diag_dev=0.0711
    [plan-I] step 4149 W_v approx_rank=17.4 (frob=10.56 max_row=0.61)
    [ortho] step 4149 L1 W_o off_diag=0.21 diag_dev=0.0710
    [plan-I] step 4149 W_v approx_rank=17.4 (frob=10.67 max_row=0.61)
    [ortho] step 4149 L2 W_o off_diag=0.21 diag_dev=0.0706
    [plan-I] step 4149 W_v approx_rank=17.3 (frob=10.55 max_row=0.61)
    [ortho] step 4149 L3 W_o off_diag=0.21 diag_dev=0.0708
    [plan-I] step 4149 W_v approx_rank=17.1 (frob=10.43 max_row=0.61)
    [ortho] step 4149 L4 W_o off_diag=0.21 diag_dev=0.0710
    [plan-I] step 4149 W_v approx_rank=17.4 (frob=10.70 max_row=0.62)
    [ortho] step 4149 L5 W_o off_diag=0.21 diag_dev=0.0712
    [plan-I] step 4149 W_v approx_rank=17.1 (frob=10.49 max_row=0.61)
    [ortho] step 4149 L6 W_o off_diag=0.21 diag_dev=0.0710
    [plan-I] step 4149 W_v approx_rank=17.1 (frob=10.60 max_row=0.62)
    [ortho] step 4149 L7 W_o off_diag=0.21 diag_dev=0.0715
  [LOGIC] mlp=-1200.4281 attn=-5.2698 div=33.9452
  [TIME] CE=135ms logic_reg=2379ms
  step  2780/8000 (global=6780)  loss=5.9926  avg=6.2070  lr=0.000401  B=5  1928ms
  [WB] boundary=93/100  core_diff=2.5570  bin_diff=0.0579  ratio=44.15  prune_act=0.0000
  [WB] structure=10/16 (62%)  opp_sim=0.067
  [WB] BOUNDARY OK | CORE>BIN OK | PRUNE silent OK
  [LOGIC] mlp=-1201.4054 attn=-5.2703 div=33.9454
  [TIME] CE=161ms logic_reg=2320ms
  step  2790/8000 (global=6790)  loss=7.9896  avg=6.3635  lr=0.000400  B=6  1928ms
  [WB] boundary=93/100  core_diff=2.5595  bin_diff=0.0580  ratio=44.11  prune_act=0.0000
  [WB] structure=10/16 (62%)  opp_sim=0.067
  [WB] BOUNDARY OK | CORE>BIN OK | PRUNE silent OK
  [LOGIC] mlp=-1200.7924 attn=-5.2699 div=33.9457
  [TIME] CE=166ms logic_reg=2326ms
  step  2800/8000 (global=6800)  loss=5.5395  avg=6.2989  lr=0.000399  B=6  1928ms
  [WB] boundary=93/100  core_diff=2.5592  bin_diff=0.0581  ratio=44.06  prune_act=0.0000
  [WB] structure=10/16 (62%)  opp_sim=0.067
  [WB] BOUNDARY OK | CORE>BIN OK | PRUNE silent OK
[*] stateful inference started: window=9996, sinks=4, ctx=10240
[*] sliding window configured: W=9996, sinks=4 (effective context: 10000)
  [TRACE] "大": L0[||x||=7.45 C268(+197.27--10.70) B1076(+8759.77--21.07) P448(max0.000)] L4[||x||=6.00 C268(+910.43--5.81) B1076(+1902.93--39.50) P448(max0.000)] L7[||x||=6.00 C268(+555.54--6.88) B1076(+8551.98--13.33) P448(max0.000)] | H=13.05/15 top3=235 232 194 
  [LOGIC] mlp=-1203.7687 attn=-5.2752 div=33.9460
  [TIME] CE=158ms logic_reg=2342ms
  step  2810/8000 (global=6810)  loss=3.6255  avg=6.3156  lr=0.000398  B=6  1928ms
  [WB] boundary=93/100  core_diff=2.5584  bin_diff=0.0579  ratio=44.18  prune_act=0.0000
  [WB] structure=10/16 (62%)  opp_sim=0.067
  [WB] BOUNDARY OK | CORE>BIN OK | PRUNE silent OK
  [LOGIC] mlp=-1202.9543 attn=-5.2721 div=33.9460
  [TIME] CE=164ms logic_reg=2456ms
  step  2820/8000 (global=6820)  loss=4.6670  avg=6.2801  lr=0.000396  B=6  1928ms
  [WB] boundary=93/100  core_diff=2.5573  bin_diff=0.0579  ratio=44.19  prune_act=0.0000
  [WB] structure=10/16 (62%)  opp_sim=0.067
  [WB] BOUNDARY OK | CORE>BIN OK | PRUNE silent OK
    [plan-I] step 4199 W_v approx_rank=17.4 (frob=10.60 max_row=0.61)
    [ortho] step 4199 L0 W_o off_diag=0.22 diag_dev=0.0707
    [plan-I] step 4199 W_v approx_rank=17.4 (frob=10.56 max_row=0.61)
    [ortho] step 4199 L1 W_o off_diag=0.21 diag_dev=0.0713
    [plan-I] step 4199 W_v approx_rank=17.4 (frob=10.67 max_row=0.61)
    [ortho] step 4199 L2 W_o off_diag=0.21 diag_dev=0.0709
    [plan-I] step 4199 W_v approx_rank=17.3 (frob=10.55 max_row=0.61)
    [ortho] step 4199 L3 W_o off_diag=0.21 diag_dev=0.0710
    [plan-I] step 4199 W_v approx_rank=17.1 (frob=10.43 max_row=0.61)
    [ortho] step 4199 L4 W_o off_diag=0.21 diag_dev=0.0711
    [plan-I] step 4199 W_v approx_rank=17.4 (frob=10.70 max_row=0.62)
    [ortho] step 4199 L5 W_o off_diag=0.21 diag_dev=0.0710
    [plan-I] step 4199 W_v approx_rank=17.1 (frob=10.49 max_row=0.61)
    [ortho] step 4199 L6 W_o off_diag=0.22 diag_dev=0.0708
    [plan-I] step 4199 W_v approx_rank=17.1 (frob=10.60 max_row=0.62)
    [ortho] step 4199 L7 W_o off_diag=0.21 diag_dev=0.0716
  [LOGIC] mlp=-1205.6531 attn=-5.2759 div=33.9455
  [TIME] CE=185ms logic_reg=2366ms
  step  2830/8000 (global=6830)  loss=8.9721  avg=6.4223  lr=0.000395  B=7  1928ms
  [WB] boundary=93/100  core_diff=2.5625  bin_diff=0.0581  ratio=44.12  prune_act=0.0000
  [WB] structure=10/16 (62%)  opp_sim=0.067
  [WB] BOUNDARY OK | CORE>BIN OK | PRUNE silent OK
  [LOGIC] mlp=-1208.0739 attn=-5.2804 div=33.9452
  [TIME] CE=134ms logic_reg=2400ms
  step  2840/8000 (global=6840)  loss=5.8324  avg=6.3030  lr=0.000394  B=5  1928ms
  [WB] boundary=93/100  core_diff=2.5656  bin_diff=0.0581  ratio=44.16  prune_act=0.0000
  [WB] structure=10/16 (62%)  opp_sim=0.067
  [WB] BOUNDARY OK | CORE>BIN OK | PRUNE silent OK
  [LOGIC] mlp=-1207.4718 attn=-5.2796 div=33.9452
  [TIME] CE=110ms logic_reg=2318ms
  step  2850/8000 (global=6850)  loss=7.9460  avg=6.4030  lr=0.000392  B=4  1928ms
  [WB] boundary=93/100  core_diff=2.5676  bin_diff=0.0582  ratio=44.15  prune_act=0.0000
  [WB] structure=10/16 (62%)  opp_sim=0.067
  [WB] BOUNDARY OK | CORE>BIN OK | PRUNE silent OK
[*] stateful inference started: window=9996, sinks=4, ctx=10240
[*] sliding window configured: W=9996, sinks=4 (effective context: 10000)
  [TRACE] "小": L0[||x||=7.87 C268(+243.85--10.34) B1076(+9012.72--19.72) P448(max0.000)] L4[||x||=6.00 C268(+880.49--5.99) B1076(+1959.12--38.09) P448(max0.000)] L7[||x||=6.00 C268(+549.90--7.62) B1076(+8815.13--13.15) P448(max0.000)] | H=13.29/15 top3=235 232 31918 
  [LOGIC] mlp=-1208.9451 attn=-5.2858 div=33.9446
  [TIME] CE=135ms logic_reg=2425ms
  step  2860/8000 (global=6860)  loss=6.5200  avg=6.4999  lr=0.000391  B=5  1928ms
  [WB] boundary=93/100  core_diff=2.5747  bin_diff=0.0585  ratio=43.98  prune_act=0.0000
  [WB] structure=10/16 (62%)  opp_sim=0.067
  [WB] BOUNDARY OK | CORE>BIN OK | PRUNE silent OK
  [LOGIC] mlp=-1213.2449 attn=-5.2971 div=33.9435
  [TIME] CE=168ms logic_reg=2347ms
  step  2870/8000 (global=6870)  loss=3.7092  avg=6.5044  lr=0.000390  B=6  1928ms
  [WB] boundary=93/100  core_diff=2.5837  bin_diff=0.0589  ratio=43.90  prune_act=0.0000
  [WB] structure=10/16 (62%)  opp_sim=0.067
  [WB] BOUNDARY OK | CORE>BIN OK | PRUNE silent OK
    [plan-I] step 4249 W_v approx_rank=17.4 (frob=10.60 max_row=0.61)
    [ortho] step 4249 L0 W_o off_diag=0.21 diag_dev=0.0712
    [plan-I] step 4249 W_v approx_rank=17.4 (frob=10.56 max_row=0.61)
    [ortho] step 4249 L1 W_o off_diag=0.21 diag_dev=0.0712
    [plan-I] step 4249 W_v approx_rank=17.4 (frob=10.67 max_row=0.61)
    [ortho] step 4249 L2 W_o off_diag=0.21 diag_dev=0.0708
    [plan-I] step 4249 W_v approx_rank=17.3 (frob=10.55 max_row=0.61)
    [ortho] step 4249 L3 W_o off_diag=0.21 diag_dev=0.0709
    [plan-I] step 4249 W_v approx_rank=17.1 (frob=10.43 max_row=0.61)
    [ortho] step 4249 L4 W_o off_diag=0.21 diag_dev=0.0713
    [plan-I] step 4249 W_v approx_rank=17.4 (frob=10.70 max_row=0.62)
    [ortho] step 4249 L5 W_o off_diag=0.21 diag_dev=0.0712
    [plan-I] step 4249 W_v approx_rank=17.1 (frob=10.49 max_row=0.61)
    [ortho] step 4249 L6 W_o off_diag=0.21 diag_dev=0.0711
    [plan-I] step 4249 W_v approx_rank=17.1 (frob=10.60 max_row=0.62)
    [ortho] step 4249 L7 W_o off_diag=0.21 diag_dev=0.0715
  [LOGIC] mlp=-1212.8805 attn=-5.2992 div=33.9435
  [TIME] CE=110ms logic_reg=2370ms
  step  2880/8000 (global=6880)  loss=9.1189  avg=6.4609  lr=0.000389  B=4  1928ms
  [WB] boundary=93/100  core_diff=2.5842  bin_diff=0.0589  ratio=43.90  prune_act=0.0000
  [WB] structure=10/16 (62%)  opp_sim=0.067
  [WB] BOUNDARY OK | CORE>BIN OK | PRUNE silent OK
  [LOGIC] mlp=-1217.9471 attn=-5.3113 div=33.9433
  [TIME] CE=84ms logic_reg=2334ms
  step  2890/8000 (global=6890)  loss=6.3036  avg=6.4495  lr=0.000387  B=3  1928ms
  [WB] boundary=93/100  core_diff=2.5862  bin_diff=0.0586  ratio=44.15  prune_act=0.0000
  [WB] structure=10/16 (62%)  opp_sim=0.067
  [WB] BOUNDARY OK | CORE>BIN OK | PRUNE silent OK
  [LOGIC] mlp=-1220.4767 attn=-5.3203 div=33.9433
  [TIME] CE=140ms logic_reg=2331ms
  step  2900/8000 (global=6900)  loss=7.9932  avg=6.4032  lr=0.000386  B=5  1928ms
  [WB] boundary=93/100  core_diff=2.5911  bin_diff=0.0585  ratio=44.32  prune_act=0.0000
  [WB] structure=10/16 (62%)  opp_sim=0.067
  [WB] BOUNDARY OK | CORE>BIN OK | PRUNE silent OK
[*] stateful inference started: window=9996, sinks=4, ctx=10240
[*] sliding window configured: W=9996, sinks=4 (effective context: 10000)
  [TRACE] "热": L0[||x||=7.93 C268(+263.59--10.19) B1076(+9003.83--19.73) P448(max0.000)] L4[||x||=6.00 C268(+857.89--5.86) B1076(+1970.07--37.65) P448(max0.000)] L7[||x||=6.00 C268(+551.83--8.71) B1076(+8806.24--13.54) P448(max0.000)] | H=13.41/15 top3=232 235 31918 
  [LOGIC] mlp=-1221.3080 attn=-5.3209 div=33.9435
  [TIME] CE=136ms logic_reg=2431ms
  step  2910/8000 (global=6910)  loss=7.8904  avg=6.3698  lr=0.000385  B=5  1928ms
  [WB] boundary=93/100  core_diff=2.5925  bin_diff=0.0584  ratio=44.41  prune_act=0.0000
  [WB] structure=10/16 (62%)  opp_sim=0.067
  [WB] BOUNDARY OK | CORE>BIN OK | PRUNE silent OK
  [LOGIC] mlp=-1220.6202 attn=-5.3137 div=33.9435
  [TIME] CE=187ms logic_reg=2330ms
  step  2920/8000 (global=6920)  loss=4.8168  avg=6.3252  lr=0.000383  B=5  1928ms
  [WB] boundary=93/100  core_diff=2.5911  bin_diff=0.0584  ratio=44.36  prune_act=0.0000
  [WB] structure=10/16 (62%)  opp_sim=0.067
  [WB] BOUNDARY OK | CORE>BIN OK | PRUNE silent OK
    [plan-I] step 4299 W_v approx_rank=17.4 (frob=10.60 max_row=0.61)
    [ortho] step 4299 L0 W_o off_diag=0.21 diag_dev=0.0710
    [plan-I] step 4299 W_v approx_rank=17.4 (frob=10.56 max_row=0.61)
    [ortho] step 4299 L1 W_o off_diag=0.21 diag_dev=0.0712
    [plan-I] step 4299 W_v approx_rank=17.4 (frob=10.67 max_row=0.61)
    [ortho] step 4299 L2 W_o off_diag=0.21 diag_dev=0.0708
    [plan-I] step 4299 W_v approx_rank=17.3 (frob=10.55 max_row=0.61)
    [ortho] step 4299 L3 W_o off_diag=0.21 diag_dev=0.0707
    [plan-I] step 4299 W_v approx_rank=17.1 (frob=10.43 max_row=0.61)
    [ortho] step 4299 L4 W_o off_diag=0.21 diag_dev=0.0711
    [plan-I] step 4299 W_v approx_rank=17.4 (frob=10.70 max_row=0.62)
    [ortho] step 4299 L5 W_o off_diag=0.21 diag_dev=0.0712
    [plan-I] step 4299 W_v approx_rank=17.1 (frob=10.49 max_row=0.61)
    [ortho] step 4299 L6 W_o off_diag=0.21 diag_dev=0.0711
    [plan-I] step 4299 W_v approx_rank=17.1 (frob=10.60 max_row=0.62)
    [ortho] step 4299 L7 W_o off_diag=0.21 diag_dev=0.0714
  [LOGIC] mlp=-1220.4774 attn=-5.3103 div=33.9433
  [TIME] CE=159ms logic_reg=2359ms
  step  2930/8000 (global=6930)  loss=4.1575  avg=6.2344  lr=0.000382  B=6  1928ms
  [WB] boundary=93/100  core_diff=2.5941  bin_diff=0.0586  ratio=44.24  prune_act=0.0000
  [WB] structure=10/16 (62%)  opp_sim=0.067
  [WB] BOUNDARY OK | CORE>BIN OK | PRUNE silent OK
  [LOGIC] mlp=-1223.8578 attn=-5.3140 div=33.9434
  [TIME] CE=185ms logic_reg=2414ms
  step  2940/8000 (global=6940)  loss=7.1226  avg=6.3541  lr=0.000381  B=7  1928ms
  [WB] boundary=93/100  core_diff=2.5957  bin_diff=0.0586  ratio=44.28  prune_act=0.0000
  [WB] structure=10/16 (62%)  opp_sim=0.067
  [WB] BOUNDARY OK | CORE>BIN OK | PRUNE silent OK
  [LOGIC] mlp=-1223.1476 attn=-5.3062 div=33.9432
  [TIME] CE=156ms logic_reg=2321ms
  step  2950/8000 (global=6950)  loss=3.5974  avg=6.3783  lr=0.000380  B=6  1928ms
  [WB] boundary=93/100  core_diff=2.5978  bin_diff=0.0588  ratio=44.19  prune_act=0.0000
  [WB] structure=10/16 (62%)  opp_sim=0.067
  [WB] BOUNDARY OK | CORE>BIN OK | PRUNE silent OK
[*] stateful inference started: window=9996, sinks=4, ctx=10240
[*] sliding window configured: W=9996, sinks=4 (effective context: 10000)
  [TRACE] "冷": L0[||x||=7.89 C268(+260.61--9.92) B1076(+9009.53--19.85) P448(max0.000)] L4[||x||=6.00 C268(+875.78--5.14) B1076(+1979.57--38.14) P448(max0.000)] L7[||x||=6.00 C268(+579.46--7.71) B1076(+8721.20--13.53) P448(max0.000)] | H=13.44/15 top3=235 31918 232 
  [LOGIC] mlp=-1224.5973 attn=-5.3079 div=33.9434
  [TIME] CE=185ms logic_reg=2330ms
  step  2960/8000 (global=6960)  loss=5.6838  avg=6.5409  lr=0.000378  B=7  1928ms
  [WB] boundary=93/100  core_diff=2.5987  bin_diff=0.0588  ratio=44.20  prune_act=0.0000
  [WB] structure=10/16 (62%)  opp_sim=0.067
  [WB] BOUNDARY OK | CORE>BIN OK | PRUNE silent OK
  [LOGIC] mlp=-1225.6145 attn=-5.3088 div=33.9441
  [TIME] CE=154ms logic_reg=2408ms
  step  2970/8000 (global=6970)  loss=9.4319  avg=6.5774  lr=0.000377  B=6  1928ms
  [WB] boundary=93/100  core_diff=2.5958  bin_diff=0.0586  ratio=44.29  prune_act=0.0000
  [WB] structure=10/16 (62%)  opp_sim=0.067
  [WB] BOUNDARY OK | CORE>BIN OK | PRUNE silent OK
    [plan-I] step 4349 W_v approx_rank=17.4 (frob=10.60 max_row=0.61)
    [ortho] step 4349 L0 W_o off_diag=0.22 diag_dev=0.0708
    [plan-I] step 4349 W_v approx_rank=17.4 (frob=10.56 max_row=0.61)
    [ortho] step 4349 L1 W_o off_diag=0.21 diag_dev=0.0713
    [plan-I] step 4349 W_v approx_rank=17.4 (frob=10.67 max_row=0.61)
    [ortho] step 4349 L2 W_o off_diag=0.21 diag_dev=0.0710
    [plan-I] step 4349 W_v approx_rank=17.3 (frob=10.55 max_row=0.61)
    [ortho] step 4349 L3 W_o off_diag=0.21 diag_dev=0.0714
    [plan-I] step 4349 W_v approx_rank=17.1 (frob=10.43 max_row=0.61)
    [ortho] step 4349 L4 W_o off_diag=0.21 diag_dev=0.0715
    [plan-I] step 4349 W_v approx_rank=17.4 (frob=10.70 max_row=0.62)
    [ortho] step 4349 L5 W_o off_diag=0.21 diag_dev=0.0716
    [plan-I] step 4349 W_v approx_rank=17.1 (frob=10.49 max_row=0.61)
    [ortho] step 4349 L6 W_o off_diag=0.21 diag_dev=0.0714
    [plan-I] step 4349 W_v approx_rank=17.1 (frob=10.60 max_row=0.62)
    [ortho] step 4349 L7 W_o off_diag=0.21 diag_dev=0.0714
  [LOGIC] mlp=-1225.5817 attn=-5.3074 div=33.9449
  [TIME] CE=138ms logic_reg=2319ms
  step  2980/8000 (global=6980)  loss=6.0728  avg=6.5051  lr=0.000376  B=5  1928ms
  [WB] boundary=93/100  core_diff=2.5923  bin_diff=0.0582  ratio=44.52  prune_act=0.0000
  [WB] structure=10/16 (62%)  opp_sim=0.067
  [WB] BOUNDARY OK | CORE>BIN OK | PRUNE silent OK
  [LOGIC] mlp=-1224.6003 attn=-5.3070 div=33.9447
  [TIME] CE=181ms logic_reg=2317ms
  step  2990/8000 (global=6990)  loss=5.3773  avg=6.6094  lr=0.000375  B=7  1928ms
  [WB] boundary=93/100  core_diff=2.5940  bin_diff=0.0584  ratio=44.43  prune_act=0.0000
  [WB] structure=10/16 (62%)  opp_sim=0.067
  [WB] BOUNDARY OK | CORE>BIN OK | PRUNE silent OK
  [LOGIC] mlp=-1224.4490 attn=-5.3047 div=33.9443
  [TIME] CE=186ms logic_reg=2368ms
  step  3000/8000 (global=7000)  loss=4.7198  avg=6.6543  lr=0.000373  B=7  1928ms
  [WB] boundary=93/100  core_diff=2.5960  bin_diff=0.0584  ratio=44.47  prune_act=0.0000
  [WB] structure=10/16 (62%)  opp_sim=0.067
  [WB] BOUNDARY OK | CORE>BIN OK | PRUNE silent OK
[*] stateful inference started: window=9996, sinks=4, ctx=10240
[*] sliding window configured: W=9996, sinks=4 (effective context: 10000)
  [TRACE] "火": L0[||x||=7.76 C268(+263.40--9.54) B1076(+9044.83--19.88) P448(max0.000)] L4[||x||=6.00 C268(+918.50--5.20) B1076(+2034.64--37.96) P448(max0.000)] L7[||x||=6.00 C268(+585.78--8.23) B1076(+8882.55--13.26) P448(max0.000)] | H=13.16/15 top3=232 233 32609 
  [LOGIC] mlp=-1224.6832 attn=-5.3031 div=33.9440
  [TIME] CE=158ms logic_reg=2322ms
  step  3010/8000 (global=7010)  loss=6.4080  avg=6.6539  lr=0.000372  B=6  1928ms
  [WB] boundary=93/100  core_diff=2.5986  bin_diff=0.0586  ratio=44.36  prune_act=0.0000
  [WB] structure=10/16 (62%)  opp_sim=0.067
  [WB] BOUNDARY OK | CORE>BIN OK | PRUNE silent OK
  [LOGIC] mlp=-1226.4911 attn=-5.3059 div=33.9441
  [TIME] CE=182ms logic_reg=2320ms
  step  3020/8000 (global=7020)  loss=4.4189  avg=6.5390  lr=0.000371  B=7  1928ms
  [WB] boundary=93/100  core_diff=2.6001  bin_diff=0.0584  ratio=44.55  prune_act=0.0000
  [WB] structure=10/16 (62%)  opp_sim=0.067
  [WB] BOUNDARY OK | CORE>BIN OK | PRUNE silent OK
    [plan-I] step 4399 W_v approx_rank=17.4 (frob=10.60 max_row=0.61)
    [ortho] step 4399 L0 W_o off_diag=0.21 diag_dev=0.0713
    [plan-I] step 4399 W_v approx_rank=17.4 (frob=10.56 max_row=0.61)
    [ortho] step 4399 L1 W_o off_diag=0.21 diag_dev=0.0714
    [plan-I] step 4399 W_v approx_rank=17.4 (frob=10.67 max_row=0.61)
    [ortho] step 4399 L2 W_o off_diag=0.21 diag_dev=0.0711
    [plan-I] step 4399 W_v approx_rank=17.3 (frob=10.55 max_row=0.61)
    [ortho] step 4399 L3 W_o off_diag=0.21 diag_dev=0.0711
    [plan-I] step 4399 W_v approx_rank=17.1 (frob=10.43 max_row=0.61)
    [ortho] step 4399 L4 W_o off_diag=0.21 diag_dev=0.0715
    [plan-I] step 4399 W_v approx_rank=17.4 (frob=10.70 max_row=0.62)
    [ortho] step 4399 L5 W_o off_diag=0.21 diag_dev=0.0713
    [plan-I] step 4399 W_v approx_rank=17.1 (frob=10.49 max_row=0.61)
    [ortho] step 4399 L6 W_o off_diag=0.21 diag_dev=0.0711
    [plan-I] step 4399 W_v approx_rank=17.1 (frob=10.60 max_row=0.62)
    [ortho] step 4399 L7 W_o off_diag=0.21 diag_dev=0.0717
  [LOGIC] mlp=-1229.2013 attn=-5.3103 div=33.9441
  [TIME] CE=107ms logic_reg=2322ms
  step  3030/8000 (global=7030)  loss=9.2316  avg=6.6048  lr=0.000369  B=4  1928ms
  [WB] boundary=93/100  core_diff=2.6019  bin_diff=0.0582  ratio=44.69  prune_act=0.0000
  [WB] structure=10/16 (62%)  opp_sim=0.067
  [WB] BOUNDARY OK | CORE>BIN OK | PRUNE silent OK
  [LOGIC] mlp=-1230.7010 attn=-5.3125 div=33.9447
  [TIME] CE=134ms logic_reg=2327ms
  step  3040/8000 (global=7040)  loss=8.3955  avg=6.5390  lr=0.000368  B=5  1928ms
  [WB] boundary=93/100  core_diff=2.6009  bin_diff=0.0578  ratio=45.03  prune_act=0.0000
  [WB] structure=10/16 (62%)  opp_sim=0.067
  [WB] BOUNDARY OK | CORE>BIN OK | PRUNE silent OK
  [LOGIC] mlp=-1230.0254 attn=-5.3114 div=33.9444
  [TIME] CE=132ms logic_reg=2472ms
  step  3050/8000 (global=7050)  loss=5.1730  avg=6.5583  lr=0.000367  B=5  1928ms
  [WB] boundary=93/100  core_diff=2.6021  bin_diff=0.0576  ratio=45.17  prune_act=0.0000
  [WB] structure=10/16 (62%)  opp_sim=0.067
  [WB] BOUNDARY OK | CORE>BIN OK | PRUNE silent OK
[*] stateful inference started: window=9996, sinks=4, ctx=10240
[*] sliding window configured: W=9996, sinks=4 (effective context: 10000)
  [TRACE] "水": L0[||x||=7.97 C268(+262.93--12.07) B1076(+9159.43--18.55) P448(max0.000)] L4[||x||=6.00 C268(+872.63--5.26) B1076(+2096.02--37.06) P448(max0.000)] L7[||x||=6.00 C268(+586.14--8.50) B1076(+9054.94--13.19) P448(max0.000)] | H=13.47/15 top3=232 32609 31918 
  [LOGIC] mlp=-1229.1729 attn=-5.3080 div=33.9441
  [TIME] CE=130ms logic_reg=2399ms
  step  3060/8000 (global=7060)  loss=4.2006  avg=6.5284  lr=0.000366  B=5  1928ms
  [WB] boundary=93/100  core_diff=2.6039  bin_diff=0.0577  ratio=45.15  prune_act=0.0000
  [WB] structure=10/16 (62%)  opp_sim=0.067
  [WB] BOUNDARY OK | CORE>BIN OK | PRUNE silent OK
  [LOGIC] mlp=-1229.1150 attn=-5.3023 div=33.9440
  [TIME] CE=133ms logic_reg=2321ms
  step  3070/8000 (global=7070)  loss=7.4312  avg=6.5740  lr=0.000364  B=5  1928ms
  [WB] boundary=93/100  core_diff=2.6067  bin_diff=0.0578  ratio=45.09  prune_act=0.0000
  [WB] structure=10/16 (62%)  opp_sim=0.067
  [WB] BOUNDARY OK | CORE>BIN OK | PRUNE silent OK
    [plan-I] step 4449 W_v approx_rank=17.4 (frob=10.60 max_row=0.61)
    [ortho] step 4449 L0 W_o off_diag=0.21 diag_dev=0.0708
    [plan-I] step 4449 W_v approx_rank=17.4 (frob=10.56 max_row=0.61)
    [ortho] step 4449 L1 W_o off_diag=0.21 diag_dev=0.0711
    [plan-I] step 4449 W_v approx_rank=17.4 (frob=10.67 max_row=0.61)
    [ortho] step 4449 L2 W_o off_diag=0.21 diag_dev=0.0707
    [plan-I] step 4449 W_v approx_rank=17.3 (frob=10.55 max_row=0.61)
    [ortho] step 4449 L3 W_o off_diag=0.21 diag_dev=0.0708
    [plan-I] step 4449 W_v approx_rank=17.1 (frob=10.43 max_row=0.61)
    [ortho] step 4449 L4 W_o off_diag=0.21 diag_dev=0.0711
    [plan-I] step 4449 W_v approx_rank=17.4 (frob=10.70 max_row=0.62)
    [ortho] step 4449 L5 W_o off_diag=0.21 diag_dev=0.0711
    [plan-I] step 4449 W_v approx_rank=17.1 (frob=10.49 max_row=0.61)
    [ortho] step 4449 L6 W_o off_diag=0.21 diag_dev=0.0708
    [plan-I] step 4449 W_v approx_rank=17.1 (frob=10.60 max_row=0.62)
    [ortho] step 4449 L7 W_o off_diag=0.21 diag_dev=0.0715
  [LOGIC] mlp=-1233.1106 attn=-5.3086 div=33.9435
  [TIME] CE=137ms logic_reg=2343ms
  step  3080/8000 (global=7080)  loss=8.8050  avg=6.6660  lr=0.000363  B=5  1928ms
  [WB] boundary=93/100  core_diff=2.6133  bin_diff=0.0579  ratio=45.12  prune_act=0.0000
  [WB] structure=10/16 (62%)  opp_sim=0.067
  [WB] BOUNDARY OK | CORE>BIN OK | PRUNE silent OK
  [LOGIC] mlp=-1234.2568 attn=-5.3108 div=33.9434
  [TIME] CE=158ms logic_reg=2385ms
  step  3090/8000 (global=7090)  loss=6.3490  avg=6.6806  lr=0.000362  B=6  1928ms
  [WB] boundary=93/100  core_diff=2.6149  bin_diff=0.0579  ratio=45.15  prune_act=0.0000
  [WB] structure=10/16 (62%)  opp_sim=0.067
  [WB] BOUNDARY OK | CORE>BIN OK | PRUNE silent OK
  [LOGIC] mlp=-1236.3173 attn=-5.3142 div=33.9440
  [TIME] CE=109ms logic_reg=2385ms
  step  3100/8000 (global=7100)  loss=7.2335  avg=6.4984  lr=0.000361  B=4  1928ms
  [WB] boundary=93/100  core_diff=2.6107  bin_diff=0.0574  ratio=45.47  prune_act=0.0000
  [WB] structure=10/16 (62%)  opp_sim=0.067
  [WB] BOUNDARY OK | CORE>BIN OK | PRUNE silent OK
[*] stateful inference started: window=9996, sinks=4, ctx=10240
[*] sliding window configured: W=9996, sinks=4 (effective context: 10000)
  [TRACE] "大": L0[||x||=7.53 C268(+191.54--11.05) B1076(+8900.02--20.32) P448(max0.000)] L4[||x||=6.00 C268(+974.64--5.15) B1076(+2036.87--39.61) P448(max0.000)] L7[||x||=6.00 C268(+647.83--6.04) B1076(+8254.63--14.47) P448(max0.000)] | H=13.07/15 top3=232 234 235 
  [LOGIC] mlp=-1237.8717 attn=-5.3171 div=33.9445
  [TIME] CE=195ms logic_reg=2321ms
  step  3110/8000 (global=7110)  loss=5.3080  avg=6.3540  lr=0.000359  B=7  1928ms
  [WB] boundary=93/100  core_diff=2.6117  bin_diff=0.0571  ratio=45.70  prune_act=0.0000
  [WB] structure=10/16 (62%)  opp_sim=0.067
  [WB] BOUNDARY OK | CORE>BIN OK | PRUNE silent OK
  [LOGIC] mlp=-1238.1360 attn=-5.3152 div=33.9450
  [TIME] CE=158ms logic_reg=2344ms
  step  3120/8000 (global=7120)  loss=8.4475  avg=6.3392  lr=0.000358  B=6  1928ms
  [WB] boundary=93/100  core_diff=2.6128  bin_diff=0.0569  ratio=45.93  prune_act=0.0000
  [WB] structure=10/16 (62%)  opp_sim=0.067
  [WB] BOUNDARY OK | CORE>BIN OK | PRUNE silent OK
    [plan-I] step 4499 W_v approx_rank=17.4 (frob=10.60 max_row=0.61)
    [ortho] step 4499 L0 W_o off_diag=0.22 diag_dev=0.0707
    [plan-I] step 4499 W_v approx_rank=17.4 (frob=10.56 max_row=0.61)
    [ortho] step 4499 L1 W_o off_diag=0.21 diag_dev=0.0712
    [plan-I] step 4499 W_v approx_rank=17.4 (frob=10.67 max_row=0.61)
    [ortho] step 4499 L2 W_o off_diag=0.21 diag_dev=0.0706
    [plan-I] step 4499 W_v approx_rank=17.3 (frob=10.55 max_row=0.61)
    [ortho] step 4499 L3 W_o off_diag=0.22 diag_dev=0.0708
    [plan-I] step 4499 W_v approx_rank=17.1 (frob=10.43 max_row=0.61)
    [ortho] step 4499 L4 W_o off_diag=0.21 diag_dev=0.0710
    [plan-I] step 4499 W_v approx_rank=17.4 (frob=10.70 max_row=0.62)
    [ortho] step 4499 L5 W_o off_diag=0.21 diag_dev=0.0709
    [plan-I] step 4499 W_v approx_rank=17.1 (frob=10.49 max_row=0.61)
    [ortho] step 4499 L6 W_o off_diag=0.22 diag_dev=0.0706
    [plan-I] step 4499 W_v approx_rank=17.1 (frob=10.60 max_row=0.62)
    [ortho] step 4499 L7 W_o off_diag=0.21 diag_dev=0.0715
  [LOGIC] mlp=-1238.3121 attn=-5.3165 div=33.9444
  [TIME] CE=158ms logic_reg=2326ms
  step  3130/8000 (global=7130)  loss=7.4327  avg=6.3655  lr=0.000357  B=6  1928ms
  [WB] boundary=93/100  core_diff=2.6202  bin_diff=0.0572  ratio=45.83  prune_act=0.0000
  [WB] structure=10/16 (62%)  opp_sim=0.067
  [WB] BOUNDARY OK | CORE>BIN OK | PRUNE silent OK
  [LOGIC] mlp=-1235.5262 attn=-5.3149 div=33.9437
  [TIME] CE=192ms logic_reg=2332ms
  step  3140/8000 (global=7140)  loss=6.9665  avg=6.3823  lr=0.000356  B=7  1928ms
  [WB] boundary=93/100  core_diff=2.6248  bin_diff=0.0572  ratio=45.89  prune_act=0.0000
  [WB] structure=10/16 (62%)  opp_sim=0.067
  [WB] BOUNDARY OK | CORE>BIN OK | PRUNE silent OK
  [LOGIC] mlp=-1239.0685 attn=-5.3170 div=33.9439
  [TIME] CE=160ms logic_reg=2345ms
  step  3150/8000 (global=7150)  loss=9.6014  avg=6.2682  lr=0.000354  B=6  1928ms
  [WB] boundary=93/100  core_diff=2.6253  bin_diff=0.0571  ratio=45.99  prune_act=0.0000
  [WB] structure=10/16 (62%)  opp_sim=0.067
  [WB] BOUNDARY OK | CORE>BIN OK | PRUNE silent OK
[*] stateful inference started: window=9996, sinks=4, ctx=10240
[*] sliding window configured: W=9996, sinks=4 (effective context: 10000)
  [TRACE] "小": L0[||x||=7.95 C268(+241.85--10.61) B1076(+9132.86--19.22) P448(max0.000)] L4[||x||=6.00 C268(+905.62--5.19) B1076(+2124.63--38.23) P448(max0.000)] L7[||x||=6.00 C268(+627.93--7.58) B1076(+9151.01--13.57) P448(max0.000)] | H=13.41/15 top3=32609 31918 232 
  [LOGIC] mlp=-1240.3309 attn=-5.3164 div=33.9442
  [TIME] CE=111ms logic_reg=2341ms
  step  3160/8000 (global=7160)  loss=5.4292  avg=6.3727  lr=0.000353  B=4  1928ms
  [WB] boundary=93/100  core_diff=2.6259  bin_diff=0.0571  ratio=45.97  prune_act=0.0000
  [WB] structure=10/16 (62%)  opp_sim=0.067
  [WB] BOUNDARY OK | CORE>BIN OK | PRUNE silent OK
  [LOGIC] mlp=-1239.2228 attn=-5.3149 div=33.9445
  [TIME] CE=161ms logic_reg=2439ms
  step  3170/8000 (global=7170)  loss=8.8569  avg=6.3907  lr=0.000352  B=6  1928ms
  [WB] boundary=93/100  core_diff=2.6256  bin_diff=0.0572  ratio=45.92  prune_act=0.0000
  [WB] structure=10/16 (62%)  opp_sim=0.067
  [WB] BOUNDARY OK | CORE>BIN OK | PRUNE silent OK
    [plan-I] step 4549 W_v approx_rank=17.4 (frob=10.60 max_row=0.61)
    [ortho] step 4549 L0 W_o off_diag=0.21 diag_dev=0.0708
    [plan-I] step 4549 W_v approx_rank=17.4 (frob=10.56 max_row=0.61)
    [ortho] step 4549 L1 W_o off_diag=0.21 diag_dev=0.0713
    [plan-I] step 4549 W_v approx_rank=17.4 (frob=10.67 max_row=0.61)
    [ortho] step 4549 L2 W_o off_diag=0.21 diag_dev=0.0710
    [plan-I] step 4549 W_v approx_rank=17.3 (frob=10.55 max_row=0.61)
    [ortho] step 4549 L3 W_o off_diag=0.21 diag_dev=0.0712
    [plan-I] step 4549 W_v approx_rank=17.1 (frob=10.43 max_row=0.61)
    [ortho] step 4549 L4 W_o off_diag=0.21 diag_dev=0.0713
    [plan-I] step 4549 W_v approx_rank=17.4 (frob=10.70 max_row=0.62)
    [ortho] step 4549 L5 W_o off_diag=0.21 diag_dev=0.0711
    [plan-I] step 4549 W_v approx_rank=17.1 (frob=10.49 max_row=0.61)
    [ortho] step 4549 L6 W_o off_diag=0.21 diag_dev=0.0710
    [plan-I] step 4549 W_v approx_rank=17.1 (frob=10.60 max_row=0.62)
    [ortho] step 4549 L7 W_o off_diag=0.21 diag_dev=0.0717
  [LOGIC] mlp=-1242.0143 attn=-5.3185 div=33.9444
  [TIME] CE=162ms logic_reg=2329ms
  step  3180/8000 (global=7180)  loss=7.8310  avg=6.5733  lr=0.000351  B=6  1928ms
  [WB] boundary=93/100  core_diff=2.6262  bin_diff=0.0571  ratio=46.02  prune_act=0.0000
  [WB] structure=10/16 (62%)  opp_sim=0.067
  [WB] BOUNDARY OK | CORE>BIN OK | PRUNE silent OK
  [LOGIC] mlp=-1241.5956 attn=-5.3130 div=33.9446
  [TIME] CE=136ms logic_reg=2317ms
  step  3190/8000 (global=7190)  loss=7.6550  avg=6.4921  lr=0.000349  B=5  1928ms
  [WB] boundary=93/100  core_diff=2.6254  bin_diff=0.0572  ratio=45.93  prune_act=0.0000
  [WB] structure=10/16 (62%)  opp_sim=0.067
  [WB] BOUNDARY OK | CORE>BIN OK | PRUNE silent OK
  [LOGIC] mlp=-1243.3776 attn=-5.3151 div=33.9446
  [TIME] CE=110ms logic_reg=2369ms
  step  3200/8000 (global=7200)  loss=7.9700  avg=6.5666  lr=0.000348  B=4  1928ms
  [WB] boundary=93/100  core_diff=2.6257  bin_diff=0.0571  ratio=45.95  prune_act=0.0000
  [WB] structure=10/16 (62%)  opp_sim=0.067
  [WB] BOUNDARY OK | CORE>BIN OK | PRUNE silent OK
[*] stateful inference started: window=9996, sinks=4, ctx=10240
[*] sliding window configured: W=9996, sinks=4 (effective context: 10000)
  [TRACE] "热": L0[||x||=8.05 C268(+270.40--10.19) B1076(+9172.86--19.45) P448(max0.000)] L4[||x||=6.00 C268(+929.41--5.41) B1076(+2179.51--38.40) P448(max0.000)] L7[||x||=6.00 C268(+628.39--7.03) B1076(+9089.26--13.57) P448(max0.000)] | H=13.52/15 top3=32609 232 31918 
  [LOGIC] mlp=-1245.7869 attn=-5.3176 div=33.9452
  [TIME] CE=132ms logic_reg=2338ms
  step  3210/8000 (global=7210)  loss=3.5212  avg=6.5626  lr=0.000347  B=5  1928ms
  [WB] boundary=93/100  core_diff=2.6241  bin_diff=0.0569  ratio=46.08  prune_act=0.0000
  [WB] structure=10/16 (62%)  opp_sim=0.067
  [WB] BOUNDARY OK | CORE>BIN OK | PRUNE silent OK
  [LOGIC] mlp=-1243.7858 attn=-5.3077 div=33.9456
  [TIME] CE=158ms logic_reg=2399ms
  step  3220/8000 (global=7220)  loss=6.4485  avg=6.6183  lr=0.000345  B=6  1928ms
  [WB] boundary=93/100  core_diff=2.6210  bin_diff=0.0569  ratio=46.07  prune_act=0.0000
  [WB] structure=10/16 (62%)  opp_sim=0.067
  [WB] BOUNDARY OK | CORE>BIN OK | PRUNE silent OK
    [plan-I] step 4599 W_v approx_rank=17.4 (frob=10.60 max_row=0.61)
    [ortho] step 4599 L0 W_o off_diag=0.21 diag_dev=0.0709
    [plan-I] step 4599 W_v approx_rank=17.4 (frob=10.56 max_row=0.61)
    [ortho] step 4599 L1 W_o off_diag=0.21 diag_dev=0.0709
    [plan-I] step 4599 W_v approx_rank=17.4 (frob=10.67 max_row=0.61)
    [ortho] step 4599 L2 W_o off_diag=0.21 diag_dev=0.0705
    [plan-I] step 4599 W_v approx_rank=17.3 (frob=10.55 max_row=0.61)
    [ortho] step 4599 L3 W_o off_diag=0.21 diag_dev=0.0708
    [plan-I] step 4599 W_v approx_rank=17.1 (frob=10.43 max_row=0.61)
    [ortho] step 4599 L4 W_o off_diag=0.21 diag_dev=0.0709
    [plan-I] step 4599 W_v approx_rank=17.4 (frob=10.70 max_row=0.62)
    [ortho] step 4599 L5 W_o off_diag=0.21 diag_dev=0.0710
    [plan-I] step 4599 W_v approx_rank=17.1 (frob=10.49 max_row=0.61)
    [ortho] step 4599 L6 W_o off_diag=0.21 diag_dev=0.0709
    [plan-I] step 4599 W_v approx_rank=17.1 (frob=10.60 max_row=0.62)
    [ortho] step 4599 L7 W_o off_diag=0.21 diag_dev=0.0714
  [LOGIC] mlp=-1244.5215 attn=-5.3077 div=33.9456
  [TIME] CE=158ms logic_reg=2324ms
  step  3230/8000 (global=7230)  loss=7.0770  avg=6.5880  lr=0.000344  B=6  1928ms
  [WB] boundary=93/100  core_diff=2.6232  bin_diff=0.0571  ratio=45.93  prune_act=0.0000
  [WB] structure=10/16 (62%)  opp_sim=0.067
  [WB] BOUNDARY OK | CORE>BIN OK | PRUNE silent OK
  [LOGIC] mlp=-1246.4708 attn=-5.3102 div=33.9450
  [TIME] CE=155ms logic_reg=2314ms
  step  3240/8000 (global=7240)  loss=2.7816  avg=6.5974  lr=0.000343  B=6  1928ms
  [WB] boundary=93/100  core_diff=2.6287  bin_diff=0.0573  ratio=45.86  prune_act=0.0000
  [WB] structure=10/16 (62%)  opp_sim=0.067
  [WB] BOUNDARY OK | CORE>BIN OK | PRUNE silent OK
  [LOGIC] mlp=-1246.8137 attn=-5.3064 div=33.9451
  [TIME] CE=132ms logic_reg=2375ms
  step  3250/8000 (global=7250)  loss=6.1226  avg=6.6410  lr=0.000342  B=5  1928ms
  [WB] boundary=93/100  core_diff=2.6276  bin_diff=0.0575  ratio=45.71  prune_act=0.0000
  [WB] structure=10/16 (62%)  opp_sim=0.067
  [WB] BOUNDARY OK | CORE>BIN OK | PRUNE silent OK
[*] stateful inference started: window=9996, sinks=4, ctx=10240
[*] sliding window configured: W=9996, sinks=4 (effective context: 10000)
  [TRACE] "冷": L0[||x||=8.02 C268(+263.89--10.37) B1076(+9209.25--19.58) P448(max0.000)] L4[||x||=6.00 C268(+956.86--5.22) B1076(+2210.80--38.65) P448(max0.000)] L7[||x||=6.00 C268(+639.91--7.32) B1076(+9132.86--13.38) P448(max0.000)] | H=13.26/15 top3=32609 31918 232 
  [LOGIC] mlp=-1248.4828 attn=-5.3056 div=33.9455
  [TIME] CE=81ms logic_reg=2314ms
  step  3260/8000 (global=7260)  loss=7.4707  avg=6.5229  lr=0.000340  B=3  1928ms
  [WB] boundary=93/100  core_diff=2.6272  bin_diff=0.0575  ratio=45.72  prune_act=0.0000
  [WB] structure=10/16 (62%)  opp_sim=0.067
  [WB] BOUNDARY OK | CORE>BIN OK | PRUNE silent OK
  [LOGIC] mlp=-1248.4431 attn=-5.3052 div=33.9459
  [TIME] CE=110ms logic_reg=2326ms
  step  3270/8000 (global=7270)  loss=6.9429  avg=6.4790  lr=0.000339  B=4  1928ms
  [WB] boundary=93/100  core_diff=2.6271  bin_diff=0.0571  ratio=45.97  prune_act=0.0000
  [WB] structure=10/16 (62%)  opp_sim=0.067
  [WB] BOUNDARY OK | CORE>BIN OK | PRUNE silent OK
    [plan-I] step 4649 W_v approx_rank=17.4 (frob=10.60 max_row=0.61)
    [ortho] step 4649 L0 W_o off_diag=0.21 diag_dev=0.0708
    [plan-I] step 4649 W_v approx_rank=17.4 (frob=10.56 max_row=0.61)
    [ortho] step 4649 L1 W_o off_diag=0.21 diag_dev=0.0714
    [plan-I] step 4649 W_v approx_rank=17.4 (frob=10.67 max_row=0.61)
    [ortho] step 4649 L2 W_o off_diag=0.21 diag_dev=0.0710
    [plan-I] step 4649 W_v approx_rank=17.3 (frob=10.55 max_row=0.61)
    [ortho] step 4649 L3 W_o off_diag=0.21 diag_dev=0.0713
    [plan-I] step 4649 W_v approx_rank=17.1 (frob=10.43 max_row=0.61)
    [ortho] step 4649 L4 W_o off_diag=0.21 diag_dev=0.0714
    [plan-I] step 4649 W_v approx_rank=17.4 (frob=10.70 max_row=0.62)
    [ortho] step 4649 L5 W_o off_diag=0.21 diag_dev=0.0714
    [plan-I] step 4649 W_v approx_rank=17.1 (frob=10.49 max_row=0.61)
    [ortho] step 4649 L6 W_o off_diag=0.21 diag_dev=0.0713
    [plan-I] step 4649 W_v approx_rank=17.1 (frob=10.60 max_row=0.62)
    [ortho] step 4649 L7 W_o off_diag=0.21 diag_dev=0.0718
  [LOGIC] mlp=-1250.2423 attn=-5.3068 div=33.9464
  [TIME] CE=156ms logic_reg=2455ms
  step  3280/8000 (global=7280)  loss=5.5994  avg=6.4554  lr=0.000338  B=6  1928ms
  [WB] boundary=93/100  core_diff=2.6259  bin_diff=0.0568  ratio=46.27  prune_act=0.0000
  [WB] structure=10/16 (62%)  opp_sim=0.067
  [WB] BOUNDARY OK | CORE>BIN OK | PRUNE silent OK
  [LOGIC] mlp=-1250.3682 attn=-5.3036 div=33.9467
  [TIME] CE=180ms logic_reg=2322ms
  step  3290/8000 (global=7290)  loss=5.9387  avg=6.6794  lr=0.000337  B=7  1928ms
  [WB] boundary=93/100  core_diff=2.6256  bin_diff=0.0566  ratio=46.40  prune_act=0.0000
  [WB] structure=10/16 (62%)  opp_sim=0.067
  [WB] BOUNDARY OK | CORE>BIN OK | PRUNE silent OK
  [LOGIC] mlp=-1249.3918 attn=-5.2963 div=33.9472
  [TIME] CE=130ms logic_reg=2587ms
  step  3300/8000 (global=7300)  loss=4.9923  avg=6.3897  lr=0.000336  B=5  1928ms
  [WB] boundary=93/100  core_diff=2.6232  bin_diff=0.0565  ratio=46.40  prune_act=0.0000
  [WB] structure=10/16 (62%)  opp_sim=0.067
  [WB] BOUNDARY OK | CORE>BIN OK | PRUNE silent OK
[*] stateful inference started: window=9996, sinks=4, ctx=10240
[*] sliding window configured: W=9996, sinks=4 (effective context: 10000)
  [TRACE] "火": L0[||x||=7.91 C268(+268.71--10.59) B1076(+9219.96--19.95) P448(max0.000)] L4[||x||=6.00 C268(+934.46--5.22) B1076(+2287.63--38.75) P448(max0.000)] L7[||x||=6.00 C268(+617.73--9.05) B1076(+9773.59--13.25) P448(max0.000)] | H=13.08/15 top3=32609 31918 235 
  [LOGIC] mlp=-1249.1698 attn=-5.2916 div=33.9478
  [TIME] CE=178ms logic_reg=2491ms
  step  3310/8000 (global=7310)  loss=7.1550  avg=6.3676  lr=0.000334  B=7  1928ms
  [WB] boundary=93/100  core_diff=2.6202  bin_diff=0.0564  ratio=46.46  prune_act=0.0000
  [WB] structure=10/16 (62%)  opp_sim=0.067
  [WB] BOUNDARY OK | CORE>BIN OK | PRUNE silent OK
  [LOGIC] mlp=-1246.1252 attn=-5.2819 div=33.9478
  [TIME] CE=181ms logic_reg=2325ms
  step  3320/8000 (global=7320)  loss=6.4958  avg=6.4809  lr=0.000333  B=7  1928ms
  [WB] boundary=93/100  core_diff=2.6209  bin_diff=0.0565  ratio=46.40  prune_act=0.0000
  [WB] structure=10/16 (62%)  opp_sim=0.067
  [WB] BOUNDARY OK | CORE>BIN OK | PRUNE silent OK
    [plan-I] step 4699 W_v approx_rank=17.4 (frob=10.60 max_row=0.61)
    [ortho] step 4699 L0 W_o off_diag=0.21 diag_dev=0.0710
    [plan-I] step 4699 W_v approx_rank=17.4 (frob=10.56 max_row=0.61)
    [ortho] step 4699 L1 W_o off_diag=0.21 diag_dev=0.0711
    [plan-I] step 4699 W_v approx_rank=17.4 (frob=10.67 max_row=0.61)
    [ortho] step 4699 L2 W_o off_diag=0.21 diag_dev=0.0707
    [plan-I] step 4699 W_v approx_rank=17.3 (frob=10.55 max_row=0.61)
    [ortho] step 4699 L3 W_o off_diag=0.21 diag_dev=0.0708
    [plan-I] step 4699 W_v approx_rank=17.1 (frob=10.43 max_row=0.61)
    [ortho] step 4699 L4 W_o off_diag=0.21 diag_dev=0.0712
    [plan-I] step 4699 W_v approx_rank=17.4 (frob=10.70 max_row=0.62)
    [ortho] step 4699 L5 W_o off_diag=0.21 diag_dev=0.0713
    [plan-I] step 4699 W_v approx_rank=17.1 (frob=10.49 max_row=0.61)
    [ortho] step 4699 L6 W_o off_diag=0.21 diag_dev=0.0711
    [plan-I] step 4699 W_v approx_rank=17.1 (frob=10.60 max_row=0.62)
    [ortho] step 4699 L7 W_o off_diag=0.21 diag_dev=0.0714
  [LOGIC] mlp=-1247.0175 attn=-5.2826 div=33.9475
  [TIME] CE=155ms logic_reg=2326ms
  step  3330/8000 (global=7330)  loss=5.4689  avg=6.4677  lr=0.000332  B=6  1928ms
  [WB] boundary=93/100  core_diff=2.6224  bin_diff=0.0566  ratio=46.33  prune_act=0.0000
  [WB] structure=10/16 (62%)  opp_sim=0.067
  [WB] BOUNDARY OK | CORE>BIN OK | PRUNE silent OK
  [LOGIC] mlp=-1248.4358 attn=-5.2824 div=33.9472
  [TIME] CE=131ms logic_reg=2414ms
  step  3340/8000 (global=7340)  loss=7.4610  avg=6.4634  lr=0.000331  B=5  1928ms
  [WB] boundary=93/100  core_diff=2.6250  bin_diff=0.0568  ratio=46.24  prune_act=0.0000
  [WB] structure=10/16 (62%)  opp_sim=0.067
  [WB] BOUNDARY OK | CORE>BIN OK | PRUNE silent OK
  [LOGIC] mlp=-1252.4689 attn=-5.2876 div=33.9473
  [TIME] CE=179ms logic_reg=2317ms
  step  3350/8000 (global=7350)  loss=7.7865  avg=6.3616  lr=0.000329  B=7  1928ms
  [WB] boundary=93/100  core_diff=2.6252  bin_diff=0.0566  ratio=46.41  prune_act=0.0000
  [WB] structure=10/16 (62%)  opp_sim=0.067
  [WB] BOUNDARY OK | CORE>BIN OK | PRUNE silent OK
[*] stateful inference started: window=9996, sinks=4, ctx=10240
[*] sliding window configured: W=9996, sinks=4 (effective context: 10000)
  [TRACE] "水": L0[||x||=8.11 C268(+261.78--12.76) B1076(+9394.21--18.23) P448(max0.000)] L4[||x||=6.00 C268(+957.51--5.37) B1076(+2321.08--37.89) P448(max0.000)] L7[||x||=6.00 C268(+652.67--8.50) B1076(+9380.23--13.55) P448(max0.000)] | H=13.43/15 top3=235 233 236 
  [LOGIC] mlp=-1255.0530 attn=-5.2949 div=33.9471
  [TIME] CE=206ms logic_reg=2559ms
  step  3360/8000 (global=7360)  loss=4.6298  avg=6.5657  lr=0.000328  B=8  1928ms
  [WB] boundary=93/100  core_diff=2.6279  bin_diff=0.0564  ratio=46.61  prune_act=0.0000
  [WB] structure=10/16 (62%)  opp_sim=0.067
  [WB] BOUNDARY OK | CORE>BIN OK | PRUNE silent OK
  [LOGIC] mlp=-1256.8899 attn=-5.2977 div=33.9468
  [TIME] CE=129ms logic_reg=2414ms
  step  3370/8000 (global=7370)  loss=4.9155  avg=6.3851  lr=0.000327  B=5  1928ms
  [WB] boundary=93/100  core_diff=2.6303  bin_diff=0.0563  ratio=46.73  prune_act=0.0000
  [WB] structure=10/16 (62%)  opp_sim=0.067
  [WB] BOUNDARY OK | CORE>BIN OK | PRUNE silent OK
    [plan-I] step 4749 W_v approx_rank=17.4 (frob=10.60 max_row=0.61)
    [ortho] step 4749 L0 W_o off_diag=0.21 diag_dev=0.0710
    [plan-I] step 4749 W_v approx_rank=17.4 (frob=10.56 max_row=0.61)
    [ortho] step 4749 L1 W_o off_diag=0.21 diag_dev=0.0712
    [plan-I] step 4749 W_v approx_rank=17.4 (frob=10.67 max_row=0.61)
    [ortho] step 4749 L2 W_o off_diag=0.21 diag_dev=0.0709
    [plan-I] step 4749 W_v approx_rank=17.3 (frob=10.55 max_row=0.61)
    [ortho] step 4749 L3 W_o off_diag=0.21 diag_dev=0.0712
    [plan-I] step 4749 W_v approx_rank=17.1 (frob=10.43 max_row=0.61)
    [ortho] step 4749 L4 W_o off_diag=0.21 diag_dev=0.0713
    [plan-I] step 4749 W_v approx_rank=17.4 (frob=10.70 max_row=0.62)
    [ortho] step 4749 L5 W_o off_diag=0.21 diag_dev=0.0714
    [plan-I] step 4749 W_v approx_rank=17.1 (frob=10.49 max_row=0.61)
    [ortho] step 4749 L6 W_o off_diag=0.21 diag_dev=0.0712
    [plan-I] step 4749 W_v approx_rank=17.1 (frob=10.60 max_row=0.62)
    [ortho] step 4749 L7 W_o off_diag=0.21 diag_dev=0.0716
  [LOGIC] mlp=-1257.9257 attn=-5.3007 div=33.9468
  [TIME] CE=108ms logic_reg=2435ms
  step  3380/8000 (global=7380)  loss=6.1120  avg=6.4206  lr=0.000326  B=4  1928ms
  [WB] boundary=93/100  core_diff=2.6333  bin_diff=0.0561  ratio=46.94  prune_act=0.0000
  [WB] structure=10/16 (62%)  opp_sim=0.067
  [WB] BOUNDARY OK | CORE>BIN OK | PRUNE silent OK
  [LOGIC] mlp=-1258.1219 attn=-5.2998 div=33.9471
  [TIME] CE=181ms logic_reg=2324ms
  step  3390/8000 (global=7390)  loss=6.8504  avg=6.2627  lr=0.000324  B=7  1928ms
  [WB] boundary=93/100  core_diff=2.6331  bin_diff=0.0560  ratio=46.98  prune_act=0.0000
  [WB] structure=10/16 (62%)  opp_sim=0.067
  [WB] BOUNDARY OK | CORE>BIN OK | PRUNE silent OK
  [LOGIC] mlp=-1258.2692 attn=-5.2955 div=33.9474
  [TIME] CE=131ms logic_reg=2397ms
  step  3400/8000 (global=7400)  loss=5.4318  avg=6.1415  lr=0.000323  B=5  1928ms
  [WB] boundary=93/100  core_diff=2.6318  bin_diff=0.0562  ratio=46.82  prune_act=0.0000
  [WB] structure=10/16 (62%)  opp_sim=0.067
  [WB] BOUNDARY OK | CORE>BIN OK | PRUNE silent OK
[*] stateful inference started: window=9996, sinks=4, ctx=10240
[*] sliding window configured: W=9996, sinks=4 (effective context: 10000)
  [TRACE] "大": L0[||x||=7.69 C268(+190.38--11.53) B1076(+9144.56--20.09) P448(max0.000)] L4[||x||=6.00 C268(+1049.14--4.65) B1076(+2288.21--39.71) P448(max0.000)] L7[||x||=6.00 C268(+701.00--6.58) B1076(+8979.49--14.41) P448(max0.000)] | H=13.17/15 top3=235 32609 233 
  [LOGIC] mlp=-1259.6730 attn=-5.2954 div=33.9476
  [TIME] CE=133ms logic_reg=2319ms
  step  3410/8000 (global=7410)  loss=7.7195  avg=6.1906  lr=0.000322  B=5  1928ms
  [WB] boundary=93/100  core_diff=2.6326  bin_diff=0.0564  ratio=46.67  prune_act=0.0000
  [WB] structure=10/16 (62%)  opp_sim=0.067
  [WB] BOUNDARY OK | CORE>BIN OK | PRUNE silent OK
  [LOGIC] mlp=-1260.8417 attn=-5.2971 div=33.9478
  [TIME] CE=105ms logic_reg=2526ms
  step  3420/8000 (global=7420)  loss=10.4488  avg=6.0161  lr=0.000321  B=4  1928ms
  [WB] boundary=93/100  core_diff=2.6334  bin_diff=0.0564  ratio=46.70  prune_act=0.0000
  [WB] structure=10/16 (62%)  opp_sim=0.067
  [WB] BOUNDARY OK | CORE>BIN OK | PRUNE silent OK
    [plan-I] step 4799 W_v approx_rank=17.4 (frob=10.60 max_row=0.61)
    [ortho] step 4799 L0 W_o off_diag=0.21 diag_dev=0.0708
    [plan-I] step 4799 W_v approx_rank=17.4 (frob=10.56 max_row=0.61)
    [ortho] step 4799 L1 W_o off_diag=0.21 diag_dev=0.0712
    [plan-I] step 4799 W_v approx_rank=17.4 (frob=10.67 max_row=0.61)
    [ortho] step 4799 L2 W_o off_diag=0.21 diag_dev=0.0708
    [plan-I] step 4799 W_v approx_rank=17.3 (frob=10.55 max_row=0.61)
    [ortho] step 4799 L3 W_o off_diag=0.21 diag_dev=0.0712
    [plan-I] step 4799 W_v approx_rank=17.1 (frob=10.43 max_row=0.61)
    [ortho] step 4799 L4 W_o off_diag=0.21 diag_dev=0.0713
    [plan-I] step 4799 W_v approx_rank=17.4 (frob=10.70 max_row=0.62)
    [ortho] step 4799 L5 W_o off_diag=0.21 diag_dev=0.0714
    [plan-I] step 4799 W_v approx_rank=17.1 (frob=10.49 max_row=0.61)
    [ortho] step 4799 L6 W_o off_diag=0.21 diag_dev=0.0712
    [plan-I] step 4799 W_v approx_rank=17.1 (frob=10.60 max_row=0.62)
    [ortho] step 4799 L7 W_o off_diag=0.21 diag_dev=0.0716
  [LOGIC] mlp=-1261.2191 attn=-5.3012 div=33.9477
  [TIME] CE=154ms logic_reg=2430ms
  step  3430/8000 (global=7430)  loss=3.8344  avg=5.9024  lr=0.000319  B=6  1928ms
  [WB] boundary=93/100  core_diff=2.6380  bin_diff=0.0566  ratio=46.63  prune_act=0.0000
  [WB] structure=10/16 (62%)  opp_sim=0.067
  [WB] BOUNDARY OK | CORE>BIN OK | PRUNE silent OK
  [LOGIC] mlp=-1261.0060 attn=-5.2999 div=33.9480
  [TIME] CE=155ms logic_reg=2322ms
  step  3440/8000 (global=7440)  loss=8.6908  avg=6.0486  lr=0.000318  B=6  1928ms
  [WB] boundary=93/100  core_diff=2.6386  bin_diff=0.0565  ratio=46.68  prune_act=0.0000
  [WB] structure=10/16 (62%)  opp_sim=0.067
  [WB] BOUNDARY OK | CORE>BIN OK | PRUNE silent OK
  [LOGIC] mlp=-1261.1931 attn=-5.3012 div=33.9473
  [TIME] CE=180ms logic_reg=2503ms
  step  3450/8000 (global=7450)  loss=5.3198  avg=6.3327  lr=0.000317  B=7  1928ms
  [WB] boundary=93/100  core_diff=2.6457  bin_diff=0.0569  ratio=46.49  prune_act=0.0000
  [WB] structure=10/16 (62%)  opp_sim=0.067
  [WB] BOUNDARY OK | CORE>BIN OK | PRUNE silent OK
[*] stateful inference started: window=9996, sinks=4, ctx=10240
[*] sliding window configured: W=9996, sinks=4 (effective context: 10000)
  [TRACE] "小": L0[||x||=8.11 C268(+234.33--10.76) B1076(+9387.98--19.04) P448(max0.000)] L4[||x||=6.00 C268(+993.68--4.95) B1076(+2375.20--38.46) P448(max0.000)] L7[||x||=6.00 C268(+678.24--9.02) B1076(+9766.58--13.34) P448(max0.000)] | H=13.24/15 top3=32609 31918 31874 
  [LOGIC] mlp=-1261.6687 attn=-5.2975 div=33.9470
  [TIME] CE=107ms logic_reg=2319ms
  step  3460/8000 (global=7460)  loss=8.6852  avg=6.5697  lr=0.000316  B=4  1928ms
  [WB] boundary=93/100  core_diff=2.6503  bin_diff=0.0570  ratio=46.52  prune_act=0.0000
  [WB] structure=10/16 (62%)  opp_sim=0.068
  [WB] BOUNDARY OK | CORE>BIN OK | PRUNE silent OK
  [LOGIC] mlp=-1264.9587 attn=-5.3010 div=33.9469
  [TIME] CE=155ms logic_reg=2328ms
  step  3470/8000 (global=7470)  loss=8.1457  avg=6.7436  lr=0.000315  B=6  1928ms
  [WB] boundary=93/100  core_diff=2.6516  bin_diff=0.0570  ratio=46.54  prune_act=0.0000
  [WB] structure=10/16 (62%)  opp_sim=0.068
  [WB] BOUNDARY OK | CORE>BIN OK | PRUNE silent OK
    [plan-I] step 4849 W_v approx_rank=17.4 (frob=10.60 max_row=0.61)
    [ortho] step 4849 L0 W_o off_diag=0.21 diag_dev=0.0714
    [plan-I] step 4849 W_v approx_rank=17.4 (frob=10.56 max_row=0.61)
    [ortho] step 4849 L1 W_o off_diag=0.21 diag_dev=0.0718
    [plan-I] step 4849 W_v approx_rank=17.4 (frob=10.67 max_row=0.61)
    [ortho] step 4849 L2 W_o off_diag=0.21 diag_dev=0.0716
    [plan-I] step 4849 W_v approx_rank=17.3 (frob=10.55 max_row=0.61)
    [ortho] step 4849 L3 W_o off_diag=0.21 diag_dev=0.0717
    [plan-I] step 4849 W_v approx_rank=17.1 (frob=10.43 max_row=0.61)
    [ortho] step 4849 L4 W_o off_diag=0.21 diag_dev=0.0718
    [plan-I] step 4849 W_v approx_rank=17.4 (frob=10.70 max_row=0.62)
    [ortho] step 4849 L5 W_o off_diag=0.21 diag_dev=0.0718
    [plan-I] step 4849 W_v approx_rank=17.1 (frob=10.49 max_row=0.61)
    [ortho] step 4849 L6 W_o off_diag=0.21 diag_dev=0.0716
    [plan-I] step 4849 W_v approx_rank=17.1 (frob=10.60 max_row=0.62)
    [ortho] step 4849 L7 W_o off_diag=0.21 diag_dev=0.0719
  [LOGIC] mlp=-1265.8405 attn=-5.3021 div=33.9468
  [TIME] CE=131ms logic_reg=2513ms
  step  3480/8000 (global=7480)  loss=6.4831  avg=6.7862  lr=0.000313  B=5  1928ms
  [WB] boundary=93/100  core_diff=2.6511  bin_diff=0.0567  ratio=46.73  prune_act=0.0000
  [WB] structure=10/16 (62%)  opp_sim=0.068
  [WB] BOUNDARY OK | CORE>BIN OK | PRUNE silent OK
  [LOGIC] mlp=-1265.3528 attn=-5.3010 div=33.9470
  [TIME] CE=182ms logic_reg=2376ms
  step  3490/8000 (global=7490)  loss=6.4225  avg=6.8992  lr=0.000312  B=7  1928ms
  [WB] boundary=93/100  core_diff=2.6487  bin_diff=0.0565  ratio=46.84  prune_act=0.0000
  [WB] structure=10/16 (62%)  opp_sim=0.068
  [WB] BOUNDARY OK | CORE>BIN OK | PRUNE silent OK
  [LOGIC] mlp=-1264.1536 attn=-5.2961 div=33.9467
  [TIME] CE=131ms logic_reg=2321ms
  step  3500/8000 (global=7500)  loss=8.4214  avg=7.0603  lr=0.000311  B=5  1928ms
  [WB] boundary=93/100  core_diff=2.6518  bin_diff=0.0568  ratio=46.68  prune_act=0.0000
  [WB] structure=10/16 (62%)  opp_sim=0.068
  [WB] BOUNDARY OK | CORE>BIN OK | PRUNE silent OK
[*] stateful inference started: window=9996, sinks=4, ctx=10240
[*] sliding window configured: W=9996, sinks=4 (effective context: 10000)
  [TRACE] "热": L0[||x||=8.20 C268(+262.37--10.36) B1076(+9382.47--19.25) P448(max0.000)] L4[||x||=6.00 C268(+1035.60--4.92) B1076(+2375.68--38.78) P448(max0.000)] L7[||x||=6.00 C268(+720.22--8.03) B1076(+9374.87--13.82) P448(max0.000)] | H=13.22/15 top3=31874 236 32609 
  [LOGIC] mlp=-1270.1266 attn=-5.3116 div=33.9466
  [TIME] CE=156ms logic_reg=2528ms
  step  3510/8000 (global=7510)  loss=7.0499  avg=7.0675  lr=0.000310  B=6  1928ms
  [WB] boundary=93/100  core_diff=2.6564  bin_diff=0.0569  ratio=46.68  prune_act=0.0000
  [WB] structure=10/16 (62%)  opp_sim=0.068
  [WB] BOUNDARY OK | CORE>BIN OK | PRUNE silent OK
  [LOGIC] mlp=-1270.3430 attn=-5.3112 div=33.9460
  [TIME] CE=130ms logic_reg=2449ms
  step  3520/8000 (global=7520)  loss=8.7267  avg=7.0565  lr=0.000309  B=5  1928ms
  [WB] boundary=93/100  core_diff=2.6603  bin_diff=0.0570  ratio=46.67  prune_act=0.0000
  [WB] structure=10/16 (62%)  opp_sim=0.068
  [WB] BOUNDARY OK | CORE>BIN OK | PRUNE silent OK
    [plan-I] step 4899 W_v approx_rank=17.4 (frob=10.60 max_row=0.61)
    [ortho] step 4899 L0 W_o off_diag=0.21 diag_dev=0.0709
    [plan-I] step 4899 W_v approx_rank=17.4 (frob=10.56 max_row=0.61)
    [ortho] step 4899 L1 W_o off_diag=0.21 diag_dev=0.0714
    [plan-I] step 4899 W_v approx_rank=17.4 (frob=10.67 max_row=0.61)
    [ortho] step 4899 L2 W_o off_diag=0.21 diag_dev=0.0711
    [plan-I] step 4899 W_v approx_rank=17.3 (frob=10.55 max_row=0.61)
    [ortho] step 4899 L3 W_o off_diag=0.21 diag_dev=0.0713
    [plan-I] step 4899 W_v approx_rank=17.1 (frob=10.43 max_row=0.61)
    [ortho] step 4899 L4 W_o off_diag=0.21 diag_dev=0.0713
    [plan-I] step 4899 W_v approx_rank=17.4 (frob=10.70 max_row=0.62)
    [ortho] step 4899 L5 W_o off_diag=0.21 diag_dev=0.0715
    [plan-I] step 4899 W_v approx_rank=17.1 (frob=10.49 max_row=0.61)
    [ortho] step 4899 L6 W_o off_diag=0.21 diag_dev=0.0713
    [plan-I] step 4899 W_v approx_rank=17.1 (frob=10.60 max_row=0.62)
    [ortho] step 4899 L7 W_o off_diag=0.21 diag_dev=0.0719
  [LOGIC] mlp=-1270.1393 attn=-5.3098 div=33.9461
  [TIME] CE=222ms logic_reg=2326ms
  step  3530/8000 (global=7530)  loss=6.4222  avg=6.9494  lr=0.000307  B=5  1928ms
  [WB] boundary=93/100  core_diff=2.6603  bin_diff=0.0570  ratio=46.71  prune_act=0.0000
  [WB] structure=10/16 (62%)  opp_sim=0.068
  [WB] BOUNDARY OK | CORE>BIN OK | PRUNE silent OK
  [LOGIC] mlp=-1271.2426 attn=-5.3136 div=33.9464
  [TIME] CE=180ms logic_reg=2416ms
  step  3540/8000 (global=7540)  loss=7.7772  avg=6.8365  lr=0.000306  B=7  1928ms
  [WB] boundary=93/100  core_diff=2.6578  bin_diff=0.0567  ratio=46.89  prune_act=0.0000
  [WB] structure=10/16 (62%)  opp_sim=0.068
  [WB] BOUNDARY OK | CORE>BIN OK | PRUNE silent OK
  [LOGIC] mlp=-1272.7299 attn=-5.3143 div=33.9464
  [TIME] CE=157ms logic_reg=2320ms
  step  3550/8000 (global=7550)  loss=9.7140  avg=6.9184  lr=0.000305  B=6  1928ms
  [WB] boundary=93/100  core_diff=2.6604  bin_diff=0.0566  ratio=47.04  prune_act=0.0000
  [WB] structure=10/16 (62%)  opp_sim=0.068
  [WB] BOUNDARY OK | CORE>BIN OK | PRUNE silent OK
[*] stateful inference started: window=9996, sinks=4, ctx=10240
[*] sliding window configured: W=9996, sinks=4 (effective context: 10000)
  [TRACE] "冷": L0[||x||=8.15 C268(+252.89--10.88) B1076(+9388.52--19.45) P448(max0.000)] L4[||x||=6.00 C268(+984.47--4.65) B1076(+2402.46--38.59) P448(max0.000)] L7[||x||=6.00 C268(+707.78--8.92) B1076(+9753.27--13.53) P448(max0.000)] | H=13.33/15 top3=32609 31918 31874 
  [LOGIC] mlp=-1273.1113 attn=-5.3147 div=33.9465
  [TIME] CE=134ms logic_reg=2316ms
  step  3560/8000 (global=7560)  loss=2.9579  avg=6.6819  lr=0.000304  B=5  1928ms
  [WB] boundary=93/100  core_diff=2.6598  bin_diff=0.0559  ratio=47.55  prune_act=0.0000
  [WB] structure=10/16 (62%)  opp_sim=0.068
  [WB] BOUNDARY OK | CORE>BIN OK | PRUNE silent OK
  [LOGIC] mlp=-1271.5917 attn=-5.3137 div=33.9466
  [TIME] CE=105ms logic_reg=2317ms
  step  3570/8000 (global=7570)  loss=6.8285  avg=6.6609  lr=0.000302  B=4  1928ms
  [WB] boundary=93/100  core_diff=2.6606  bin_diff=0.0559  ratio=47.59  prune_act=0.0000
  [WB] structure=10/16 (62%)  opp_sim=0.068
  [WB] BOUNDARY OK | CORE>BIN OK | PRUNE silent OK
    [plan-I] step 4949 W_v approx_rank=17.4 (frob=10.60 max_row=0.61)
    [ortho] step 4949 L0 W_o off_diag=0.21 diag_dev=0.0712
    [plan-I] step 4949 W_v approx_rank=17.4 (frob=10.56 max_row=0.61)
    [ortho] step 4949 L1 W_o off_diag=0.21 diag_dev=0.0713
    [plan-I] step 4949 W_v approx_rank=17.4 (frob=10.67 max_row=0.61)
    [ortho] step 4949 L2 W_o off_diag=0.21 diag_dev=0.0712
    [plan-I] step 4949 W_v approx_rank=17.3 (frob=10.55 max_row=0.61)
    [ortho] step 4949 L3 W_o off_diag=0.21 diag_dev=0.0711
    [plan-I] step 4949 W_v approx_rank=17.1 (frob=10.43 max_row=0.61)
    [ortho] step 4949 L4 W_o off_diag=0.21 diag_dev=0.0716
    [plan-I] step 4949 W_v approx_rank=17.4 (frob=10.70 max_row=0.62)
    [ortho] step 4949 L5 W_o off_diag=0.21 diag_dev=0.0716
    [plan-I] step 4949 W_v approx_rank=17.1 (frob=10.49 max_row=0.61)
    [ortho] step 4949 L6 W_o off_diag=0.21 diag_dev=0.0714
    [plan-I] step 4949 W_v approx_rank=17.1 (frob=10.60 max_row=0.62)
    [ortho] step 4949 L7 W_o off_diag=0.21 diag_dev=0.0716
  [LOGIC] mlp=-1271.1946 attn=-5.3081 div=33.9468
  [TIME] CE=155ms logic_reg=2320ms
  step  3580/8000 (global=7580)  loss=7.9011  avg=6.7073  lr=0.000301  B=6  1928ms
  [WB] boundary=93/100  core_diff=2.6616  bin_diff=0.0563  ratio=47.32  prune_act=0.0000
  [WB] structure=10/16 (62%)  opp_sim=0.068
  [WB] BOUNDARY OK | CORE>BIN OK | PRUNE silent OK
  [LOGIC] mlp=-1271.5574 attn=-5.3021 div=33.9471
  [TIME] CE=182ms logic_reg=2355ms
  step  3590/8000 (global=7590)  loss=7.1898  avg=6.7606  lr=0.000300  B=7  1928ms
  [WB] boundary=93/100  core_diff=2.6611  bin_diff=0.0566  ratio=47.06  prune_act=0.0000
  [WB] structure=10/16 (62%)  opp_sim=0.068
  [WB] BOUNDARY OK | CORE>BIN OK | PRUNE silent OK
  [LOGIC] mlp=-1272.9766 attn=-5.2999 div=33.9475
  [TIME] CE=179ms logic_reg=2316ms
  step  3600/8000 (global=7600)  loss=3.2019  avg=6.6752  lr=0.000299  B=7  1928ms
  [WB] boundary=93/100  core_diff=2.6589  bin_diff=0.0565  ratio=47.02  prune_act=0.0000
  [WB] structure=10/16 (62%)  opp_sim=0.068
  [WB] BOUNDARY OK | CORE>BIN OK | PRUNE silent OK
[*] stateful inference started: window=9996, sinks=4, ctx=10240
[*] sliding window configured: W=9996, sinks=4 (effective context: 10000)
  [TRACE] "火": L0[||x||=8.03 C268(+265.55--10.23) B1076(+9376.90--19.99) P448(max0.000)] L4[||x||=6.00 C268(+1085.78--4.41) B1076(+2418.93--39.68) P448(max0.000)] L7[||x||=6.00 C268(+754.45--6.44) B1076(+9246.05--14.53) P448(max0.000)] | H=13.02/15 top3=32609 235 236 
  [LOGIC] mlp=-1274.1025 attn=-5.3012 div=33.9476
  [TIME] CE=465ms logic_reg=2318ms
  step  3610/8000 (global=7610)  loss=8.5798  avg=6.7925  lr=0.000298  B=7  1928ms
  [WB] boundary=93/100  core_diff=2.6602  bin_diff=0.0567  ratio=46.91  prune_act=0.0000
  [WB] structure=10/16 (62%)  opp_sim=0.068
  [WB] BOUNDARY OK | CORE>BIN OK | PRUNE silent OK
  [LOGIC] mlp=-1274.5166 attn=-5.3000 div=33.9477
  [TIME] CE=204ms logic_reg=2317ms
  step  3620/8000 (global=7620)  loss=6.6463  avg=6.6546  lr=0.000296  B=8  1928ms
  [WB] boundary=93/100  core_diff=2.6597  bin_diff=0.0566  ratio=46.96  prune_act=0.0000
  [WB] structure=10/16 (62%)  opp_sim=0.068
  [WB] BOUNDARY OK | CORE>BIN OK | PRUNE silent OK
    [plan-I] step 4999 W_v approx_rank=17.4 (frob=10.60 max_row=0.61)
    [ortho] step 4999 L0 W_o off_diag=0.21 diag_dev=0.0718
    [plan-I] step 4999 W_v approx_rank=17.4 (frob=10.56 max_row=0.61)
    [ortho] step 4999 L1 W_o off_diag=0.21 diag_dev=0.0718
    [plan-I] step 4999 W_v approx_rank=17.4 (frob=10.67 max_row=0.61)
    [ortho] step 4999 L2 W_o off_diag=0.21 diag_dev=0.0715
    [plan-I] step 4999 W_v approx_rank=17.3 (frob=10.55 max_row=0.61)
    [ortho] step 4999 L3 W_o off_diag=0.21 diag_dev=0.0717
    [plan-I] step 4999 W_v approx_rank=17.1 (frob=10.43 max_row=0.61)
    [ortho] step 4999 L4 W_o off_diag=0.21 diag_dev=0.0717
    [plan-I] step 4999 W_v approx_rank=17.4 (frob=10.70 max_row=0.62)
    [ortho] step 4999 L5 W_o off_diag=0.21 diag_dev=0.0717
    [plan-I] step 4999 W_v approx_rank=17.1 (frob=10.49 max_row=0.61)
    [ortho] step 4999 L6 W_o off_diag=0.21 diag_dev=0.0717
    [plan-I] step 4999 W_v approx_rank=17.1 (frob=10.60 max_row=0.62)
    [ortho] step 4999 L7 W_o off_diag=0.21 diag_dev=0.0718
  [LOGIC] mlp=-1274.9502 attn=-5.3007 div=33.9479
  [TIME] CE=185ms logic_reg=2321ms
  step  3630/8000 (global=7630)  loss=7.4219  avg=6.7858  lr=0.000295  B=7  1928ms
  [WB] boundary=93/100  core_diff=2.6588  bin_diff=0.0567  ratio=46.92  prune_act=0.0000
  [WB] structure=10/16 (62%)  opp_sim=0.068
  [WB] BOUNDARY OK | CORE>BIN OK | PRUNE silent OK
  [LOGIC] mlp=-1275.7845 attn=-5.2999 div=33.9481
  [TIME] CE=158ms logic_reg=2426ms
  step  3640/8000 (global=7640)  loss=8.1180  avg=6.8304  lr=0.000294  B=6  1928ms
  [WB] boundary=93/100  core_diff=2.6579  bin_diff=0.0567  ratio=46.86  prune_act=0.0000
  [WB] structure=10/16 (62%)  opp_sim=0.068
  [WB] BOUNDARY OK | CORE>BIN OK | PRUNE silent OK
  [LOGIC] mlp=-1275.4755 attn=-5.2970 div=33.9485
  [TIME] CE=207ms logic_reg=2320ms
  step  3650/8000 (global=7650)  loss=4.3512  avg=6.4914  lr=0.000293  B=8  1928ms
  [WB] boundary=93/100  core_diff=2.6559  bin_diff=0.0568  ratio=46.75  prune_act=0.0000
  [WB] structure=10/16 (62%)  opp_sim=0.068
  [WB] BOUNDARY OK | CORE>BIN OK | PRUNE silent OK
[*] stateful inference started: window=9996, sinks=4, ctx=10240
[*] sliding window configured: W=9996, sinks=4 (effective context: 10000)
  [TRACE] "水": L0[||x||=8.20 C268(+254.37--12.64) B1076(+9558.98--18.04) P448(max0.000)] L4[||x||=6.00 C268(+978.13--4.58) B1076(+2510.68--37.94) P448(max0.000)] L7[||x||=6.00 C268(+722.16--7.96) B1076(+10007.55--13.33) P448(max0.000)] | H=13.40/15 top3=232 31918 32609 
  [LOGIC] mlp=-1275.6678 attn=-5.2940 div=33.9488
  [TIME] CE=137ms logic_reg=2335ms
  step  3660/8000 (global=7660)  loss=7.7930  avg=6.3582  lr=0.000292  B=5  1928ms
  [WB] boundary=93/100  core_diff=2.6565  bin_diff=0.0569  ratio=46.70  prune_act=0.0000
  [WB] structure=10/16 (62%)  opp_sim=0.068
  [WB] BOUNDARY OK | CORE>BIN OK | PRUNE silent OK
  [LOGIC] mlp=-1275.7615 attn=-5.2929 div=33.9490
  [TIME] CE=158ms logic_reg=2471ms
  step  3670/8000 (global=7670)  loss=5.4074  avg=6.2562  lr=0.000290  B=6  1928ms
  [WB] boundary=93/100  core_diff=2.6551  bin_diff=0.0567  ratio=46.85  prune_act=0.0000
  [WB] structure=10/16 (62%)  opp_sim=0.068
  [WB] BOUNDARY OK | CORE>BIN OK | PRUNE silent OK
    [plan-I] step 5049 W_v approx_rank=17.4 (frob=10.60 max_row=0.61)
    [ortho] step 5049 L0 W_o off_diag=0.21 diag_dev=0.0707
    [plan-I] step 5049 W_v approx_rank=17.4 (frob=10.56 max_row=0.61)
    [ortho] step 5049 L1 W_o off_diag=0.21 diag_dev=0.0710
    [plan-I] step 5049 W_v approx_rank=17.4 (frob=10.67 max_row=0.61)
    [ortho] step 5049 L2 W_o off_diag=0.21 diag_dev=0.0707
    [plan-I] step 5049 W_v approx_rank=17.3 (frob=10.55 max_row=0.61)
    [ortho] step 5049 L3 W_o off_diag=0.21 diag_dev=0.0710
    [plan-I] step 5049 W_v approx_rank=17.1 (frob=10.43 max_row=0.61)
    [ortho] step 5049 L4 W_o off_diag=0.21 diag_dev=0.0711
    [plan-I] step 5049 W_v approx_rank=17.4 (frob=10.70 max_row=0.62)
    [ortho] step 5049 L5 W_o off_diag=0.21 diag_dev=0.0711
    [plan-I] step 5049 W_v approx_rank=17.1 (frob=10.49 max_row=0.61)
    [ortho] step 5049 L6 W_o off_diag=0.21 diag_dev=0.0710
    [plan-I] step 5049 W_v approx_rank=17.1 (frob=10.60 max_row=0.62)
    [ortho] step 5049 L7 W_o off_diag=0.21 diag_dev=0.0716
  [LOGIC] mlp=-1275.7021 attn=-5.2895 div=33.9494
  [TIME] CE=159ms logic_reg=2415ms
  step  3680/8000 (global=7680)  loss=7.5305  avg=6.3431  lr=0.000289  B=6  1928ms
  [WB] boundary=93/100  core_diff=2.6539  bin_diff=0.0565  ratio=47.01  prune_act=0.0000
  [WB] structure=10/16 (62%)  opp_sim=0.068
  [WB] BOUNDARY OK | CORE>BIN OK | PRUNE silent OK
  [LOGIC] mlp=-1275.7211 attn=-5.2876 div=33.9493
  [TIME] CE=131ms logic_reg=2320ms
  step  3690/8000 (global=7690)  loss=5.8469  avg=6.2897  lr=0.000288  B=5  1928ms
  [WB] boundary=93/100  core_diff=2.6553  bin_diff=0.0566  ratio=46.93  prune_act=0.0000
  [WB] structure=10/16 (62%)  opp_sim=0.068
  [WB] BOUNDARY OK | CORE>BIN OK | PRUNE silent OK
  [LOGIC] mlp=-1276.8949 attn=-5.2855 div=33.9495
  [TIME] CE=155ms logic_reg=2386ms
  step  3700/8000 (global=7700)  loss=6.9954  avg=6.3011  lr=0.000287  B=6  1928ms
  [WB] boundary=93/100  core_diff=2.6576  bin_diff=0.0568  ratio=46.75  prune_act=0.0000
  [WB] structure=10/16 (62%)  opp_sim=0.068
  [WB] BOUNDARY OK | CORE>BIN OK | PRUNE silent OK
[*] stateful inference started: window=9996, sinks=4, ctx=10240
[*] sliding window configured: W=9996, sinks=4 (effective context: 10000)
  [TRACE] "大": L0[||x||=7.82 C268(+192.39--11.75) B1076(+9294.26--20.15) P448(max0.000)] L4[||x||=6.00 C268(+1057.24--4.23) B1076(+2500.45--39.84) P448(max0.000)] L7[||x||=6.00 C268(+745.05--7.60) B1076(+9858.21--14.10) P448(max0.000)] | H=13.32/15 top3=31874 31918 233 
  [LOGIC] mlp=-1274.4137 attn=-5.2805 div=33.9493
  [TIME] CE=128ms logic_reg=2315ms
  step  3710/8000 (global=7710)  loss=7.1226  avg=6.3714  lr=0.000286  B=5  1928ms
  [WB] boundary=93/100  core_diff=2.6582  bin_diff=0.0570  ratio=46.60  prune_act=0.0000
  [WB] structure=10/16 (62%)  opp_sim=0.068
  [WB] BOUNDARY OK | CORE>BIN OK | PRUNE silent OK
  [LOGIC] mlp=-1278.0333 attn=-5.2866 div=33.9496
  [TIME] CE=134ms logic_reg=2326ms
  step  3720/8000 (global=7720)  loss=5.1474  avg=6.3009  lr=0.000284  B=5  1928ms
  [WB] boundary=93/100  core_diff=2.6569  bin_diff=0.0570  ratio=46.64  prune_act=0.0000
  [WB] structure=10/16 (62%)  opp_sim=0.068
  [WB] BOUNDARY OK | CORE>BIN OK | PRUNE silent OK
    [plan-I] step 5099 W_v approx_rank=17.4 (frob=10.60 max_row=0.61)
    [ortho] step 5099 L0 W_o off_diag=0.21 diag_dev=0.0713
    [plan-I] step 5099 W_v approx_rank=17.4 (frob=10.56 max_row=0.61)
    [ortho] step 5099 L1 W_o off_diag=0.21 diag_dev=0.0712
    [plan-I] step 5099 W_v approx_rank=17.4 (frob=10.67 max_row=0.61)
    [ortho] step 5099 L2 W_o off_diag=0.21 diag_dev=0.0710
    [plan-I] step 5099 W_v approx_rank=17.3 (frob=10.55 max_row=0.61)
    [ortho] step 5099 L3 W_o off_diag=0.21 diag_dev=0.0712
    [plan-I] step 5099 W_v approx_rank=17.1 (frob=10.43 max_row=0.61)
    [ortho] step 5099 L4 W_o off_diag=0.21 diag_dev=0.0714
    [plan-I] step 5099 W_v approx_rank=17.4 (frob=10.70 max_row=0.62)
    [ortho] step 5099 L5 W_o off_diag=0.21 diag_dev=0.0716
    [plan-I] step 5099 W_v approx_rank=17.1 (frob=10.49 max_row=0.61)
    [ortho] step 5099 L6 W_o off_diag=0.21 diag_dev=0.0715
    [plan-I] step 5099 W_v approx_rank=17.1 (frob=10.60 max_row=0.62)
    [ortho] step 5099 L7 W_o off_diag=0.21 diag_dev=0.0717
  [LOGIC] mlp=-1278.7928 attn=-5.2878 div=33.9499
  [TIME] CE=134ms logic_reg=2497ms
  step  3730/8000 (global=7730)  loss=6.8752  avg=6.1533  lr=0.000283  B=5  1928ms
  [WB] boundary=93/100  core_diff=2.6571  bin_diff=0.0569  ratio=46.66  prune_act=0.0000
  [WB] structure=10/16 (62%)  opp_sim=0.068
  [WB] BOUNDARY OK | CORE>BIN OK | PRUNE silent OK
  [LOGIC] mlp=-1275.4330 attn=-5.2815 div=33.9496
  [TIME] CE=136ms logic_reg=2321ms
  step  3740/8000 (global=7740)  loss=6.9642  avg=6.1119  lr=0.000282  B=5  1928ms
  [WB] boundary=93/100  core_diff=2.6585  bin_diff=0.0568  ratio=46.80  prune_act=0.0000
  [WB] structure=10/16 (62%)  opp_sim=0.068
  [WB] BOUNDARY OK | CORE>BIN OK | PRUNE silent OK
  [LOGIC] mlp=-1277.5350 attn=-5.2844 div=33.9494
  [TIME] CE=134ms logic_reg=2317ms
  step  3750/8000 (global=7750)  loss=4.5659  avg=5.9657  lr=0.000281  B=5  1928ms
  [WB] boundary=93/100  core_diff=2.6605  bin_diff=0.0566  ratio=46.97  prune_act=0.0000
  [WB] structure=10/16 (62%)  opp_sim=0.068
  [WB] BOUNDARY OK | CORE>BIN OK | PRUNE silent OK
[*] stateful inference started: window=9996, sinks=4, ctx=10240
[*] sliding window configured: W=9996, sinks=4 (effective context: 10000)
  [TRACE] "小": L0[||x||=8.23 C268(+230.80--11.49) B1076(+9545.07--19.11) P448(max0.000)] L4[||x||=6.00 C268(+1041.27--4.26) B1076(+2556.89--39.46) P448(max0.000)] L7[||x||=6.00 C268(+748.82--7.90) B1076(+10208.50--13.87) P448(max0.000)] | H=13.16/15 top3=232 235 233 
  [LOGIC] mlp=-1280.6750 attn=-5.2887 div=33.9494
  [TIME] CE=83ms logic_reg=2422ms
  step  3760/8000 (global=7760)  loss=7.5729  avg=6.0666  lr=0.000280  B=3  1928ms
  [WB] boundary=93/100  core_diff=2.6642  bin_diff=0.0569  ratio=46.80  prune_act=0.0000
  [WB] structure=10/16 (62%)  opp_sim=0.068
  [WB] BOUNDARY OK | CORE>BIN OK | PRUNE silent OK
  [LOGIC] mlp=-1277.4537 attn=-5.2792 div=33.9482
  [TIME] CE=186ms logic_reg=2344ms
  step  3770/8000 (global=7770)  loss=5.4132  avg=5.9752  lr=0.000279  B=7  1928ms
  [WB] boundary=93/100  core_diff=2.6730  bin_diff=0.0574  ratio=46.53  prune_act=0.0000
  [WB] structure=10/16 (62%)  opp_sim=0.068
  [WB] BOUNDARY OK | CORE>BIN OK | PRUNE silent OK
    [plan-I] step 5149 W_v approx_rank=17.4 (frob=10.60 max_row=0.61)
    [ortho] step 5149 L0 W_o off_diag=0.21 diag_dev=0.0719
    [plan-I] step 5149 W_v approx_rank=17.4 (frob=10.56 max_row=0.61)
    [ortho] step 5149 L1 W_o off_diag=0.21 diag_dev=0.0717
    [plan-I] step 5149 W_v approx_rank=17.4 (frob=10.67 max_row=0.61)
    [ortho] step 5149 L2 W_o off_diag=0.21 diag_dev=0.0714
    [plan-I] step 5149 W_v approx_rank=17.3 (frob=10.55 max_row=0.61)
    [ortho] step 5149 L3 W_o off_diag=0.21 diag_dev=0.0714
    [plan-I] step 5149 W_v approx_rank=17.1 (frob=10.43 max_row=0.61)
    [ortho] step 5149 L4 W_o off_diag=0.21 diag_dev=0.0717
    [plan-I] step 5149 W_v approx_rank=17.4 (frob=10.70 max_row=0.62)
    [ortho] step 5149 L5 W_o off_diag=0.21 diag_dev=0.0717
    [plan-I] step 5149 W_v approx_rank=17.1 (frob=10.49 max_row=0.61)
    [ortho] step 5149 L6 W_o off_diag=0.21 diag_dev=0.0716
    [plan-I] step 5149 W_v approx_rank=17.1 (frob=10.60 max_row=0.62)
    [ortho] step 5149 L7 W_o off_diag=0.21 diag_dev=0.0721
  [LOGIC] mlp=-1280.2494 attn=-5.2812 div=33.9474
  [TIME] CE=135ms logic_reg=2321ms
  step  3780/8000 (global=7780)  loss=8.2786  avg=6.1755  lr=0.000277  B=5  1928ms
  [WB] boundary=93/100  core_diff=2.6791  bin_diff=0.0578  ratio=46.36  prune_act=0.0000
  [WB] structure=10/16 (62%)  opp_sim=0.068
  [WB] BOUNDARY OK | CORE>BIN OK | PRUNE silent OK
  [LOGIC] mlp=-1280.7864 attn=-5.2749 div=33.9473
  [TIME] CE=222ms logic_reg=2316ms
  step  3790/8000 (global=7790)  loss=8.2558  avg=6.5609  lr=0.000276  B=4  1928ms
  [WB] boundary=93/100  core_diff=2.6832  bin_diff=0.0580  ratio=46.22  prune_act=0.0000
  [WB] structure=10/16 (62%)  opp_sim=0.068
  [WB] BOUNDARY OK | CORE>BIN OK | PRUNE silent OK
  [LOGIC] mlp=-1285.4125 attn=-5.2826 div=33.9468
  [TIME] CE=82ms logic_reg=2330ms
  step  3800/8000 (global=7800)  loss=7.7825  avg=6.7400  lr=0.000275  B=3  1928ms
  [WB] boundary=93/100  core_diff=2.6865  bin_diff=0.0581  ratio=46.23  prune_act=0.0000
  [WB] structure=10/16 (62%)  opp_sim=0.068
  [WB] BOUNDARY OK | CORE>BIN OK | PRUNE silent OK
[*] stateful inference started: window=9996, sinks=4, ctx=10240
[*] sliding window configured: W=9996, sinks=4 (effective context: 10000)
  [TRACE] "热": L0[||x||=8.30 C268(+249.69--10.09) B1076(+9480.65--19.30) P448(max0.000)] L4[||x||=6.00 C268(+1130.05--4.23) B1076(+2510.61--40.01) P448(max0.000)] L7[||x||=6.00 C268(+810.25--6.06) B1076(+8827.12--14.75) P448(max0.000)] | H=13.44/15 top3=31874 235 232 
  [LOGIC] mlp=-1288.6727 attn=-5.2953 div=33.9465
  [TIME] CE=168ms logic_reg=2436ms
  step  3810/8000 (global=7810)  loss=7.6803  avg=6.6935  lr=0.000274  B=6  1928ms
  [WB] boundary=93/100  core_diff=2.6881  bin_diff=0.0580  ratio=46.38  prune_act=0.0000
  [WB] structure=10/16 (62%)  opp_sim=0.068
  [WB] BOUNDARY OK | CORE>BIN OK | PRUNE silent OK
  [LOGIC] mlp=-1290.8541 attn=-5.3033 div=33.9465
  [TIME] CE=228ms logic_reg=2330ms
  step  3820/8000 (global=7820)  loss=4.9909  avg=6.6648  lr=0.000273  B=5  1928ms
  [WB] boundary=93/100  core_diff=2.6888  bin_diff=0.0577  ratio=46.64  prune_act=0.0000
  [WB] structure=10/16 (62%)  opp_sim=0.068
  [WB] BOUNDARY OK | CORE>BIN OK | PRUNE silent OK
    [plan-I] step 5199 W_v approx_rank=17.4 (frob=10.60 max_row=0.61)
    [ortho] step 5199 L0 W_o off_diag=0.21 diag_dev=0.0712
    [plan-I] step 5199 W_v approx_rank=17.4 (frob=10.56 max_row=0.61)
    [ortho] step 5199 L1 W_o off_diag=0.21 diag_dev=0.0715
    [plan-I] step 5199 W_v approx_rank=17.4 (frob=10.67 max_row=0.61)
    [ortho] step 5199 L2 W_o off_diag=0.21 diag_dev=0.0712
    [plan-I] step 5199 W_v approx_rank=17.3 (frob=10.55 max_row=0.61)
    [ortho] step 5199 L3 W_o off_diag=0.21 diag_dev=0.0714
    [plan-I] step 5199 W_v approx_rank=17.1 (frob=10.43 max_row=0.61)
    [ortho] step 5199 L4 W_o off_diag=0.21 diag_dev=0.0717
    [plan-I] step 5199 W_v approx_rank=17.4 (frob=10.70 max_row=0.62)
    [ortho] step 5199 L5 W_o off_diag=0.21 diag_dev=0.0717
    [plan-I] step 5199 W_v approx_rank=17.1 (frob=10.49 max_row=0.61)
    [ortho] step 5199 L6 W_o off_diag=0.21 diag_dev=0.0716
    [plan-I] step 5199 W_v approx_rank=17.1 (frob=10.60 max_row=0.62)
    [ortho] step 5199 L7 W_o off_diag=0.21 diag_dev=0.0718
  [LOGIC] mlp=-1291.1942 attn=-5.3078 div=33.9466
  [TIME] CE=130ms logic_reg=2342ms
  step  3830/8000 (global=7830)  loss=6.1384  avg=6.5020  lr=0.000272  B=5  1928ms
  [WB] boundary=93/100  core_diff=2.6895  bin_diff=0.0577  ratio=46.64  prune_act=0.0000
  [WB] structure=10/16 (62%)  opp_sim=0.068
  [WB] BOUNDARY OK | CORE>BIN OK | PRUNE silent OK
  [LOGIC] mlp=-1290.6979 attn=-5.3066 div=33.9466
  [TIME] CE=139ms logic_reg=2335ms
  step  3840/8000 (global=7840)  loss=5.0903  avg=6.5508  lr=0.000270  B=5  1928ms
  [WB] boundary=93/100  core_diff=2.6918  bin_diff=0.0580  ratio=46.40  prune_act=0.0000
  [WB] structure=10/16 (62%)  opp_sim=0.068
  [WB] BOUNDARY OK | CORE>BIN OK | PRUNE silent OK
  [LOGIC] mlp=-1291.4753 attn=-5.3052 div=33.9468
  [TIME] CE=130ms logic_reg=2316ms
  step  3850/8000 (global=7850)  loss=6.7599  avg=6.4539  lr=0.000269  B=5  1928ms
  [WB] boundary=93/100  core_diff=2.6921  bin_diff=0.0582  ratio=46.29  prune_act=0.0000
  [WB] structure=10/16 (62%)  opp_sim=0.068
  [WB] BOUNDARY OK | CORE>BIN OK | PRUNE silent OK
[*] stateful inference started: window=9996, sinks=4, ctx=10240
[*] sliding window configured: W=9996, sinks=4 (effective context: 10000)
  [TRACE] "冷": L0[||x||=8.26 C268(+254.63--10.40) B1076(+9524.62--19.39) P448(max0.000)] L4[||x||=6.00 C268(+1064.67--3.73) B1076(+2573.85--39.71) P448(max0.000)] L7[||x||=6.00 C268(+771.61--7.46) B1076(+9739.94--14.68) P448(max0.000)] | H=13.27/15 top3=32609 31918 31874 
  [LOGIC] mlp=-1289.3302 attn=-5.3007 div=33.9469
  [TIME] CE=133ms logic_reg=2326ms
  step  3860/8000 (global=7860)  loss=6.1382  avg=6.1692  lr=0.000268  B=5  1928ms
  [WB] boundary=93/100  core_diff=2.6910  bin_diff=0.0582  ratio=46.22  prune_act=0.0000
  [WB] structure=10/16 (62%)  opp_sim=0.068
  [WB] BOUNDARY OK | CORE>BIN OK | PRUNE silent OK
  [LOGIC] mlp=-1289.2526 attn=-5.2992 div=33.9469
  [TIME] CE=182ms logic_reg=2481ms
  step  3870/8000 (global=7870)  loss=6.3914  avg=6.0809  lr=0.000267  B=7  1928ms
  [WB] boundary=93/100  core_diff=2.6915  bin_diff=0.0582  ratio=46.26  prune_act=0.0000
  [WB] structure=10/16 (62%)  opp_sim=0.068
  [WB] BOUNDARY OK | CORE>BIN OK | PRUNE silent OK
    [plan-I] step 5249 W_v approx_rank=17.4 (frob=10.60 max_row=0.61)
    [ortho] step 5249 L0 W_o off_diag=0.21 diag_dev=0.0716
    [plan-I] step 5249 W_v approx_rank=17.4 (frob=10.56 max_row=0.61)
    [ortho] step 5249 L1 W_o off_diag=0.21 diag_dev=0.0716
    [plan-I] step 5249 W_v approx_rank=17.4 (frob=10.67 max_row=0.61)
    [ortho] step 5249 L2 W_o off_diag=0.21 diag_dev=0.0713
    [plan-I] step 5249 W_v approx_rank=17.3 (frob=10.55 max_row=0.61)
    [ortho] step 5249 L3 W_o off_diag=0.21 diag_dev=0.0716
    [plan-I] step 5249 W_v approx_rank=17.1 (frob=10.43 max_row=0.61)
    [ortho] step 5249 L4 W_o off_diag=0.21 diag_dev=0.0716
    [plan-I] step 5249 W_v approx_rank=17.4 (frob=10.70 max_row=0.62)
    [ortho] step 5249 L5 W_o off_diag=0.21 diag_dev=0.0716
    [plan-I] step 5249 W_v approx_rank=17.1 (frob=10.49 max_row=0.61)
    [ortho] step 5249 L6 W_o off_diag=0.21 diag_dev=0.0715
    [plan-I] step 5249 W_v approx_rank=17.1 (frob=10.60 max_row=0.62)
    [ortho] step 5249 L7 W_o off_diag=0.21 diag_dev=0.0720
  [LOGIC] mlp=-1290.4170 attn=-5.2996 div=33.9467
  [TIME] CE=182ms logic_reg=2324ms
  step  3880/8000 (global=7880)  loss=7.4199  avg=6.1150  lr=0.000266  B=7  1928ms
  [WB] boundary=93/100  core_diff=2.6938  bin_diff=0.0581  ratio=46.39  prune_act=0.0000
  [WB] structure=10/16 (62%)  opp_sim=0.068
  [WB] BOUNDARY OK | CORE>BIN OK | PRUNE silent OK
  [LOGIC] mlp=-1293.5570 attn=-5.3089 div=33.9464
  [TIME] CE=179ms logic_reg=2507ms
  step  3890/8000 (global=7890)  loss=1.8181  avg=5.9660  lr=0.000265  B=7  1928ms
  [WB] boundary=93/100  core_diff=2.6965  bin_diff=0.0578  ratio=46.66  prune_act=0.0000
  [WB] structure=10/16 (62%)  opp_sim=0.068
  [WB] BOUNDARY OK | CORE>BIN OK | PRUNE silent OK
  [LOGIC] mlp=-1293.8981 attn=-5.3108 div=33.9463
  [TIME] CE=154ms logic_reg=2318ms
  step  3900/8000 (global=7900)  loss=5.9147  avg=6.0110  lr=0.000263  B=6  1928ms
  [WB] boundary=93/100  core_diff=2.6969  bin_diff=0.0575  ratio=46.90  prune_act=0.0000
  [WB] structure=10/16 (62%)  opp_sim=0.068
  [WB] BOUNDARY OK | CORE>BIN OK | PRUNE silent OK
[*] stateful inference started: window=9996, sinks=4, ctx=10240
[*] sliding window configured: W=9996, sinks=4 (effective context: 10000)
  [TRACE] "火": L0[||x||=8.11 C268(+268.84--10.48) B1076(+9449.46--20.21) P448(max0.000)] L4[||x||=6.00 C268(+1142.24--3.79) B1076(+2531.99--41.41) P448(max0.000)] L7[||x||=6.00 C268(+843.13--5.75) B1076(+9066.06--14.73) P448(max0.000)] | H=13.13/15 top3=235 232 31874 
  [LOGIC] mlp=-1294.8627 attn=-5.3150 div=33.9462
  [TIME] CE=159ms logic_reg=2314ms
  step  3910/8000 (global=7910)  loss=9.4278  avg=6.0777  lr=0.000262  B=6  1928ms
  [WB] boundary=93/100  core_diff=2.6996  bin_diff=0.0570  ratio=47.38  prune_act=0.0000
  [WB] structure=10/16 (62%)  opp_sim=0.068
  [WB] BOUNDARY OK | CORE>BIN OK | PRUNE silent OK
  [LOGIC] mlp=-1294.5908 attn=-5.3137 div=33.9461
  [TIME] CE=180ms logic_reg=2315ms
  step  3920/8000 (global=7920)  loss=7.2630  avg=6.3447  lr=0.000261  B=7  1928ms
  [WB] boundary=93/100  core_diff=2.7005  bin_diff=0.0571  ratio=47.32  prune_act=0.0000
  [WB] structure=10/16 (62%)  opp_sim=0.068
  [WB] BOUNDARY OK | CORE>BIN OK | PRUNE silent OK
    [plan-I] step 5299 W_v approx_rank=17.4 (frob=10.60 max_row=0.61)
    [ortho] step 5299 L0 W_o off_diag=0.21 diag_dev=0.0716
    [plan-I] step 5299 W_v approx_rank=17.4 (frob=10.56 max_row=0.61)
    [ortho] step 5299 L1 W_o off_diag=0.21 diag_dev=0.0718
    [plan-I] step 5299 W_v approx_rank=17.4 (frob=10.67 max_row=0.61)
    [ortho] step 5299 L2 W_o off_diag=0.21 diag_dev=0.0715
    [plan-I] step 5299 W_v approx_rank=17.3 (frob=10.55 max_row=0.61)
    [ortho] step 5299 L3 W_o off_diag=0.21 diag_dev=0.0717
    [plan-I] step 5299 W_v approx_rank=17.1 (frob=10.43 max_row=0.61)
    [ortho] step 5299 L4 W_o off_diag=0.21 diag_dev=0.0718
    [plan-I] step 5299 W_v approx_rank=17.4 (frob=10.70 max_row=0.62)
    [ortho] step 5299 L5 W_o off_diag=0.21 diag_dev=0.0719
    [plan-I] step 5299 W_v approx_rank=17.1 (frob=10.49 max_row=0.61)
    [ortho] step 5299 L6 W_o off_diag=0.21 diag_dev=0.0716
    [plan-I] step 5299 W_v approx_rank=17.1 (frob=10.60 max_row=0.62)
    [ortho] step 5299 L7 W_o off_diag=0.21 diag_dev=0.0717
  [LOGIC] mlp=-1293.8767 attn=-5.3085 div=33.9460
  [TIME] CE=145ms logic_reg=2380ms
  step  3930/8000 (global=7930)  loss=7.9878  avg=6.3149  lr=0.000260  B=5  1928ms
  [WB] boundary=93/100  core_diff=2.7013  bin_diff=0.0573  ratio=47.11  prune_act=0.0000
  [WB] structure=10/16 (62%)  opp_sim=0.068
  [WB] BOUNDARY OK | CORE>BIN OK | PRUNE silent OK
  [LOGIC] mlp=-1293.1331 attn=-5.2994 div=33.9458
  [TIME] CE=132ms logic_reg=2317ms
  step  3940/8000 (global=7940)  loss=5.9980  avg=6.4374  lr=0.000259  B=5  1928ms
  [WB] boundary=93/100  core_diff=2.7045  bin_diff=0.0576  ratio=46.99  prune_act=0.0000
  [WB] structure=10/16 (62%)  opp_sim=0.068
  [WB] BOUNDARY OK | CORE>BIN OK | PRUNE silent OK
  [LOGIC] mlp=-1296.7136 attn=-5.3048 div=33.9456
  [TIME] CE=132ms logic_reg=2333ms
  step  3950/8000 (global=7950)  loss=7.3757  avg=6.6142  lr=0.000258  B=5  1928ms
  [WB] boundary=93/100  core_diff=2.7071  bin_diff=0.0574  ratio=47.18  prune_act=0.0000
  [WB] structure=10/16 (62%)  opp_sim=0.068
  [WB] BOUNDARY OK | CORE>BIN OK | PRUNE silent OK
[*] stateful inference started: window=9996, sinks=4, ctx=10240
[*] sliding window configured: W=9996, sinks=4 (effective context: 10000)
  [TRACE] "水": L0[||x||=8.24 C268(+245.98--11.24) B1076(+9600.94--17.95) P448(max0.000)] L4[||x||=6.00 C268(+1108.26--4.30) B1076(+2563.17--39.40) P448(max0.000)] L7[||x||=6.00 C268(+850.87--5.71) B1076(+8930.27--14.97) P448(max0.000)] | H=13.56/15 top3=232 235 31874 
  [LOGIC] mlp=-1296.1228 attn=-5.3000 div=33.9455
  [TIME] CE=148ms logic_reg=2335ms
  step  3960/8000 (global=7960)  loss=8.0106  avg=6.9579  lr=0.000256  B=5  1928ms
  [WB] boundary=93/100  core_diff=2.7090  bin_diff=0.0576  ratio=47.06  prune_act=0.0000
  [WB] structure=10/16 (62%)  opp_sim=0.068
  [WB] BOUNDARY OK | CORE>BIN OK | PRUNE silent OK
  [LOGIC] mlp=-1298.6038 attn=-5.3040 div=33.9457
  [TIME] CE=108ms logic_reg=2339ms
  step  3970/8000 (global=7970)  loss=6.7047  avg=6.9799  lr=0.000255  B=4  1928ms
  [WB] boundary=93/100  core_diff=2.7087  bin_diff=0.0577  ratio=46.92  prune_act=0.0000
  [WB] structure=10/16 (62%)  opp_sim=0.068
  [WB] BOUNDARY OK | CORE>BIN OK | PRUNE silent OK
    [plan-I] step 5349 W_v approx_rank=17.4 (frob=10.60 max_row=0.61)
    [ortho] step 5349 L0 W_o off_diag=0.21 diag_dev=0.0714
    [plan-I] step 5349 W_v approx_rank=17.4 (frob=10.56 max_row=0.61)
    [ortho] step 5349 L1 W_o off_diag=0.21 diag_dev=0.0719
    [plan-I] step 5349 W_v approx_rank=17.4 (frob=10.67 max_row=0.61)
    [ortho] step 5349 L2 W_o off_diag=0.21 diag_dev=0.0715
    [plan-I] step 5349 W_v approx_rank=17.3 (frob=10.55 max_row=0.61)
    [ortho] step 5349 L3 W_o off_diag=0.21 diag_dev=0.0717
    [plan-I] step 5349 W_v approx_rank=17.1 (frob=10.43 max_row=0.61)
    [ortho] step 5349 L4 W_o off_diag=0.21 diag_dev=0.0719
    [plan-I] step 5349 W_v approx_rank=17.4 (frob=10.70 max_row=0.62)
    [ortho] step 5349 L5 W_o off_diag=0.21 diag_dev=0.0719
    [plan-I] step 5349 W_v approx_rank=17.1 (frob=10.49 max_row=0.61)
    [ortho] step 5349 L6 W_o off_diag=0.21 diag_dev=0.0719
    [plan-I] step 5349 W_v approx_rank=17.1 (frob=10.60 max_row=0.62)
    [ortho] step 5349 L7 W_o off_diag=0.21 diag_dev=0.0719
  [LOGIC] mlp=-1298.2209 attn=-5.3014 div=33.9461
  [TIME] CE=183ms logic_reg=2330ms
  step  3980/8000 (global=7980)  loss=5.2300  avg=6.8727  lr=0.000254  B=7  1928ms
  [WB] boundary=93/100  core_diff=2.7057  bin_diff=0.0578  ratio=46.84  prune_act=0.0000
  [WB] structure=10/16 (62%)  opp_sim=0.068
  [WB] BOUNDARY OK | CORE>BIN OK | PRUNE silent OK
  [LOGIC] mlp=-1299.2103 attn=-5.3018 div=33.9463
  [TIME] CE=156ms logic_reg=2335ms
  step  3990/8000 (global=7990)  loss=3.7865  avg=6.7344  lr=0.000253  B=6  1928ms
  [WB] boundary=93/100  core_diff=2.7056  bin_diff=0.0578  ratio=46.85  prune_act=0.0000
  [WB] structure=10/16 (62%)  opp_sim=0.068
  [WB] BOUNDARY OK | CORE>BIN OK | PRUNE silent OK
  [LOGIC] mlp=-1299.3923 attn=-5.3041 div=33.9464
  [TIME] CE=179ms logic_reg=2403ms
  step  4000/8000 (global=8000)  loss=8.1691  avg=6.7142  lr=0.000252  B=7  1928ms
  [WB] boundary=93/100  core_diff=2.7043  bin_diff=0.0575  ratio=47.00  prune_act=0.0000
  [WB] structure=10/16 (62%)  opp_sim=0.068
  [WB] BOUNDARY OK | CORE>BIN OK | PRUNE silent OK
[*] stateful inference started: window=9996, sinks=4, ctx=10240
[*] sliding window configured: W=9996, sinks=4 (effective context: 10000)
  [TRACE] "大": L0[||x||=7.87 C268(+212.18--11.62) B1076(+9308.81--20.49) P448(max0.000)] L4[||x||=6.00 C268(+1219.17--3.62) B1076(+2560.65--41.88) P448(max0.000)] L7[||x||=6.00 C268(+891.00--5.40) B1076(+8623.94--15.67) P448(max0.000)] | H=13.15/15 top3=31874 232 235 
  [LOGIC] mlp=-1299.4923 attn=-5.3053 div=33.9462
  [TIME] CE=179ms logic_reg=2387ms
  step  4010/8000 (global=8010)  loss=5.7513  avg=6.7107  lr=0.000251  B=7  1928ms
  [WB] boundary=93/100  core_diff=2.7074  bin_diff=0.0578  ratio=46.85  prune_act=0.0000
  [WB] structure=10/16 (62%)  opp_sim=0.068
  [WB] BOUNDARY OK | CORE>BIN OK | PRUNE silent OK
  [LOGIC] mlp=-1301.1074 attn=-5.3108 div=33.9462
  [TIME] CE=106ms logic_reg=2328ms
  step  4020/8000 (global=8020)  loss=4.1907  avg=6.4356  lr=0.000250  B=4  1928ms
  [WB] boundary=93/100  core_diff=2.7079  bin_diff=0.0577  ratio=46.96  prune_act=0.0000
  [WB] structure=10/16 (62%)  opp_sim=0.068
  [WB] BOUNDARY OK | CORE>BIN OK | PRUNE silent OK
    [plan-I] step 5399 W_v approx_rank=17.4 (frob=10.60 max_row=0.61)
    [ortho] step 5399 L0 W_o off_diag=0.21 diag_dev=0.0717
    [plan-I] step 5399 W_v approx_rank=17.4 (frob=10.56 max_row=0.61)
    [ortho] step 5399 L1 W_o off_diag=0.21 diag_dev=0.0717
    [plan-I] step 5399 W_v approx_rank=17.4 (frob=10.67 max_row=0.61)
    [ortho] step 5399 L2 W_o off_diag=0.21 diag_dev=0.0715
    [plan-I] step 5399 W_v approx_rank=17.3 (frob=10.55 max_row=0.61)
    [ortho] step 5399 L3 W_o off_diag=0.21 diag_dev=0.0717
    [plan-I] step 5399 W_v approx_rank=17.1 (frob=10.43 max_row=0.61)
    [ortho] step 5399 L4 W_o off_diag=0.21 diag_dev=0.0719
    [plan-I] step 5399 W_v approx_rank=17.4 (frob=10.70 max_row=0.62)
    [ortho] step 5399 L5 W_o off_diag=0.21 diag_dev=0.0718
    [plan-I] step 5399 W_v approx_rank=17.1 (frob=10.49 max_row=0.61)
    [ortho] step 5399 L6 W_o off_diag=0.21 diag_dev=0.0717
    [plan-I] step 5399 W_v approx_rank=17.1 (frob=10.60 max_row=0.62)
    [ortho] step 5399 L7 W_o off_diag=0.21 diag_dev=0.0721
  [LOGIC] mlp=-1302.2258 attn=-5.3119 div=33.9465
  [TIME] CE=156ms logic_reg=2440ms
  step  4030/8000 (global=8030)  loss=6.0242  avg=6.4453  lr=0.000248  B=6  1928ms
  [WB] boundary=93/100  core_diff=2.7082  bin_diff=0.0575  ratio=47.08  prune_act=0.0000
  [WB] structure=10/16 (62%)  opp_sim=0.068
  [WB] BOUNDARY OK | CORE>BIN OK | PRUNE silent OK
  [LOGIC] mlp=-1300.9132 attn=-5.3067 div=33.9467
  [TIME] CE=81ms logic_reg=2322ms
  step  4040/8000 (global=8040)  loss=6.8464  avg=6.5039  lr=0.000247  B=3  1928ms
  [WB] boundary=93/100  core_diff=2.7077  bin_diff=0.0573  ratio=47.24  prune_act=0.0000
  [WB] structure=10/16 (62%)  opp_sim=0.068
  [WB] BOUNDARY OK | CORE>BIN OK | PRUNE silent OK
  [LOGIC] mlp=-1300.8087 attn=-5.3088 div=33.9467
  [TIME] CE=82ms logic_reg=2330ms
  step  4050/8000 (global=8050)  loss=4.7253  avg=6.3458  lr=0.000246  B=3  1928ms
  [WB] boundary=93/100  core_diff=2.7086  bin_diff=0.0573  ratio=47.26  prune_act=0.0000
  [WB] structure=10/16 (62%)  opp_sim=0.068
  [WB] BOUNDARY OK | CORE>BIN OK | PRUNE silent OK
[*] stateful inference started: window=9996, sinks=4, ctx=10240
[*] sliding window configured: W=9996, sinks=4 (effective context: 10000)
  [TRACE] "小": L0[||x||=8.28 C268(+234.72--10.71) B1076(+9573.65--19.34) P448(max0.000)] L4[||x||=6.00 C268(+1149.55--3.69) B1076(+2635.47--41.07) P448(max0.000)] L7[||x||=6.00 C268(+850.24--5.85) B1076(+9381.47--14.92) P448(max0.000)] | H=13.14/15 top3=235 232 31874 
  [LOGIC] mlp=-1301.2090 attn=-5.3102 div=33.9467
  [TIME] CE=133ms logic_reg=2467ms
  step  4060/8000 (global=8060)  loss=7.7555  avg=6.5672  lr=0.000245  B=5  1928ms
  [WB] boundary=93/100  core_diff=2.7104  bin_diff=0.0574  ratio=47.19  prune_act=0.0000
  [WB] structure=10/16 (62%)  opp_sim=0.068
  [WB] BOUNDARY OK | CORE>BIN OK | PRUNE silent OK
  [LOGIC] mlp=-1304.5446 attn=-5.3178 div=33.9466
  [TIME] CE=181ms logic_reg=2362ms
  step  4070/8000 (global=8070)  loss=4.4980  avg=6.3930  lr=0.000244  B=7  1928ms
  [WB] boundary=93/100  core_diff=2.7137  bin_diff=0.0575  ratio=47.21  prune_act=0.0000
  [WB] structure=10/16 (62%)  opp_sim=0.068
  [WB] BOUNDARY OK | CORE>BIN OK | PRUNE silent OK
    [plan-I] step 5449 W_v approx_rank=17.4 (frob=10.60 max_row=0.61)
    [ortho] step 5449 L0 W_o off_diag=0.21 diag_dev=0.0714
    [plan-I] step 5449 W_v approx_rank=17.4 (frob=10.56 max_row=0.61)
    [ortho] step 5449 L1 W_o off_diag=0.21 diag_dev=0.0717
    [plan-I] step 5449 W_v approx_rank=17.4 (frob=10.67 max_row=0.61)
    [ortho] step 5449 L2 W_o off_diag=0.21 diag_dev=0.0714
    [plan-I] step 5449 W_v approx_rank=17.3 (frob=10.55 max_row=0.61)
    [ortho] step 5449 L3 W_o off_diag=0.21 diag_dev=0.0716
    [plan-I] step 5449 W_v approx_rank=17.1 (frob=10.43 max_row=0.61)
    [ortho] step 5449 L4 W_o off_diag=0.21 diag_dev=0.0717
    [plan-I] step 5449 W_v approx_rank=17.4 (frob=10.70 max_row=0.62)
    [ortho] step 5449 L5 W_o off_diag=0.21 diag_dev=0.0717
    [plan-I] step 5449 W_v approx_rank=17.1 (frob=10.49 max_row=0.61)
    [ortho] step 5449 L6 W_o off_diag=0.21 diag_dev=0.0715
    [plan-I] step 5449 W_v approx_rank=17.1 (frob=10.60 max_row=0.62)
    [ortho] step 5449 L7 W_o off_diag=0.21 diag_dev=0.0721
  [LOGIC] mlp=-1304.4872 attn=-5.3173 div=33.9466
  [TIME] CE=184ms logic_reg=2332ms
  step  4080/8000 (global=8080)  loss=6.2136  avg=6.4860  lr=0.000243  B=7  1928ms
  [WB] boundary=93/100  core_diff=2.7157  bin_diff=0.0575  ratio=47.24  prune_act=0.0000
  [WB] structure=10/16 (62%)  opp_sim=0.068
  [WB] BOUNDARY OK | CORE>BIN OK | PRUNE silent OK
  [LOGIC] mlp=-1305.3593 attn=-5.3178 div=33.9468
  [TIME] CE=107ms logic_reg=2453ms
  step  4090/8000 (global=8090)  loss=7.6409  avg=6.4043  lr=0.000242  B=4  1928ms
  [WB] boundary=93/100  core_diff=2.7166  bin_diff=0.0575  ratio=47.27  prune_act=0.0000
  [WB] structure=10/16 (62%)  opp_sim=0.068
  [WB] BOUNDARY OK | CORE>BIN OK | PRUNE silent OK
  [LOGIC] mlp=-1305.5374 attn=-5.3162 div=33.9474
  [TIME] CE=157ms logic_reg=2363ms
  step  4100/8000 (global=8100)  loss=6.8654  avg=6.3641  lr=0.000241  B=6  1928ms
  [WB] boundary=93/100  core_diff=2.7162  bin_diff=0.0572  ratio=47.46  prune_act=0.0000
  [WB] structure=10/16 (62%)  opp_sim=0.068
  [WB] BOUNDARY OK | CORE>BIN OK | PRUNE silent OK
[*] stateful inference started: window=9996, sinks=4, ctx=10240
[*] sliding window configured: W=9996, sinks=4 (effective context: 10000)
  [TRACE] "热": L0[||x||=8.37 C268(+260.21--9.37) B1076(+9631.68--19.16) P448(max0.000)] L4[||x||=6.00 C268(+1091.22--4.42) B1076(+2717.07--40.25) P448(max0.000)] L7[||x||=6.00 C268(+811.04--6.29) B1076(+10150.36--15.27) P448(max0.000)] | H=13.26/15 top3=32609 31918 235 
  [LOGIC] mlp=-1299.6689 attn=-5.3059 div=33.9472
  [TIME] CE=158ms logic_reg=2336ms
  step  4110/8000 (global=8110)  loss=6.1388  avg=6.3437  lr=0.000239  B=6  1928ms
  [WB] boundary=93/100  core_diff=2.7179  bin_diff=0.0572  ratio=47.52  prune_act=0.0000
  [WB] structure=10/16 (62%)  opp_sim=0.068
  [WB] BOUNDARY OK | CORE>BIN OK | PRUNE silent OK
  [LOGIC] mlp=-1301.5326 attn=-5.3044 div=33.9475
  [TIME] CE=181ms logic_reg=2380ms
  step  4120/8000 (global=8120)  loss=6.4239  avg=6.3955  lr=0.000238  B=7  1928ms
  [WB] boundary=93/100  core_diff=2.7154  bin_diff=0.0571  ratio=47.57  prune_act=0.0000
  [WB] structure=10/16 (62%)  opp_sim=0.068
  [WB] BOUNDARY OK | CORE>BIN OK | PRUNE silent OK
    [plan-I] step 5499 W_v approx_rank=17.4 (frob=10.60 max_row=0.61)
    [ortho] step 5499 L0 W_o off_diag=0.21 diag_dev=0.0714
    [plan-I] step 5499 W_v approx_rank=17.4 (frob=10.56 max_row=0.61)
    [ortho] step 5499 L1 W_o off_diag=0.21 diag_dev=0.0714
    [plan-I] step 5499 W_v approx_rank=17.4 (frob=10.67 max_row=0.61)
    [ortho] step 5499 L2 W_o off_diag=0.21 diag_dev=0.0712
    [plan-I] step 5499 W_v approx_rank=17.3 (frob=10.55 max_row=0.61)
    [ortho] step 5499 L3 W_o off_diag=0.21 diag_dev=0.0713
    [plan-I] step 5499 W_v approx_rank=17.1 (frob=10.43 max_row=0.61)
    [ortho] step 5499 L4 W_o off_diag=0.21 diag_dev=0.0716
    [plan-I] step 5499 W_v approx_rank=17.4 (frob=10.70 max_row=0.62)
    [ortho] step 5499 L5 W_o off_diag=0.21 diag_dev=0.0716
    [plan-I] step 5499 W_v approx_rank=17.1 (frob=10.49 max_row=0.61)
    [ortho] step 5499 L6 W_o off_diag=0.21 diag_dev=0.0715
    [plan-I] step 5499 W_v approx_rank=17.1 (frob=10.60 max_row=0.62)
    [ortho] step 5499 L7 W_o off_diag=0.21 diag_dev=0.0722
  [LOGIC] mlp=-1304.1077 attn=-5.3058 div=33.9475
  [TIME] CE=132ms logic_reg=2340ms
  step  4130/8000 (global=8130)  loss=5.3823  avg=6.3686  lr=0.000237  B=5  1928ms
  [WB] boundary=93/100  core_diff=2.7179  bin_diff=0.0574  ratio=47.33  prune_act=0.0000
  [WB] structure=10/16 (62%)  opp_sim=0.068
  [WB] BOUNDARY OK | CORE>BIN OK | PRUNE silent OK
  [LOGIC] mlp=-1305.6222 attn=-5.3079 div=33.9476
  [TIME] CE=82ms logic_reg=2324ms
  step  4140/8000 (global=8140)  loss=8.5642  avg=6.3116  lr=0.000236  B=3  1928ms
  [WB] boundary=93/100  core_diff=2.7182  bin_diff=0.0575  ratio=47.28  prune_act=0.0000
  [WB] structure=10/16 (62%)  opp_sim=0.068
  [WB] BOUNDARY OK | CORE>BIN OK | PRUNE silent OK
  [LOGIC] mlp=-1307.1135 attn=-5.3079 div=33.9478
  [TIME] CE=131ms logic_reg=2323ms
  step  4150/8000 (global=8150)  loss=6.2721  avg=6.3190  lr=0.000235  B=5  1928ms
  [WB] boundary=93/100  core_diff=2.7184  bin_diff=0.0576  ratio=47.18  prune_act=0.0000
  [WB] structure=10/16 (62%)  opp_sim=0.068
  [WB] BOUNDARY OK | CORE>BIN OK | PRUNE silent OK
[*] stateful inference started: window=9996, sinks=4, ctx=10240
[*] sliding window configured: W=9996, sinks=4 (effective context: 10000)
  [TRACE] "冷": L0[||x||=8.34 C268(+262.11--9.94) B1076(+9640.55--19.68) P448(max0.000)] L4[||x||=6.00 C268(+1165.65--3.83) B1076(+2733.38--41.23) P448(max0.000)] L7[||x||=6.00 C268(+853.55--5.88) B1076(+10075.78--15.03) P448(max0.000)] | H=12.99/15 top3=235 32609 234 
  [LOGIC] mlp=-1307.6007 attn=-5.3094 div=33.9477
  [TIME] CE=133ms logic_reg=2332ms
  step  4160/8000 (global=8160)  loss=6.3674  avg=6.1888  lr=0.000234  B=5  1928ms
  [WB] boundary=93/100  core_diff=2.7207  bin_diff=0.0580  ratio=46.95  prune_act=0.0000
  [WB] structure=10/16 (62%)  opp_sim=0.068
  [WB] BOUNDARY OK | CORE>BIN OK | PRUNE silent OK
  [LOGIC] mlp=-1308.0184 attn=-5.3100 div=33.9476
  [TIME] CE=152ms logic_reg=2408ms
  step  4170/8000 (global=8170)  loss=4.5086  avg=6.1975  lr=0.000233  B=5  1928ms
  [WB] boundary=93/100  core_diff=2.7228  bin_diff=0.0582  ratio=46.76  prune_act=0.0000
  [WB] structure=10/16 (62%)  opp_sim=0.068
  [WB] BOUNDARY OK | CORE>BIN OK | PRUNE silent OK
    [plan-I] step 5549 W_v approx_rank=17.4 (frob=10.60 max_row=0.61)
    [ortho] step 5549 L0 W_o off_diag=0.21 diag_dev=0.0719
    [plan-I] step 5549 W_v approx_rank=17.4 (frob=10.56 max_row=0.61)
    [ortho] step 5549 L1 W_o off_diag=0.21 diag_dev=0.0721
    [plan-I] step 5549 W_v approx_rank=17.4 (frob=10.67 max_row=0.61)
    [ortho] step 5549 L2 W_o off_diag=0.21 diag_dev=0.0718
    [plan-I] step 5549 W_v approx_rank=17.3 (frob=10.55 max_row=0.61)
    [ortho] step 5549 L3 W_o off_diag=0.21 diag_dev=0.0720
    [plan-I] step 5549 W_v approx_rank=17.1 (frob=10.43 max_row=0.61)
    [ortho] step 5549 L4 W_o off_diag=0.21 diag_dev=0.0721
    [plan-I] step 5549 W_v approx_rank=17.4 (frob=10.70 max_row=0.62)
    [ortho] step 5549 L5 W_o off_diag=0.21 diag_dev=0.0722
    [plan-I] step 5549 W_v approx_rank=17.1 (frob=10.49 max_row=0.61)
    [ortho] step 5549 L6 W_o off_diag=0.21 diag_dev=0.0720
    [plan-I] step 5549 W_v approx_rank=17.1 (frob=10.60 max_row=0.62)
    [ortho] step 5549 L7 W_o off_diag=0.21 diag_dev=0.0721
  [LOGIC] mlp=-1310.2471 attn=-5.3157 div=33.9475
  [TIME] CE=182ms logic_reg=2358ms
  step  4180/8000 (global=8180)  loss=7.5551  avg=6.3272  lr=0.000232  B=7  1928ms
  [WB] boundary=93/100  core_diff=2.7259  bin_diff=0.0582  ratio=46.81  prune_act=0.0000
  [WB] structure=10/16 (62%)  opp_sim=0.068
  [WB] BOUNDARY OK | CORE>BIN OK | PRUNE silent OK
  [LOGIC] mlp=-1311.9220 attn=-5.3211 div=33.9476
  [TIME] CE=132ms logic_reg=2470ms
  step  4190/8000 (global=8190)  loss=4.7621  avg=6.2464  lr=0.000231  B=5  1928ms
  [WB] boundary=93/100  core_diff=2.7272  bin_diff=0.0578  ratio=47.15  prune_act=0.0000
  [WB] structure=10/16 (62%)  opp_sim=0.068
  [WB] BOUNDARY OK | CORE>BIN OK | PRUNE silent OK
  [LOGIC] mlp=-1309.7194 attn=-5.3177 div=33.9472
  [TIME] CE=124ms logic_reg=2425ms
  step  4200/8000 (global=8200)  loss=6.3775  avg=6.2973  lr=0.000229  B=4  1928ms
  [WB] boundary=93/100  core_diff=2.7314  bin_diff=0.0581  ratio=47.02  prune_act=0.0000
  [WB] structure=10/16 (62%)  opp_sim=0.068
  [WB] BOUNDARY OK | CORE>BIN OK | PRUNE silent OK
[*] stateful inference started: window=9996, sinks=4, ctx=10240
[*] sliding window configured: W=9996, sinks=4 (effective context: 10000)
  [TRACE] "火": L0[||x||=8.19 C268(+279.68--10.29) B1076(+9550.14--20.62) P448(max0.000)] L4[||x||=6.00 C268(+1216.37--3.45) B1076(+2698.11--42.21) P448(max0.000)] L7[||x||=6.00 C268(+899.07--6.03) B1076(+9621.80--15.56) P448(max0.000)] | H=13.07/15 top3=235 234 233 
  [LOGIC] mlp=-1301.1031 attn=-5.2990 div=33.9471
  [TIME] CE=158ms logic_reg=2352ms
  step  4210/8000 (global=8210)  loss=9.2754  avg=6.3133  lr=0.000228  B=6  1928ms
  [WB] boundary=93/100  core_diff=2.7388  bin_diff=0.0587  ratio=46.67  prune_act=0.0000
  [WB] structure=10/16 (62%)  opp_sim=0.068
  [WB] BOUNDARY OK | CORE>BIN OK | PRUNE silent OK
  [LOGIC] mlp=-1306.5516 attn=-5.3028 div=33.9467
  [TIME] CE=109ms logic_reg=2346ms
  step  4220/8000 (global=8220)  loss=6.5377  avg=6.3494  lr=0.000227  B=4  1928ms
  [WB] boundary=93/100  core_diff=2.7449  bin_diff=0.0588  ratio=46.67  prune_act=0.0000
  [WB] structure=10/16 (62%)  opp_sim=0.068
  [WB] BOUNDARY OK | CORE>BIN OK | PRUNE silent OK
    [plan-I] step 5599 W_v approx_rank=17.4 (frob=10.60 max_row=0.61)
    [ortho] step 5599 L0 W_o off_diag=0.21 diag_dev=0.0715
    [plan-I] step 5599 W_v approx_rank=17.4 (frob=10.56 max_row=0.61)
    [ortho] step 5599 L1 W_o off_diag=0.21 diag_dev=0.0718
    [plan-I] step 5599 W_v approx_rank=17.4 (frob=10.67 max_row=0.61)
    [ortho] step 5599 L2 W_o off_diag=0.21 diag_dev=0.0715
    [plan-I] step 5599 W_v approx_rank=17.3 (frob=10.55 max_row=0.61)
    [ortho] step 5599 L3 W_o off_diag=0.21 diag_dev=0.0718
    [plan-I] step 5599 W_v approx_rank=17.1 (frob=10.43 max_row=0.61)
    [ortho] step 5599 L4 W_o off_diag=0.21 diag_dev=0.0719
    [plan-I] step 5599 W_v approx_rank=17.4 (frob=10.70 max_row=0.62)
    [ortho] step 5599 L5 W_o off_diag=0.21 diag_dev=0.0720
    [plan-I] step 5599 W_v approx_rank=17.1 (frob=10.49 max_row=0.61)
    [ortho] step 5599 L6 W_o off_diag=0.21 diag_dev=0.0717
    [plan-I] step 5599 W_v approx_rank=17.1 (frob=10.60 max_row=0.62)
    [ortho] step 5599 L7 W_o off_diag=0.21 diag_dev=0.0721
  [LOGIC] mlp=-1311.3290 attn=-5.3116 div=33.9465
  [TIME] CE=189ms logic_reg=2494ms
  step  4230/8000 (global=8230)  loss=4.8514  avg=6.2759  lr=0.000226  B=7  1928ms
  [WB] boundary=93/100  core_diff=2.7458  bin_diff=0.0587  ratio=46.75  prune_act=0.0000
  [WB] structure=10/16 (62%)  opp_sim=0.068
  [WB] BOUNDARY OK | CORE>BIN OK | PRUNE silent OK
  [LOGIC] mlp=-1313.3734 attn=-5.3142 div=33.9463
  [TIME] CE=183ms logic_reg=2345ms
  step  4240/8000 (global=8240)  loss=6.3606  avg=6.1828  lr=0.000225  B=7  1928ms
  [WB] boundary=93/100  core_diff=2.7481  bin_diff=0.0587  ratio=46.83  prune_act=0.0000
  [WB] structure=10/16 (62%)  opp_sim=0.068
  [WB] BOUNDARY OK | CORE>BIN OK | PRUNE silent OK
  [LOGIC] mlp=-1317.5420 attn=-5.3293 div=33.9458
  [TIME] CE=131ms logic_reg=2354ms
  step  4250/8000 (global=8250)  loss=7.7993  avg=6.3025  lr=0.000224  B=5  1928ms
  [WB] boundary=93/100  core_diff=2.7474  bin_diff=0.0582  ratio=47.20  prune_act=0.0000
  [WB] structure=10/16 (62%)  opp_sim=0.068
  [WB] BOUNDARY OK | CORE>BIN OK | PRUNE silent OK
[*] stateful inference started: window=9996, sinks=4, ctx=10240
[*] sliding window configured: W=9996, sinks=4 (effective context: 10000)
  [TRACE] "水": L0[||x||=8.29 C268(+244.28--10.79) B1076(+9704.57--18.17) P448(max0.000)] L4[||x||=6.00 C268(+1125.51--4.19) B1076(+2727.40--40.05) P448(max0.000)] L7[||x||=6.00 C268(+885.52--5.34) B1076(+9669.22--15.49) P448(max0.000)] | H=13.62/15 top3=31874 31918 233 
  [LOGIC] mlp=-1318.2570 attn=-5.3301 div=33.9460
  [TIME] CE=157ms logic_reg=2361ms
  step  4260/8000 (global=8260)  loss=5.4496  avg=6.2982  lr=0.000223  B=6  1928ms
  [WB] boundary=93/100  core_diff=2.7443  bin_diff=0.0578  ratio=47.46  prune_act=0.0000
  [WB] structure=10/16 (62%)  opp_sim=0.068
  [WB] BOUNDARY OK | CORE>BIN OK | PRUNE silent OK
  [LOGIC] mlp=-1318.0270 attn=-5.3282 div=33.9461
  [TIME] CE=159ms logic_reg=2332ms
  step  4270/8000 (global=8270)  loss=6.6241  avg=6.4950  lr=0.000222  B=6  1928ms
  [WB] boundary=93/100  core_diff=2.7454  bin_diff=0.0578  ratio=47.52  prune_act=0.0000
  [WB] structure=10/16 (62%)  opp_sim=0.068
  [WB] BOUNDARY OK | CORE>BIN OK | PRUNE silent OK
    [plan-I] step 5649 W_v approx_rank=17.4 (frob=10.60 max_row=0.61)
    [ortho] step 5649 L0 W_o off_diag=0.21 diag_dev=0.0716
    [plan-I] step 5649 W_v approx_rank=17.4 (frob=10.56 max_row=0.61)
    [ortho] step 5649 L1 W_o off_diag=0.21 diag_dev=0.0719
    [plan-I] step 5649 W_v approx_rank=17.4 (frob=10.67 max_row=0.61)
    [ortho] step 5649 L2 W_o off_diag=0.21 diag_dev=0.0716
    [plan-I] step 5649 W_v approx_rank=17.3 (frob=10.55 max_row=0.61)
    [ortho] step 5649 L3 W_o off_diag=0.21 diag_dev=0.0719
    [plan-I] step 5649 W_v approx_rank=17.1 (frob=10.43 max_row=0.61)
    [ortho] step 5649 L4 W_o off_diag=0.21 diag_dev=0.0720
    [plan-I] step 5649 W_v approx_rank=17.4 (frob=10.70 max_row=0.62)
    [ortho] step 5649 L5 W_o off_diag=0.21 diag_dev=0.0721
    [plan-I] step 5649 W_v approx_rank=17.1 (frob=10.49 max_row=0.61)
    [ortho] step 5649 L6 W_o off_diag=0.21 diag_dev=0.0718
    [plan-I] step 5649 W_v approx_rank=17.1 (frob=10.60 max_row=0.62)
    [ortho] step 5649 L7 W_o off_diag=0.21 diag_dev=0.0721
  [LOGIC] mlp=-1317.7416 attn=-5.3274 div=33.9462
  [TIME] CE=132ms logic_reg=2319ms
  step  4280/8000 (global=8280)  loss=5.2671  avg=6.5658  lr=0.000221  B=5  1928ms
  [WB] boundary=93/100  core_diff=2.7465  bin_diff=0.0577  ratio=47.58  prune_act=0.0000
  [WB] structure=10/16 (62%)  opp_sim=0.068
  [WB] BOUNDARY OK | CORE>BIN OK | PRUNE silent OK
  [LOGIC] mlp=-1319.0632 attn=-5.3308 div=33.9465
  [TIME] CE=154ms logic_reg=2379ms
  step  4290/8000 (global=8290)  loss=8.8401  avg=6.7506  lr=0.000220  B=6  1928ms
  [WB] boundary=93/100  core_diff=2.7450  bin_diff=0.0574  ratio=47.79  prune_act=0.0000
  [WB] structure=10/16 (62%)  opp_sim=0.068
  [WB] BOUNDARY OK | CORE>BIN OK | PRUNE silent OK
  [LOGIC] mlp=-1319.3033 attn=-5.3280 div=33.9471
  [TIME] CE=179ms logic_reg=2370ms
  step  4300/8000 (global=8300)  loss=3.6594  avg=6.7766  lr=0.000218  B=7  1928ms
  [WB] boundary=93/100  core_diff=2.7428  bin_diff=0.0570  ratio=48.10  prune_act=0.0000
  [WB] structure=10/16 (62%)  opp_sim=0.068
  [WB] BOUNDARY OK | CORE>BIN OK | PRUNE silent OK
[*] stateful inference started: window=9996, sinks=4, ctx=10240
[*] sliding window configured: W=9996, sinks=4 (effective context: 10000)
  [TRACE] "大": L0[||x||=7.95 C268(+216.21--11.12) B1076(+9399.94--20.69) P448(max0.000)] L4[||x||=6.00 C268(+1228.91--3.39) B1076(+2710.28--41.47) P448(max0.000)] L7[||x||=6.00 C268(+927.67--5.67) B1076(+9507.70--16.29) P448(max0.000)] | H=13.38/15 top3=31874 31918 32609 
  [LOGIC] mlp=-1319.1832 attn=-5.3273 div=33.9476
  [TIME] CE=156ms logic_reg=2313ms
  step  4310/8000 (global=8310)  loss=7.0086  avg=6.6674  lr=0.000217  B=6  1928ms
  [WB] boundary=93/100  core_diff=2.7414  bin_diff=0.0568  ratio=48.30  prune_act=0.0000
  [WB] structure=10/16 (62%)  opp_sim=0.068
  [WB] BOUNDARY OK | CORE>BIN OK | PRUNE silent OK
  [LOGIC] mlp=-1318.9352 attn=-5.3256 div=33.9479
  [TIME] CE=157ms logic_reg=2437ms
  step  4320/8000 (global=8320)  loss=8.6038  avg=6.6783  lr=0.000216  B=6  1927ms
  [WB] boundary=93/100  core_diff=2.7415  bin_diff=0.0568  ratio=48.25  prune_act=0.0000
  [WB] structure=10/16 (62%)  opp_sim=0.068
  [WB] BOUNDARY OK | CORE>BIN OK | PRUNE silent OK
    [plan-I] step 5699 W_v approx_rank=17.4 (frob=10.60 max_row=0.61)
    [ortho] step 5699 L0 W_o off_diag=0.21 diag_dev=0.0716
    [plan-I] step 5699 W_v approx_rank=17.4 (frob=10.56 max_row=0.61)
    [ortho] step 5699 L1 W_o off_diag=0.21 diag_dev=0.0716
    [plan-I] step 5699 W_v approx_rank=17.4 (frob=10.67 max_row=0.61)
    [ortho] step 5699 L2 W_o off_diag=0.21 diag_dev=0.0713
    [plan-I] step 5699 W_v approx_rank=17.3 (frob=10.55 max_row=0.61)
    [ortho] step 5699 L3 W_o off_diag=0.21 diag_dev=0.0715
    [plan-I] step 5699 W_v approx_rank=17.1 (frob=10.43 max_row=0.61)
    [ortho] step 5699 L4 W_o off_diag=0.21 diag_dev=0.0717
    [plan-I] step 5699 W_v approx_rank=17.4 (frob=10.70 max_row=0.62)
    [ortho] step 5699 L5 W_o off_diag=0.21 diag_dev=0.0720
    [plan-I] step 5699 W_v approx_rank=17.1 (frob=10.49 max_row=0.61)
    [ortho] step 5699 L6 W_o off_diag=0.21 diag_dev=0.0717
    [plan-I] step 5699 W_v approx_rank=17.1 (frob=10.60 max_row=0.62)
    [ortho] step 5699 L7 W_o off_diag=0.21 diag_dev=0.0721
  [LOGIC] mlp=-1313.8672 attn=-5.3161 div=33.9475
  [TIME] CE=205ms logic_reg=2329ms
  step  4330/8000 (global=8330)  loss=5.0751  avg=6.5047  lr=0.000215  B=8  1927ms
  [WB] boundary=93/100  core_diff=2.7441  bin_diff=0.0573  ratio=47.89  prune_act=0.0000
  [WB] structure=10/16 (62%)  opp_sim=0.068
  [WB] BOUNDARY OK | CORE>BIN OK | PRUNE silent OK
  [LOGIC] mlp=-1313.0374 attn=-5.3104 div=33.9473
  [TIME] CE=166ms logic_reg=2342ms
  step  4340/8000 (global=8340)  loss=7.2186  avg=6.4911  lr=0.000214  B=6  1927ms
  [WB] boundary=93/100  core_diff=2.7458  bin_diff=0.0574  ratio=47.82  prune_act=0.0000
  [WB] structure=10/16 (62%)  opp_sim=0.068
  [WB] BOUNDARY OK | CORE>BIN OK | PRUNE silent OK
  [LOGIC] mlp=-1316.2773 attn=-5.3142 div=33.9471
  [TIME] CE=129ms logic_reg=2347ms
  step  4350/8000 (global=8350)  loss=3.7288  avg=6.3722  lr=0.000213  B=5  1927ms
  [WB] boundary=93/100  core_diff=2.7483  bin_diff=0.0575  ratio=47.84  prune_act=0.0000
  [WB] structure=10/16 (62%)  opp_sim=0.068
  [WB] BOUNDARY OK | CORE>BIN OK | PRUNE silent OK
[*] stateful inference started: window=9996, sinks=4, ctx=10240
[*] sliding window configured: W=9996, sinks=4 (effective context: 10000)
  [TRACE] "小": L0[||x||=8.35 C268(+234.69--10.32) B1076(+9671.31--19.32) P448(max0.000)] L4[||x||=6.00 C268(+1217.51--3.74) B1076(+2787.36--40.59) P448(max0.000)] L7[||x||=6.00 C268(+926.85--5.46) B1076(+9846.43--15.73) P448(max0.000)] | H=13.40/15 top3=31874 165 236 
  [LOGIC] mlp=-1318.6492 attn=-5.3157 div=33.9473
  [TIME] CE=137ms logic_reg=2342ms
  step  4360/8000 (global=8360)  loss=8.8141  avg=6.3488  lr=0.000212  B=5  1927ms
  [WB] boundary=93/100  core_diff=2.7464  bin_diff=0.0573  ratio=47.89  prune_act=0.0000
  [WB] structure=10/16 (62%)  opp_sim=0.068
  [WB] BOUNDARY OK | CORE>BIN OK | PRUNE silent OK
  [LOGIC] mlp=-1321.7084 attn=-5.3246 div=33.9472
  [TIME] CE=280ms logic_reg=2330ms
  step  4370/8000 (global=8370)  loss=4.4478  avg=6.4508  lr=0.000211  B=5  1927ms
  [WB] boundary=93/100  core_diff=2.7480  bin_diff=0.0572  ratio=48.00  prune_act=0.0000
  [WB] structure=10/16 (62%)  opp_sim=0.068
  [WB] BOUNDARY OK | CORE>BIN OK | PRUNE silent OK
    [plan-I] step 5749 W_v approx_rank=17.4 (frob=10.60 max_row=0.61)
    [ortho] step 5749 L0 W_o off_diag=0.21 diag_dev=0.0714
    [plan-I] step 5749 W_v approx_rank=17.4 (frob=10.56 max_row=0.61)
    [ortho] step 5749 L1 W_o off_diag=0.21 diag_dev=0.0718
    [plan-I] step 5749 W_v approx_rank=17.4 (frob=10.67 max_row=0.61)
    [ortho] step 5749 L2 W_o off_diag=0.21 diag_dev=0.0715
    [plan-I] step 5749 W_v approx_rank=17.3 (frob=10.55 max_row=0.61)
    [ortho] step 5749 L3 W_o off_diag=0.21 diag_dev=0.0718
    [plan-I] step 5749 W_v approx_rank=17.1 (frob=10.43 max_row=0.61)
    [ortho] step 5749 L4 W_o off_diag=0.21 diag_dev=0.0720
    [plan-I] step 5749 W_v approx_rank=17.4 (frob=10.70 max_row=0.62)
    [ortho] step 5749 L5 W_o off_diag=0.21 diag_dev=0.0720
    [plan-I] step 5749 W_v approx_rank=17.1 (frob=10.49 max_row=0.61)
    [ortho] step 5749 L6 W_o off_diag=0.21 diag_dev=0.0719
    [plan-I] step 5749 W_v approx_rank=17.1 (frob=10.60 max_row=0.62)
    [ortho] step 5749 L7 W_o off_diag=0.21 diag_dev=0.0721
  [LOGIC] mlp=-1322.2365 attn=-5.3241 div=33.9477
  [TIME] CE=131ms logic_reg=2328ms
  step  4380/8000 (global=8380)  loss=6.7019  avg=6.3738  lr=0.000210  B=5  1927ms
  [WB] boundary=93/100  core_diff=2.7465  bin_diff=0.0571  ratio=48.09  prune_act=0.0000
  [WB] structure=10/16 (62%)  opp_sim=0.068
  [WB] BOUNDARY OK | CORE>BIN OK | PRUNE silent OK
  [LOGIC] mlp=-1322.1659 attn=-5.3220 div=33.9479
  [TIME] CE=131ms logic_reg=2318ms
  step  4390/8000 (global=8390)  loss=7.8487  avg=6.4670  lr=0.000209  B=5  1927ms
  [WB] boundary=93/100  core_diff=2.7467  bin_diff=0.0571  ratio=48.14  prune_act=0.0000
  [WB] structure=10/16 (62%)  opp_sim=0.068
  [WB] BOUNDARY OK | CORE>BIN OK | PRUNE silent OK
  [LOGIC] mlp=-1322.1086 attn=-5.3210 div=33.9479
  [TIME] CE=181ms logic_reg=2359ms
  step  4400/8000 (global=8400)  loss=6.9546  avg=6.4618  lr=0.000208  B=7  1927ms
  [WB] boundary=93/100  core_diff=2.7473  bin_diff=0.0569  ratio=48.28  prune_act=0.0000
  [WB] structure=10/16 (62%)  opp_sim=0.068
  [WB] BOUNDARY OK | CORE>BIN OK | PRUNE silent OK
[*] stateful inference started: window=9996, sinks=4, ctx=10240
[*] sliding window configured: W=9996, sinks=4 (effective context: 10000)
  [TRACE] "热": L0[||x||=8.45 C268(+262.81--9.82) B1076(+9784.00--18.93) P448(max0.000)] L4[||x||=6.00 C268(+1119.66--3.83) B1076(+2895.49--39.27) P448(max0.000)] L7[||x||=6.00 C268(+843.81--8.49) B1076(+11098.66--15.06) P448(max0.000)] | H=13.32/15 top3=32609 192 168 
  [LOGIC] mlp=-1316.2438 attn=-5.3093 div=33.9475
  [TIME] CE=158ms logic_reg=2334ms
  step  4410/8000 (global=8410)  loss=7.6743  avg=6.4441  lr=0.000207  B=6  1927ms
  [WB] boundary=93/100  core_diff=2.7504  bin_diff=0.0572  ratio=48.10  prune_act=0.0000
  [WB] structure=10/16 (62%)  opp_sim=0.068
  [WB] BOUNDARY OK | CORE>BIN OK | PRUNE silent OK
  [LOGIC] mlp=-1315.7406 attn=-5.3049 div=33.9472
  [TIME] CE=158ms logic_reg=2479ms
  step  4420/8000 (global=8420)  loss=6.4833  avg=6.5978  lr=0.000206  B=6  1927ms
  [WB] boundary=93/100  core_diff=2.7549  bin_diff=0.0574  ratio=48.01  prune_act=0.0000
  [WB] structure=10/16 (62%)  opp_sim=0.068
  [WB] BOUNDARY OK | CORE>BIN OK | PRUNE silent OK
    [plan-I] step 5799 W_v approx_rank=17.4 (frob=10.60 max_row=0.61)
    [ortho] step 5799 L0 W_o off_diag=0.21 diag_dev=0.0718
    [plan-I] step 5799 W_v approx_rank=17.4 (frob=10.56 max_row=0.61)
    [ortho] step 5799 L1 W_o off_diag=0.21 diag_dev=0.0721
    [plan-I] step 5799 W_v approx_rank=17.4 (frob=10.67 max_row=0.61)
    [ortho] step 5799 L2 W_o off_diag=0.21 diag_dev=0.0717
    [plan-I] step 5799 W_v approx_rank=17.3 (frob=10.55 max_row=0.61)
    [ortho] step 5799 L3 W_o off_diag=0.21 diag_dev=0.0720
    [plan-I] step 5799 W_v approx_rank=17.1 (frob=10.43 max_row=0.61)
    [ortho] step 5799 L4 W_o off_diag=0.21 diag_dev=0.0720
    [plan-I] step 5799 W_v approx_rank=17.4 (frob=10.70 max_row=0.62)
    [ortho] step 5799 L5 W_o off_diag=0.21 diag_dev=0.0721
    [plan-I] step 5799 W_v approx_rank=17.1 (frob=10.49 max_row=0.61)
    [ortho] step 5799 L6 W_o off_diag=0.21 diag_dev=0.0719
    [plan-I] step 5799 W_v approx_rank=17.1 (frob=10.60 max_row=0.62)
    [ortho] step 5799 L7 W_o off_diag=0.21 diag_dev=0.0723
  [LOGIC] mlp=-1320.7355 attn=-5.3120 div=33.9469
  [TIME] CE=106ms logic_reg=2317ms
  step  4430/8000 (global=8430)  loss=8.0029  avg=6.6956  lr=0.000205  B=4  1927ms
  [WB] boundary=93/100  core_diff=2.7570  bin_diff=0.0572  ratio=48.16  prune_act=0.0000
  [WB] structure=10/16 (62%)  opp_sim=0.068
  [WB] BOUNDARY OK | CORE>BIN OK | PRUNE silent OK
  [LOGIC] mlp=-1323.6775 attn=-5.3180 div=33.9469
  [TIME] CE=182ms logic_reg=2328ms
  step  4440/8000 (global=8440)  loss=4.2861  avg=6.8217  lr=0.000203  B=7  1927ms
  [WB] boundary=93/100  core_diff=2.7570  bin_diff=0.0571  ratio=48.32  prune_act=0.0000
  [WB] structure=10/16 (62%)  opp_sim=0.068
  [WB] BOUNDARY OK | CORE>BIN OK | PRUNE silent OK
  [LOGIC] mlp=-1322.7314 attn=-5.3141 div=33.9470
  [TIME] CE=108ms logic_reg=2351ms
  step  4450/8000 (global=8450)  loss=5.7202  avg=6.6890  lr=0.000202  B=4  1927ms
  [WB] boundary=93/100  core_diff=2.7561  bin_diff=0.0571  ratio=48.27  prune_act=0.0000
  [WB] structure=10/16 (62%)  opp_sim=0.068
  [WB] BOUNDARY OK | CORE>BIN OK | PRUNE silent OK
[*] stateful inference started: window=9996, sinks=4, ctx=10240
[*] sliding window configured: W=9996, sinks=4 (effective context: 10000)
  [TRACE] "冷": L0[||x||=8.41 C268(+266.08--9.95) B1076(+9750.94--19.60) P448(max0.000)] L4[||x||=6.00 C268(+1185.89--3.13) B1076(+2872.44--40.05) P448(max0.000)] L7[||x||=6.00 C268(+902.02--6.29) B1076(+10468.07--15.51) P448(max0.000)] | H=13.37/15 top3=31874 32609 165 
  [LOGIC] mlp=-1322.8099 attn=-5.3131 div=33.9473
  [TIME] CE=168ms logic_reg=2331ms
  step  4460/8000 (global=8460)  loss=7.3816  avg=6.6762  lr=0.000201  B=6  1927ms
  [WB] boundary=93/100  core_diff=2.7556  bin_diff=0.0572  ratio=48.19  prune_act=0.0000
  [WB] structure=10/16 (62%)  opp_sim=0.068
  [WB] BOUNDARY OK | CORE>BIN OK | PRUNE silent OK
  [LOGIC] mlp=-1323.9933 attn=-5.3153 div=33.9473
  [TIME] CE=196ms logic_reg=2348ms
  step  4470/8000 (global=8470)  loss=4.2292  avg=6.6943  lr=0.000200  B=7  1927ms
  [WB] boundary=93/100  core_diff=2.7569  bin_diff=0.0574  ratio=47.99  prune_act=0.0000
  [WB] structure=10/16 (62%)  opp_sim=0.068
  [WB] BOUNDARY OK | CORE>BIN OK | PRUNE silent OK
    [plan-I] step 5849 W_v approx_rank=17.4 (frob=10.60 max_row=0.61)
    [ortho] step 5849 L0 W_o off_diag=0.21 diag_dev=0.0716
    [plan-I] step 5849 W_v approx_rank=17.4 (frob=10.56 max_row=0.61)
    [ortho] step 5849 L1 W_o off_diag=0.21 diag_dev=0.0718
    [plan-I] step 5849 W_v approx_rank=17.4 (frob=10.67 max_row=0.61)
    [ortho] step 5849 L2 W_o off_diag=0.21 diag_dev=0.0716
    [plan-I] step 5849 W_v approx_rank=17.3 (frob=10.55 max_row=0.61)
    [ortho] step 5849 L3 W_o off_diag=0.21 diag_dev=0.0718
    [plan-I] step 5849 W_v approx_rank=17.1 (frob=10.43 max_row=0.61)
    [ortho] step 5849 L4 W_o off_diag=0.21 diag_dev=0.0719
    [plan-I] step 5849 W_v approx_rank=17.4 (frob=10.70 max_row=0.62)
    [ortho] step 5849 L5 W_o off_diag=0.21 diag_dev=0.0721
    [plan-I] step 5849 W_v approx_rank=17.1 (frob=10.49 max_row=0.61)
    [ortho] step 5849 L6 W_o off_diag=0.21 diag_dev=0.0719
    [plan-I] step 5849 W_v approx_rank=17.1 (frob=10.60 max_row=0.62)
    [ortho] step 5849 L7 W_o off_diag=0.21 diag_dev=0.0723
  [LOGIC] mlp=-1322.3290 attn=-5.3103 div=33.9474
  [TIME] CE=156ms logic_reg=2395ms
  step  4480/8000 (global=8480)  loss=5.4215  avg=6.6676  lr=0.000199  B=6  1927ms
  [WB] boundary=93/100  core_diff=2.7577  bin_diff=0.0577  ratio=47.77  prune_act=0.0000
  [WB] structure=10/16 (62%)  opp_sim=0.068
  [WB] BOUNDARY OK | CORE>BIN OK | PRUNE silent OK
  [LOGIC] mlp=-1324.5897 attn=-5.3161 div=33.9475
  [TIME] CE=156ms logic_reg=2326ms
  step  4490/8000 (global=8490)  loss=4.8681  avg=6.4770  lr=0.000198  B=6  1927ms
  [WB] boundary=93/100  core_diff=2.7562  bin_diff=0.0574  ratio=48.03  prune_act=0.0000
  [WB] structure=10/16 (62%)  opp_sim=0.068
  [WB] BOUNDARY OK | CORE>BIN OK | PRUNE silent OK
  [LOGIC] mlp=-1325.5535 attn=-5.3173 div=33.9475
  [TIME] CE=130ms logic_reg=2502ms
  step  4500/8000 (global=8500)  loss=6.1293  avg=6.4634  lr=0.000197  B=5  1927ms
  [WB] boundary=93/100  core_diff=2.7576  bin_diff=0.0574  ratio=48.04  prune_act=0.0000
  [WB] structure=10/16 (62%)  opp_sim=0.068
  [WB] BOUNDARY OK | CORE>BIN OK | PRUNE silent OK
[*] stateful inference started: window=9996, sinks=4, ctx=10240
[*] sliding window configured: W=9996, sinks=4 (effective context: 10000)
  [TRACE] "火": L0[||x||=8.27 C268(+280.75--9.93) B1076(+9661.25--20.64) P448(max0.000)] L4[||x||=6.00 C268(+1232.92--3.12) B1076(+2877.64--40.73) P448(max0.000)] L7[||x||=6.00 C268(+928.05--5.79) B1076(+10465.59--15.68) P448(max0.000)] | H=13.29/15 top3=32609 31874 235 
  [LOGIC] mlp=-1322.6737 attn=-5.3114 div=33.9475
  [TIME] CE=172ms logic_reg=2402ms
  step  4510/8000 (global=8510)  loss=6.7824  avg=6.3433  lr=0.000196  B=6  1927ms
  [WB] boundary=93/100  core_diff=2.7590  bin_diff=0.0576  ratio=47.88  prune_act=0.0000
  [WB] structure=10/16 (62%)  opp_sim=0.068
  [WB] BOUNDARY OK | CORE>BIN OK | PRUNE silent OK
  [LOGIC] mlp=-1323.4623 attn=-5.3097 div=33.9477
  [TIME] CE=183ms logic_reg=2329ms
  step  4520/8000 (global=8520)  loss=6.4237  avg=6.3457  lr=0.000195  B=7  1927ms
  [WB] boundary=93/100  core_diff=2.7589  bin_diff=0.0579  ratio=47.63  prune_act=0.0000
  [WB] structure=10/16 (62%)  opp_sim=0.068
  [WB] BOUNDARY OK | CORE>BIN OK | PRUNE silent OK
    [plan-I] step 5899 W_v approx_rank=17.4 (frob=10.60 max_row=0.61)
    [ortho] step 5899 L0 W_o off_diag=0.21 diag_dev=0.0718
    [plan-I] step 5899 W_v approx_rank=17.4 (frob=10.56 max_row=0.61)
    [ortho] step 5899 L1 W_o off_diag=0.21 diag_dev=0.0719
    [plan-I] step 5899 W_v approx_rank=17.4 (frob=10.67 max_row=0.61)
    [ortho] step 5899 L2 W_o off_diag=0.21 diag_dev=0.0716
    [plan-I] step 5899 W_v approx_rank=17.3 (frob=10.55 max_row=0.61)
    [ortho] step 5899 L3 W_o off_diag=0.21 diag_dev=0.0718
    [plan-I] step 5899 W_v approx_rank=17.1 (frob=10.43 max_row=0.61)
    [ortho] step 5899 L4 W_o off_diag=0.21 diag_dev=0.0719
    [plan-I] step 5899 W_v approx_rank=17.4 (frob=10.70 max_row=0.62)
    [ortho] step 5899 L5 W_o off_diag=0.21 diag_dev=0.0720
    [plan-I] step 5899 W_v approx_rank=17.1 (frob=10.49 max_row=0.61)
    [ortho] step 5899 L6 W_o off_diag=0.21 diag_dev=0.0718
    [plan-I] step 5899 W_v approx_rank=17.1 (frob=10.60 max_row=0.62)
    [ortho] step 5899 L7 W_o off_diag=0.21 diag_dev=0.0723
  [LOGIC] mlp=-1325.6371 attn=-5.3135 div=33.9477
  [TIME] CE=131ms logic_reg=2364ms
  step  4530/8000 (global=8530)  loss=5.6869  avg=6.2405  lr=0.000194  B=5  1927ms
  [WB] boundary=93/100  core_diff=2.7607  bin_diff=0.0582  ratio=47.47  prune_act=0.0000
  [WB] structure=10/16 (62%)  opp_sim=0.068
  [WB] BOUNDARY OK | CORE>BIN OK | PRUNE silent OK
  [LOGIC] mlp=-1324.7086 attn=-5.3094 div=33.9479
  [TIME] CE=155ms logic_reg=2437ms
  step  4540/8000 (global=8540)  loss=5.2062  avg=6.0945  lr=0.000193  B=6  1927ms
  [WB] boundary=93/100  core_diff=2.7618  bin_diff=0.0586  ratio=47.14  prune_act=0.0000
  [WB] structure=10/16 (62%)  opp_sim=0.068
  [WB] BOUNDARY OK | CORE>BIN OK | PRUNE silent OK
  [LOGIC] mlp=-1325.1565 attn=-5.3082 div=33.9480
  [TIME] CE=191ms logic_reg=2347ms
  step  4550/8000 (global=8550)  loss=7.8556  avg=6.1302  lr=0.000192  B=5  1927ms
  [WB] boundary=93/100  core_diff=2.7613  bin_diff=0.0587  ratio=47.00  prune_act=0.0000
  [WB] structure=10/16 (62%)  opp_sim=0.068
  [WB] BOUNDARY OK | CORE>BIN OK | PRUNE silent OK
[*] stateful inference started: window=9996, sinks=4, ctx=10240
[*] sliding window configured: W=9996, sinks=4 (effective context: 10000)
  [TRACE] "水": L0[||x||=8.36 C268(+247.49--11.03) B1076(+9863.33--17.89) P448(max0.000)] L4[||x||=6.00 C268(+1238.16--4.01) B1076(+2941.29--39.03) P448(max0.000)] L7[||x||=6.00 C268(+948.28--5.76) B1076(+10599.48--15.54) P448(max0.000)] | H=13.28/15 top3=232 235 234 
  [LOGIC] mlp=-1327.2611 attn=-5.3120 div=33.9479
  [TIME] CE=182ms logic_reg=2401ms
  step  4560/8000 (global=8560)  loss=7.6350  avg=6.0640  lr=0.000191  B=7  1927ms
  [WB] boundary=93/100  core_diff=2.7655  bin_diff=0.0590  ratio=46.88  prune_act=0.0000
  [WB] structure=10/16 (62%)  opp_sim=0.068
  [WB] BOUNDARY OK | CORE>BIN OK | PRUNE silent OK
  [LOGIC] mlp=-1327.3763 attn=-5.3125 div=33.9478
  [TIME] CE=156ms logic_reg=2402ms
  step  4570/8000 (global=8570)  loss=8.6404  avg=6.2490  lr=0.000190  B=6  1927ms
  [WB] boundary=93/100  core_diff=2.7678  bin_diff=0.0591  ratio=46.80  prune_act=0.0000
  [WB] structure=10/16 (62%)  opp_sim=0.068
  [WB] BOUNDARY OK | CORE>BIN OK | PRUNE silent OK
    [plan-I] step 5949 W_v approx_rank=17.4 (frob=10.60 max_row=0.61)
    [ortho] step 5949 L0 W_o off_diag=0.21 diag_dev=0.0719
    [plan-I] step 5949 W_v approx_rank=17.4 (frob=10.56 max_row=0.61)
    [ortho] step 5949 L1 W_o off_diag=0.21 diag_dev=0.0720
    [plan-I] step 5949 W_v approx_rank=17.4 (frob=10.67 max_row=0.61)
    [ortho] step 5949 L2 W_o off_diag=0.21 diag_dev=0.0718
    [plan-I] step 5949 W_v approx_rank=17.3 (frob=10.55 max_row=0.61)
    [ortho] step 5949 L3 W_o off_diag=0.21 diag_dev=0.0719
    [plan-I] step 5949 W_v approx_rank=17.1 (frob=10.43 max_row=0.61)
    [ortho] step 5949 L4 W_o off_diag=0.21 diag_dev=0.0720
    [plan-I] step 5949 W_v approx_rank=17.4 (frob=10.70 max_row=0.62)
    [ortho] step 5949 L5 W_o off_diag=0.21 diag_dev=0.0722
    [plan-I] step 5949 W_v approx_rank=17.1 (frob=10.49 max_row=0.61)
    [ortho] step 5949 L6 W_o off_diag=0.21 diag_dev=0.0720
    [plan-I] step 5949 W_v approx_rank=17.1 (frob=10.60 max_row=0.62)
    [ortho] step 5949 L7 W_o off_diag=0.21 diag_dev=0.0722
  [LOGIC] mlp=-1327.2003 attn=-5.3109 div=33.9478
  [TIME] CE=132ms logic_reg=2338ms
  step  4580/8000 (global=8580)  loss=7.6710  avg=6.3914  lr=0.000189  B=5  1927ms
  [WB] boundary=93/100  core_diff=2.7703  bin_diff=0.0593  ratio=46.70  prune_act=0.0000
  [WB] structure=10/16 (62%)  opp_sim=0.068
  [WB] BOUNDARY OK | CORE>BIN OK | PRUNE silent OK
  [LOGIC] mlp=-1327.6420 attn=-5.3094 div=33.9478
  [TIME] CE=134ms logic_reg=2343ms
  step  4590/8000 (global=8590)  loss=4.3826  avg=6.3090  lr=0.000188  B=5  1927ms
  [WB] boundary=93/100  core_diff=2.7733  bin_diff=0.0596  ratio=46.53  prune_act=0.0000
  [WB] structure=10/16 (62%)  opp_sim=0.068
  [WB] BOUNDARY OK | CORE>BIN OK | PRUNE silent OK
  [LOGIC] mlp=-1329.7611 attn=-5.3143 div=33.9476
  [TIME] CE=164ms logic_reg=2331ms
  step  4600/8000 (global=8600)  loss=8.2630  avg=6.2663  lr=0.000187  B=6  1927ms
  [WB] boundary=93/100  core_diff=2.7732  bin_diff=0.0595  ratio=46.57  prune_act=0.0000
  [WB] structure=10/16 (62%)  opp_sim=0.068
  [WB] BOUNDARY OK | CORE>BIN OK | PRUNE silent OK
[*] stateful inference started: window=9996, sinks=4, ctx=10240
[*] sliding window configured: W=9996, sinks=4 (effective context: 10000)
  [TRACE] "大": L0[||x||=8.03 C268(+221.74--11.22) B1076(+9438.27--21.01) P448(max0.000)] L4[||x||=6.00 C268(+1381.26--3.42) B1076(+2865.80--40.76) P448(max0.000)] L7[||x||=6.00 C268(+1045.66--5.64) B1076(+9573.53--17.84) P448(max0.000)] | H=13.32/15 top3=232 31874 235 
  [LOGIC] mlp=-1331.5826 attn=-5.3169 div=33.9473
  [TIME] CE=106ms logic_reg=2342ms
  step  4610/8000 (global=8610)  loss=5.9518  avg=6.2512  lr=0.000186  B=4  1927ms
  [WB] boundary=93/100  core_diff=2.7731  bin_diff=0.0594  ratio=46.71  prune_act=0.0000
  [WB] structure=10/16 (62%)  opp_sim=0.068
  [WB] BOUNDARY OK | CORE>BIN OK | PRUNE silent OK
  [LOGIC] mlp=-1330.1322 attn=-5.3098 div=33.9476
  [TIME] CE=182ms logic_reg=2450ms
  step  4620/8000 (global=8620)  loss=7.8184  avg=6.3773  lr=0.000185  B=7  1927ms
  [WB] boundary=93/100  core_diff=2.7713  bin_diff=0.0594  ratio=46.68  prune_act=0.0000
  [WB] structure=10/16 (62%)  opp_sim=0.068
  [WB] BOUNDARY OK | CORE>BIN OK | PRUNE silent OK
    [plan-I] step 5999 W_v approx_rank=17.4 (frob=10.60 max_row=0.61)
    [ortho] step 5999 L0 W_o off_diag=0.21 diag_dev=0.0718
    [plan-I] step 5999 W_v approx_rank=17.4 (frob=10.56 max_row=0.61)
    [ortho] step 5999 L1 W_o off_diag=0.21 diag_dev=0.0721
    [plan-I] step 5999 W_v approx_rank=17.4 (frob=10.67 max_row=0.61)
    [ortho] step 5999 L2 W_o off_diag=0.21 diag_dev=0.0717
    [plan-I] step 5999 W_v approx_rank=17.3 (frob=10.55 max_row=0.61)
    [ortho] step 5999 L3 W_o off_diag=0.21 diag_dev=0.0719
    [plan-I] step 5999 W_v approx_rank=17.1 (frob=10.43 max_row=0.61)
    [ortho] step 5999 L4 W_o off_diag=0.21 diag_dev=0.0721
    [plan-I] step 5999 W_v approx_rank=17.4 (frob=10.70 max_row=0.62)
    [ortho] step 5999 L5 W_o off_diag=0.21 diag_dev=0.0721
    [plan-I] step 5999 W_v approx_rank=17.1 (frob=10.49 max_row=0.61)
    [ortho] step 5999 L6 W_o off_diag=0.21 diag_dev=0.0719
    [plan-I] step 5999 W_v approx_rank=17.1 (frob=10.60 max_row=0.62)
    [ortho] step 5999 L7 W_o off_diag=0.21 diag_dev=0.0723
  [LOGIC] mlp=-1329.5222 attn=-5.3040 div=33.9480
  [TIME] CE=159ms logic_reg=2334ms
  step  4630/8000 (global=8630)  loss=5.3039  avg=6.3989  lr=0.000184  B=6  1927ms
  [WB] boundary=93/100  core_diff=2.7690  bin_diff=0.0594  ratio=46.62  prune_act=0.0000
  [WB] structure=10/16 (62%)  opp_sim=0.068
  [WB] BOUNDARY OK | CORE>BIN OK | PRUNE silent OK
  [LOGIC] mlp=-1329.5059 attn=-5.3009 div=33.9481
  [TIME] CE=156ms logic_reg=2315ms
  step  4640/8000 (global=8640)  loss=7.5514  avg=6.4275  lr=0.000183  B=6  1927ms
  [WB] boundary=93/100  core_diff=2.7685  bin_diff=0.0593  ratio=46.66  prune_act=0.0000
  [WB] structure=10/16 (62%)  opp_sim=0.068
  [WB] BOUNDARY OK | CORE>BIN OK | PRUNE silent OK
  [LOGIC] mlp=-1330.9303 attn=-5.3010 div=33.9483
  [TIME] CE=157ms logic_reg=2502ms
  step  4650/8000 (global=8650)  loss=4.6660  avg=6.4055  lr=0.000182  B=6  1927ms
  [WB] boundary=93/100  core_diff=2.7677  bin_diff=0.0592  ratio=46.76  prune_act=0.0000
  [WB] structure=10/16 (62%)  opp_sim=0.068
  [WB] BOUNDARY OK | CORE>BIN OK | PRUNE silent OK
[*] stateful inference started: window=9996, sinks=4, ctx=10240
[*] sliding window configured: W=9996, sinks=4 (effective context: 10000)
  [TRACE] "小": L0[||x||=8.43 C268(+232.71--10.41) B1076(+9779.30--19.42) P448(max0.000)] L4[||x||=6.00 C268(+1245.91--3.39) B1076(+3027.65--39.50) P448(max0.000)] L7[||x||=6.00 C268(+934.75--6.19) B1076(+11034.44--15.78) P448(max0.000)] | H=13.24/15 top3=32609 31874 233 
  [LOGIC] mlp=-1330.8822 attn=-5.3002 div=33.9485
  [TIME] CE=105ms logic_reg=2409ms
  step  4660/8000 (global=8660)  loss=7.2562  avg=6.4554  lr=0.000181  B=4  1927ms
  [WB] boundary=93/100  core_diff=2.7678  bin_diff=0.0593  ratio=46.71  prune_act=0.0000
  [WB] structure=10/16 (62%)  opp_sim=0.068
  [WB] BOUNDARY OK | CORE>BIN OK | PRUNE silent OK
  [LOGIC] mlp=-1330.9268 attn=-5.3010 div=33.9487
  [TIME] CE=131ms logic_reg=2317ms
  step  4670/8000 (global=8670)  loss=6.2852  avg=6.4086  lr=0.000180  B=5  1927ms
  [WB] boundary=93/100  core_diff=2.7666  bin_diff=0.0593  ratio=46.67  prune_act=0.0000
  [WB] structure=10/16 (62%)  opp_sim=0.068
  [WB] BOUNDARY OK | CORE>BIN OK | PRUNE silent OK
    [plan-I] step 6049 W_v approx_rank=17.4 (frob=10.60 max_row=0.61)
    [ortho] step 6049 L0 W_o off_diag=0.21 diag_dev=0.0718
    [plan-I] step 6049 W_v approx_rank=17.4 (frob=10.56 max_row=0.61)
    [ortho] step 6049 L1 W_o off_diag=0.21 diag_dev=0.0721
    [plan-I] step 6049 W_v approx_rank=17.4 (frob=10.67 max_row=0.61)
    [ortho] step 6049 L2 W_o off_diag=0.21 diag_dev=0.0718
    [plan-I] step 6049 W_v approx_rank=17.3 (frob=10.55 max_row=0.61)
    [ortho] step 6049 L3 W_o off_diag=0.21 diag_dev=0.0719
    [plan-I] step 6049 W_v approx_rank=17.1 (frob=10.43 max_row=0.61)
    [ortho] step 6049 L4 W_o off_diag=0.21 diag_dev=0.0721
    [plan-I] step 6049 W_v approx_rank=17.4 (frob=10.70 max_row=0.62)
    [ortho] step 6049 L5 W_o off_diag=0.21 diag_dev=0.0721
    [plan-I] step 6049 W_v approx_rank=17.1 (frob=10.49 max_row=0.61)
    [ortho] step 6049 L6 W_o off_diag=0.21 diag_dev=0.0720
    [plan-I] step 6049 W_v approx_rank=17.1 (frob=10.60 max_row=0.62)
    [ortho] step 6049 L7 W_o off_diag=0.21 diag_dev=0.0723
  [LOGIC] mlp=-1330.2439 attn=-5.2984 div=33.9490
  [TIME] CE=103ms logic_reg=2450ms
  step  4680/8000 (global=8680)  loss=11.7263  avg=6.3930  lr=0.000179  B=4  1927ms
  [WB] boundary=93/100  core_diff=2.7644  bin_diff=0.0591  ratio=46.76  prune_act=0.0000
  [WB] structure=10/16 (62%)  opp_sim=0.068
  [WB] BOUNDARY OK | CORE>BIN OK | PRUNE silent OK
  [LOGIC] mlp=-1330.0714 attn=-5.2982 div=33.9489
  [TIME] CE=106ms logic_reg=2321ms
  step  4690/8000 (global=8690)  loss=9.6977  avg=6.5064  lr=0.000178  B=4  1927ms
  [WB] boundary=93/100  core_diff=2.7681  bin_diff=0.0592  ratio=46.78  prune_act=0.0000
  [WB] structure=10/16 (62%)  opp_sim=0.068
  [WB] BOUNDARY OK | CORE>BIN OK | PRUNE silent OK
  [LOGIC] mlp=-1327.3793 attn=-5.2928 div=33.9486
  [TIME] CE=117ms logic_reg=2322ms
  step  4700/8000 (global=8700)  loss=7.8751  avg=6.5067  lr=0.000177  B=4  1927ms
  [WB] boundary=93/100  core_diff=2.7732  bin_diff=0.0595  ratio=46.65  prune_act=0.0000
  [WB] structure=10/16 (62%)  opp_sim=0.068
  [WB] BOUNDARY OK | CORE>BIN OK | PRUNE silent OK
[*] stateful inference started: window=9996, sinks=4, ctx=10240
[*] sliding window configured: W=9996, sinks=4 (effective context: 10000)
  [TRACE] "热": L0[||x||=8.53 C268(+257.05--10.25) B1076(+9821.37--19.35) P448(max0.000)] L4[||x||=6.00 C268(+1315.44--3.51) B1076(+3072.89--39.22) P448(max0.000)] L7[||x||=6.00 C268(+976.34--5.31) B1076(+10785.24--16.01) P448(max0.000)] | H=13.37/15 top3=31874 235 232 
  [LOGIC] mlp=-1331.7092 attn=-5.3007 div=33.9484
  [TIME] CE=158ms logic_reg=2386ms
  step  4710/8000 (global=8710)  loss=5.4651  avg=6.4525  lr=0.000176  B=6  1927ms
  [WB] boundary=93/100  core_diff=2.7763  bin_diff=0.0595  ratio=46.65  prune_act=0.0000
  [WB] structure=10/16 (62%)  opp_sim=0.068
  [WB] BOUNDARY OK | CORE>BIN OK | PRUNE silent OK
  [LOGIC] mlp=-1334.5616 attn=-5.3100 div=33.9483
  [TIME] CE=162ms logic_reg=2344ms
  step  4720/8000 (global=8720)  loss=6.5999  avg=6.4892  lr=0.000175  B=6  1927ms
  [WB] boundary=93/100  core_diff=2.7775  bin_diff=0.0596  ratio=46.58  prune_act=0.0000
  [WB] structure=10/16 (62%)  opp_sim=0.068
  [WB] BOUNDARY OK | CORE>BIN OK | PRUNE silent OK
    [plan-I] step 6099 W_v approx_rank=17.4 (frob=10.60 max_row=0.61)
    [ortho] step 6099 L0 W_o off_diag=0.21 diag_dev=0.0721
    [plan-I] step 6099 W_v approx_rank=17.4 (frob=10.56 max_row=0.61)
    [ortho] step 6099 L1 W_o off_diag=0.21 diag_dev=0.0723
    [plan-I] step 6099 W_v approx_rank=17.4 (frob=10.67 max_row=0.61)
    [ortho] step 6099 L2 W_o off_diag=0.21 diag_dev=0.0720
    [plan-I] step 6099 W_v approx_rank=17.3 (frob=10.55 max_row=0.61)
    [ortho] step 6099 L3 W_o off_diag=0.21 diag_dev=0.0722
    [plan-I] step 6099 W_v approx_rank=17.1 (frob=10.43 max_row=0.61)
    [ortho] step 6099 L4 W_o off_diag=0.21 diag_dev=0.0723
    [plan-I] step 6099 W_v approx_rank=17.4 (frob=10.70 max_row=0.62)
    [ortho] step 6099 L5 W_o off_diag=0.21 diag_dev=0.0723
    [plan-I] step 6099 W_v approx_rank=17.1 (frob=10.49 max_row=0.61)
    [ortho] step 6099 L6 W_o off_diag=0.21 diag_dev=0.0722
    [plan-I] step 6099 W_v approx_rank=17.1 (frob=10.60 max_row=0.62)
    [ortho] step 6099 L7 W_o off_diag=0.21 diag_dev=0.0723
  [LOGIC] mlp=-1335.8645 attn=-5.3127 div=33.9484
  [TIME] CE=115ms logic_reg=2442ms
  step  4730/8000 (global=8730)  loss=8.7982  avg=6.6324  lr=0.000174  B=4  1927ms
  [WB] boundary=93/100  core_diff=2.7767  bin_diff=0.0596  ratio=46.58  prune_act=0.0000
  [WB] structure=10/16 (62%)  opp_sim=0.068
  [WB] BOUNDARY OK | CORE>BIN OK | PRUNE silent OK
  [LOGIC] mlp=-1335.6791 attn=-5.3100 div=33.9486
  [TIME] CE=181ms logic_reg=2323ms
  step  4740/8000 (global=8740)  loss=5.8941  avg=6.5434  lr=0.000173  B=7  1927ms
  [WB] boundary=93/100  core_diff=2.7759  bin_diff=0.0596  ratio=46.57  prune_act=0.0000
  [WB] structure=10/16 (62%)  opp_sim=0.068
  [WB] BOUNDARY OK | CORE>BIN OK | PRUNE silent OK
  [LOGIC] mlp=-1334.0831 attn=-5.3038 div=33.9490
  [TIME] CE=132ms logic_reg=2320ms
  step  4750/8000 (global=8750)  loss=8.5588  avg=6.5580  lr=0.000172  B=5  1927ms
  [WB] boundary=93/100  core_diff=2.7734  bin_diff=0.0595  ratio=46.59  prune_act=0.0000
  [WB] structure=10/16 (62%)  opp_sim=0.068
  [WB] BOUNDARY OK | CORE>BIN OK | PRUNE silent OK
[*] stateful inference started: window=9996, sinks=4, ctx=10240
[*] sliding window configured: W=9996, sinks=4 (effective context: 10000)
  [TRACE] "冷": L0[||x||=8.49 C268(+262.34--9.70) B1076(+9837.57--19.81) P448(max0.000)] L4[||x||=6.00 C268(+1277.12--3.18) B1076(+3112.36--39.45) P448(max0.000)] L7[||x||=6.00 C268(+964.81--5.70) B1076(+11270.44--15.90) P448(max0.000)] | H=13.17/15 top3=32609 31874 232 
  [LOGIC] mlp=-1332.7598 attn=-5.2972 div=33.9493
  [TIME] CE=181ms logic_reg=2384ms
  step  4760/8000 (global=8760)  loss=5.8251  avg=6.4227  lr=0.000171  B=7  1927ms
  [WB] boundary=93/100  core_diff=2.7708  bin_diff=0.0595  ratio=46.56  prune_act=0.0000
  [WB] structure=10/16 (62%)  opp_sim=0.068
  [WB] BOUNDARY OK | CORE>BIN OK | PRUNE silent OK
  [LOGIC] mlp=-1332.9717 attn=-5.2953 div=33.9495
  [TIME] CE=162ms logic_reg=2363ms
  step  4770/8000 (global=8770)  loss=4.2140  avg=6.4337  lr=0.000170  B=6  1927ms
  [WB] boundary=93/100  core_diff=2.7706  bin_diff=0.0597  ratio=46.39  prune_act=0.0000
  [WB] structure=10/16 (62%)  opp_sim=0.068
  [WB] BOUNDARY OK | CORE>BIN OK | PRUNE silent OK
    [plan-I] step 6149 W_v approx_rank=17.4 (frob=10.60 max_row=0.61)
    [ortho] step 6149 L0 W_o off_diag=0.21 diag_dev=0.0721
    [plan-I] step 6149 W_v approx_rank=17.4 (frob=10.56 max_row=0.61)
    [ortho] step 6149 L1 W_o off_diag=0.21 diag_dev=0.0721
    [plan-I] step 6149 W_v approx_rank=17.4 (frob=10.67 max_row=0.61)
    [ortho] step 6149 L2 W_o off_diag=0.21 diag_dev=0.0718
    [plan-I] step 6149 W_v approx_rank=17.3 (frob=10.55 max_row=0.61)
    [ortho] step 6149 L3 W_o off_diag=0.21 diag_dev=0.0720
    [plan-I] step 6149 W_v approx_rank=17.1 (frob=10.43 max_row=0.61)
    [ortho] step 6149 L4 W_o off_diag=0.21 diag_dev=0.0721
    [plan-I] step 6149 W_v approx_rank=17.4 (frob=10.70 max_row=0.62)
    [ortho] step 6149 L5 W_o off_diag=0.21 diag_dev=0.0722
    [plan-I] step 6149 W_v approx_rank=17.1 (frob=10.49 max_row=0.61)
    [ortho] step 6149 L6 W_o off_diag=0.21 diag_dev=0.0720
    [plan-I] step 6149 W_v approx_rank=17.1 (frob=10.60 max_row=0.62)
    [ortho] step 6149 L7 W_o off_diag=0.21 diag_dev=0.0724
  [LOGIC] mlp=-1334.2277 attn=-5.2984 div=33.9495
  [TIME] CE=207ms logic_reg=2558ms
  step  4780/8000 (global=8780)  loss=4.5861  avg=6.4546  lr=0.000169  B=8  1927ms
  [WB] boundary=93/100  core_diff=2.7713  bin_diff=0.0597  ratio=46.43  prune_act=0.0000
  [WB] structure=10/16 (62%)  opp_sim=0.068
  [WB] BOUNDARY OK | CORE>BIN OK | PRUNE silent OK
  [LOGIC] mlp=-1333.6881 attn=-5.2964 div=33.9495
  [TIME] CE=156ms logic_reg=2317ms
  step  4790/8000 (global=8790)  loss=5.3575  avg=6.4237  lr=0.000168  B=6  1927ms
  [WB] boundary=93/100  core_diff=2.7718  bin_diff=0.0597  ratio=46.45  prune_act=0.0000
  [WB] structure=10/16 (62%)  opp_sim=0.068
  [WB] BOUNDARY OK | CORE>BIN OK | PRUNE silent OK
  [LOGIC] mlp=-1335.4015 attn=-5.2975 div=33.9496
  [TIME] CE=155ms logic_reg=2319ms
  step  4800/8000 (global=8800)  loss=8.2598  avg=6.5499  lr=0.000167  B=6  1927ms
  [WB] boundary=93/100  core_diff=2.7713  bin_diff=0.0595  ratio=46.58  prune_act=0.0000
  [WB] structure=10/16 (62%)  opp_sim=0.068
  [WB] BOUNDARY OK | CORE>BIN OK | PRUNE silent OK
[*] stateful inference started: window=9996, sinks=4, ctx=10240
[*] sliding window configured: W=9996, sinks=4 (effective context: 10000)
  [TRACE] "火": L0[||x||=8.35 C268(+285.32--10.04) B1076(+9794.30--20.66) P448(max0.000)] L4[||x||=6.00 C268(+1354.61--3.12) B1076(+3147.91--39.45) P448(max0.000)] L7[||x||=6.00 C268(+992.29--5.03) B1076(+11007.68--16.38) P448(max0.000)] | H=13.25/15 top3=32609 31874 165 
  [LOGIC] mlp=-1336.6007 attn=-5.2978 div=33.9497
  [TIME] CE=137ms logic_reg=2360ms
  step  4810/8000 (global=8810)  loss=5.4592  avg=6.5385  lr=0.000166  B=5  1927ms
  [WB] boundary=93/100  core_diff=2.7712  bin_diff=0.0594  ratio=46.67  prune_act=0.0000
  [WB] structure=10/16 (62%)  opp_sim=0.068
  [WB] BOUNDARY OK | CORE>BIN OK | PRUNE silent OK
  [LOGIC] mlp=-1335.4783 attn=-5.2947 div=33.9497
  [TIME] CE=204ms logic_reg=2328ms
  step  4820/8000 (global=8820)  loss=6.9068  avg=6.6069  lr=0.000165  B=8  1927ms
  [WB] boundary=93/100  core_diff=2.7714  bin_diff=0.0594  ratio=46.68  prune_act=0.0000
  [WB] structure=10/16 (62%)  opp_sim=0.068
  [WB] BOUNDARY OK | CORE>BIN OK | PRUNE silent OK
    [plan-I] step 6199 W_v approx_rank=17.4 (frob=10.60 max_row=0.61)
    [ortho] step 6199 L0 W_o off_diag=0.21 diag_dev=0.0720
    [plan-I] step 6199 W_v approx_rank=17.4 (frob=10.56 max_row=0.61)
    [ortho] step 6199 L1 W_o off_diag=0.21 diag_dev=0.0721
    [plan-I] step 6199 W_v approx_rank=17.4 (frob=10.67 max_row=0.61)
    [ortho] step 6199 L2 W_o off_diag=0.21 diag_dev=0.0718
    [plan-I] step 6199 W_v approx_rank=17.3 (frob=10.55 max_row=0.61)
    [ortho] step 6199 L3 W_o off_diag=0.21 diag_dev=0.0721
    [plan-I] step 6199 W_v approx_rank=17.1 (frob=10.43 max_row=0.61)
    [ortho] step 6199 L4 W_o off_diag=0.21 diag_dev=0.0722
    [plan-I] step 6199 W_v approx_rank=17.4 (frob=10.70 max_row=0.62)
    [ortho] step 6199 L5 W_o off_diag=0.21 diag_dev=0.0723
    [plan-I] step 6199 W_v approx_rank=17.1 (frob=10.49 max_row=0.61)
    [ortho] step 6199 L6 W_o off_diag=0.21 diag_dev=0.0722
    [plan-I] step 6199 W_v approx_rank=17.1 (frob=10.60 max_row=0.62)
    [ortho] step 6199 L7 W_o off_diag=0.21 diag_dev=0.0724
  [LOGIC] mlp=-1335.0651 attn=-5.2918 div=33.9497
  [TIME] CE=155ms logic_reg=2320ms
  step  4830/8000 (global=8830)  loss=5.6757  avg=6.4044  lr=0.000164  B=6  1927ms
  [WB] boundary=93/100  core_diff=2.7715  bin_diff=0.0594  ratio=46.67  prune_act=0.0000
  [WB] structure=10/16 (62%)  opp_sim=0.068
  [WB] BOUNDARY OK | CORE>BIN OK | PRUNE silent OK
  [LOGIC] mlp=-1336.4268 attn=-5.2955 div=33.9497
  [TIME] CE=105ms logic_reg=2427ms
  step  4840/8000 (global=8840)  loss=8.7309  avg=6.5872  lr=0.000163  B=4  1927ms
  [WB] boundary=93/100  core_diff=2.7721  bin_diff=0.0593  ratio=46.71  prune_act=0.0000
  [WB] structure=10/16 (62%)  opp_sim=0.068
  [WB] BOUNDARY OK | CORE>BIN OK | PRUNE silent OK
  [LOGIC] mlp=-1337.3630 attn=-5.2984 div=33.9497
  [TIME] CE=163ms logic_reg=2377ms
  step  4850/8000 (global=8850)  loss=5.4993  avg=6.6662  lr=0.000162  B=6  1927ms
  [WB] boundary=93/100  core_diff=2.7720  bin_diff=0.0594  ratio=46.70  prune_act=0.0000
  [WB] structure=10/16 (62%)  opp_sim=0.068
  [WB] BOUNDARY OK | CORE>BIN OK | PRUNE silent OK
[*] stateful inference started: window=9996, sinks=4, ctx=10240
[*] sliding window configured: W=9996, sinks=4 (effective context: 10000)
  [TRACE] "水": L0[||x||=8.43 C268(+242.69--10.64) B1076(+9986.30--17.94) P448(max0.000)] L4[||x||=6.00 C268(+1264.22--3.78) B1076(+3208.89--38.23) P448(max0.000)] L7[||x||=6.00 C268(+959.33--6.01) B1076(+11367.20--16.00) P448(max0.000)] | H=13.49/15 top3=232 165 31874 
  [LOGIC] mlp=-1337.1630 attn=-5.2981 div=33.9497
  [TIME] CE=105ms logic_reg=2418ms
  step  4860/8000 (global=8860)  loss=8.5617  avg=6.7139  lr=0.000161  B=4  1927ms
  [WB] boundary=93/100  core_diff=2.7736  bin_diff=0.0594  ratio=46.71  prune_act=0.0000
  [WB] structure=10/16 (62%)  opp_sim=0.068
  [WB] BOUNDARY OK | CORE>BIN OK | PRUNE silent OK
  [LOGIC] mlp=-1337.1155 attn=-5.2987 div=33.9496
  [TIME] CE=152ms logic_reg=2422ms
  step  4870/8000 (global=8870)  loss=4.4028  avg=6.5394  lr=0.000160  B=6  1927ms
  [WB] boundary=93/100  core_diff=2.7757  bin_diff=0.0594  ratio=46.70  prune_act=0.0000
  [WB] structure=10/16 (62%)  opp_sim=0.068
  [WB] BOUNDARY OK | CORE>BIN OK | PRUNE silent OK
    [plan-I] step 6249 W_v approx_rank=17.4 (frob=10.60 max_row=0.61)
    [ortho] step 6249 L0 W_o off_diag=0.21 diag_dev=0.0720
    [plan-I] step 6249 W_v approx_rank=17.4 (frob=10.56 max_row=0.61)
    [ortho] step 6249 L1 W_o off_diag=0.21 diag_dev=0.0723
    [plan-I] step 6249 W_v approx_rank=17.4 (frob=10.67 max_row=0.61)
    [ortho] step 6249 L2 W_o off_diag=0.21 diag_dev=0.0719
    [plan-I] step 6249 W_v approx_rank=17.3 (frob=10.55 max_row=0.61)
    [ortho] step 6249 L3 W_o off_diag=0.21 diag_dev=0.0722
    [plan-I] step 6249 W_v approx_rank=17.1 (frob=10.43 max_row=0.61)
    [ortho] step 6249 L4 W_o off_diag=0.21 diag_dev=0.0722
    [plan-I] step 6249 W_v approx_rank=17.4 (frob=10.70 max_row=0.62)
    [ortho] step 6249 L5 W_o off_diag=0.21 diag_dev=0.0723
    [plan-I] step 6249 W_v approx_rank=17.1 (frob=10.49 max_row=0.61)
    [ortho] step 6249 L6 W_o off_diag=0.21 diag_dev=0.0721
    [plan-I] step 6249 W_v approx_rank=17.1 (frob=10.60 max_row=0.62)
    [ortho] step 6249 L7 W_o off_diag=0.21 diag_dev=0.0725
  [LOGIC] mlp=-1338.6464 attn=-5.3010 div=33.9495
  [TIME] CE=274ms logic_reg=2345ms
  step  4880/8000 (global=8880)  loss=4.5377  avg=6.6953  lr=0.000159  B=6  1927ms
  [WB] boundary=93/100  core_diff=2.7761  bin_diff=0.0593  ratio=46.78  prune_act=0.0000
  [WB] structure=10/16 (62%)  opp_sim=0.068
  [WB] BOUNDARY OK | CORE>BIN OK | PRUNE silent OK
  [LOGIC] mlp=-1337.4774 attn=-5.2981 div=33.9494
  [TIME] CE=155ms logic_reg=2345ms
  step  4890/8000 (global=8890)  loss=5.3713  avg=6.7079  lr=0.000158  B=6  1927ms
  [WB] boundary=93/100  core_diff=2.7775  bin_diff=0.0595  ratio=46.68  prune_act=0.0000
  [WB] structure=10/16 (62%)  opp_sim=0.068
  [WB] BOUNDARY OK | CORE>BIN OK | PRUNE silent OK
  [LOGIC] mlp=-1335.9772 attn=-5.2961 div=33.9494
  [TIME] CE=130ms logic_reg=2370ms
  step  4900/8000 (global=8900)  loss=4.7630  avg=6.7773  lr=0.000157  B=5  1927ms
  [WB] boundary=93/100  core_diff=2.7811  bin_diff=0.0598  ratio=46.48  prune_act=0.0000
  [WB] structure=10/16 (62%)  opp_sim=0.068
  [WB] BOUNDARY OK | CORE>BIN OK | PRUNE silent OK
[*] stateful inference started: window=9996, sinks=4, ctx=10240
[*] sliding window configured: W=9996, sinks=4 (effective context: 10000)
  [TRACE] "大": L0[||x||=8.12 C268(+228.05--10.98) B1076(+9573.42--21.21) P448(max0.000)] L4[||x||=6.00 C268(+1458.04--3.23) B1076(+3116.72--39.31) P448(max0.000)] L7[||x||=6.00 C268(+1071.88--5.36) B1076(+10163.14--18.35) P448(max0.000)] | H=13.36/15 top3=235 165 233 
  [LOGIC] mlp=-1336.2235 attn=-5.2937 div=33.9494
  [TIME] CE=182ms logic_reg=2322ms
  step  4910/8000 (global=8910)  loss=4.3191  avg=6.6635  lr=0.000156  B=7  1927ms
  [WB] boundary=93/100  core_diff=2.7837  bin_diff=0.0601  ratio=46.34  prune_act=0.0000
  [WB] structure=10/16 (62%)  opp_sim=0.068
  [WB] BOUNDARY OK | CORE>BIN OK | PRUNE silent OK
  [LOGIC] mlp=-1335.7244 attn=-5.2893 div=33.9494
  [TIME] CE=179ms logic_reg=2385ms
  step  4920/8000 (global=8920)  loss=5.6150  avg=6.5519  lr=0.000155  B=7  1927ms
  [WB] boundary=93/100  core_diff=2.7862  bin_diff=0.0603  ratio=46.19  prune_act=0.0000
  [WB] structure=10/16 (62%)  opp_sim=0.068
  [WB] BOUNDARY OK | CORE>BIN OK | PRUNE silent OK
    [plan-I] step 6299 W_v approx_rank=17.4 (frob=10.60 max_row=0.61)
    [ortho] step 6299 L0 W_o off_diag=0.21 diag_dev=0.0717
    [plan-I] step 6299 W_v approx_rank=17.4 (frob=10.56 max_row=0.61)
    [ortho] step 6299 L1 W_o off_diag=0.21 diag_dev=0.0720
    [plan-I] step 6299 W_v approx_rank=17.4 (frob=10.67 max_row=0.61)
    [ortho] step 6299 L2 W_o off_diag=0.21 diag_dev=0.0716
    [plan-I] step 6299 W_v approx_rank=17.3 (frob=10.55 max_row=0.61)
    [ortho] step 6299 L3 W_o off_diag=0.21 diag_dev=0.0719
    [plan-I] step 6299 W_v approx_rank=17.1 (frob=10.43 max_row=0.61)
    [ortho] step 6299 L4 W_o off_diag=0.21 diag_dev=0.0719
    [plan-I] step 6299 W_v approx_rank=17.4 (frob=10.70 max_row=0.62)
    [ortho] step 6299 L5 W_o off_diag=0.21 diag_dev=0.0722
    [plan-I] step 6299 W_v approx_rank=17.1 (frob=10.49 max_row=0.61)
    [ortho] step 6299 L6 W_o off_diag=0.21 diag_dev=0.0720
    [plan-I] step 6299 W_v approx_rank=17.1 (frob=10.60 max_row=0.62)
    [ortho] step 6299 L7 W_o off_diag=0.21 diag_dev=0.0724
  [LOGIC] mlp=-1336.8439 attn=-5.2908 div=33.9493
  [TIME] CE=155ms logic_reg=2386ms
  step  4930/8000 (global=8930)  loss=6.0864  avg=6.5422  lr=0.000154  B=6  1927ms
  [WB] boundary=93/100  core_diff=2.7893  bin_diff=0.0604  ratio=46.15  prune_act=0.0000
  [WB] structure=10/16 (62%)  opp_sim=0.068
  [WB] BOUNDARY OK | CORE>BIN OK | PRUNE silent OK
  [LOGIC] mlp=-1338.6683 attn=-5.2945 div=33.9491
  [TIME] CE=133ms logic_reg=2396ms
  step  4940/8000 (global=8940)  loss=7.6929  avg=6.4499  lr=0.000153  B=5  1927ms
  [WB] boundary=93/100  core_diff=2.7913  bin_diff=0.0607  ratio=46.02  prune_act=0.0000
  [WB] structure=10/16 (62%)  opp_sim=0.068
  [WB] BOUNDARY OK | CORE>BIN OK | PRUNE silent OK
  [LOGIC] mlp=-1340.7789 attn=-5.2993 div=33.9491
  [TIME] CE=157ms logic_reg=2321ms
  step  4950/8000 (global=8950)  loss=4.9555  avg=6.3916  lr=0.000152  B=6  1927ms
  [WB] boundary=93/100  core_diff=2.7896  bin_diff=0.0606  ratio=46.05  prune_act=0.0000
  [WB] structure=10/16 (62%)  opp_sim=0.068
  [WB] BOUNDARY OK | CORE>BIN OK | PRUNE silent OK
[*] stateful inference started: window=9996, sinks=4, ctx=10240
[*] sliding window configured: W=9996, sinks=4 (effective context: 10000)
  [TRACE] "小": L0[||x||=8.49 C268(+237.87--10.35) B1076(+9827.73--19.96) P448(max0.000)] L4[||x||=6.00 C268(+1348.97--3.17) B1076(+3227.72--38.76) P448(max0.000)] L7[||x||=6.00 C268(+1004.02--5.20) B1076(+11009.84--16.91) P448(max0.000)] | H=13.33/15 top3=32609 31874 165 
  [LOGIC] mlp=-1340.9729 attn=-5.2986 div=33.9493
  [TIME] CE=132ms logic_reg=2364ms
  step  4960/8000 (global=8960)  loss=4.8685  avg=6.1755  lr=0.000151  B=5  1927ms
  [WB] boundary=93/100  core_diff=2.7887  bin_diff=0.0606  ratio=46.03  prune_act=0.0000
  [WB] structure=10/16 (62%)  opp_sim=0.068
  [WB] BOUNDARY OK | CORE>BIN OK | PRUNE silent OK
  [LOGIC] mlp=-1338.5605 attn=-5.2930 div=33.9493
  [TIME] CE=107ms logic_reg=2348ms
  step  4970/8000 (global=8970)  loss=5.5175  avg=6.1379  lr=0.000150  B=4  1927ms
  [WB] boundary=93/100  core_diff=2.7898  bin_diff=0.0608  ratio=45.90  prune_act=0.0000
  [WB] structure=10/16 (62%)  opp_sim=0.068
  [WB] BOUNDARY OK | CORE>BIN OK | PRUNE silent OK
    [plan-I] step 6349 W_v approx_rank=17.4 (frob=10.60 max_row=0.61)
    [ortho] step 6349 L0 W_o off_diag=0.21 diag_dev=0.0719
    [plan-I] step 6349 W_v approx_rank=17.4 (frob=10.56 max_row=0.61)
    [ortho] step 6349 L1 W_o off_diag=0.21 diag_dev=0.0720
    [plan-I] step 6349 W_v approx_rank=17.4 (frob=10.67 max_row=0.61)
    [ortho] step 6349 L2 W_o off_diag=0.21 diag_dev=0.0718
    [plan-I] step 6349 W_v approx_rank=17.3 (frob=10.55 max_row=0.61)
    [ortho] step 6349 L3 W_o off_diag=0.21 diag_dev=0.0719
    [plan-I] step 6349 W_v approx_rank=17.1 (frob=10.43 max_row=0.61)
    [ortho] step 6349 L4 W_o off_diag=0.21 diag_dev=0.0720
    [plan-I] step 6349 W_v approx_rank=17.4 (frob=10.70 max_row=0.62)
    [ortho] step 6349 L5 W_o off_diag=0.21 diag_dev=0.0722
    [plan-I] step 6349 W_v approx_rank=17.1 (frob=10.49 max_row=0.61)
    [ortho] step 6349 L6 W_o off_diag=0.21 diag_dev=0.0720
    [plan-I] step 6349 W_v approx_rank=17.1 (frob=10.60 max_row=0.62)
    [ortho] step 6349 L7 W_o off_diag=0.21 diag_dev=0.0725
  [LOGIC] mlp=-1338.0983 attn=-5.2896 div=33.9494
  [TIME] CE=131ms logic_reg=2542ms
  step  4980/8000 (global=8980)  loss=9.1227  avg=6.2270  lr=0.000149  B=5  1927ms
  [WB] boundary=93/100  core_diff=2.7914  bin_diff=0.0610  ratio=45.74  prune_act=0.0000
  [WB] structure=10/16 (62%)  opp_sim=0.068
  [WB] BOUNDARY OK | CORE>BIN OK | PRUNE silent OK
  [LOGIC] mlp=-1340.1254 attn=-5.2939 div=33.9493
  [TIME] CE=209ms logic_reg=2349ms
  step  4990/8000 (global=8990)  loss=3.8366  avg=6.2677  lr=0.000149  B=8  1927ms
  [WB] boundary=93/100  core_diff=2.7922  bin_diff=0.0610  ratio=45.74  prune_act=0.0000
  [WB] structure=10/16 (62%)  opp_sim=0.068
  [WB] BOUNDARY OK | CORE>BIN OK | PRUNE silent OK
  [LOGIC] mlp=-1341.5159 attn=-5.2971 div=33.9492
  [TIME] CE=130ms logic_reg=2329ms
  step  5000/8000 (global=9000)  loss=3.2244  avg=6.2937  lr=0.000148  B=5  1927ms
  [WB] boundary=93/100  core_diff=2.7930  bin_diff=0.0611  ratio=45.72  prune_act=0.0000
  [WB] structure=10/16 (62%)  opp_sim=0.068
  [WB] BOUNDARY OK | CORE>BIN OK | PRUNE silent OK
[*] stateful inference started: window=9996, sinks=4, ctx=10240
[*] sliding window configured: W=9996, sinks=4 (effective context: 10000)
  [TRACE] "热": L0[||x||=8.59 C268(+261.32--9.92) B1076(+9863.63--19.74) P448(max0.000)] L4[||x||=6.00 C268(+1361.06--3.45) B1076(+3254.92--38.38) P448(max0.000)] L7[||x||=6.00 C268(+1016.38--5.11) B1076(+11000.87--16.99) P448(max0.000)] | H=13.36/15 top3=32609 31874 165 
  [LOGIC] mlp=-1340.4990 attn=-5.2952 div=33.9493
  [TIME] CE=179ms logic_reg=2314ms
  step  5010/8000 (global=9010)  loss=5.9818  avg=6.3171  lr=0.000147  B=7  1927ms
  [WB] boundary=93/100  core_diff=2.7930  bin_diff=0.0611  ratio=45.71  prune_act=0.0000
  [WB] structure=10/16 (62%)  opp_sim=0.068
  [WB] BOUNDARY OK | CORE>BIN OK | PRUNE silent OK
  [LOGIC] mlp=-1341.3906 attn=-5.2960 div=33.9493
  [TIME] CE=209ms logic_reg=2362ms
  step  5020/8000 (global=9020)  loss=5.0883  avg=6.4479  lr=0.000146  B=8  1927ms
  [WB] boundary=93/100  core_diff=2.7937  bin_diff=0.0612  ratio=45.68  prune_act=0.0000
  [WB] structure=10/16 (62%)  opp_sim=0.068
  [WB] BOUNDARY OK | CORE>BIN OK | PRUNE silent OK
    [plan-I] step 6399 W_v approx_rank=17.4 (frob=10.60 max_row=0.61)
    [ortho] step 6399 L0 W_o off_diag=0.21 diag_dev=0.0723
    [plan-I] step 6399 W_v approx_rank=17.4 (frob=10.56 max_row=0.61)
    [ortho] step 6399 L1 W_o off_diag=0.21 diag_dev=0.0723
    [plan-I] step 6399 W_v approx_rank=17.4 (frob=10.67 max_row=0.61)
    [ortho] step 6399 L2 W_o off_diag=0.21 diag_dev=0.0720
    [plan-I] step 6399 W_v approx_rank=17.3 (frob=10.55 max_row=0.61)
    [ortho] step 6399 L3 W_o off_diag=0.21 diag_dev=0.0723
    [plan-I] step 6399 W_v approx_rank=17.1 (frob=10.43 max_row=0.61)
    [ortho] step 6399 L4 W_o off_diag=0.21 diag_dev=0.0724
    [plan-I] step 6399 W_v approx_rank=17.4 (frob=10.70 max_row=0.62)
    [ortho] step 6399 L5 W_o off_diag=0.21 diag_dev=0.0724
    [plan-I] step 6399 W_v approx_rank=17.1 (frob=10.49 max_row=0.61)
    [ortho] step 6399 L6 W_o off_diag=0.21 diag_dev=0.0722
    [plan-I] step 6399 W_v approx_rank=17.1 (frob=10.60 max_row=0.62)
    [ortho] step 6399 L7 W_o off_diag=0.21 diag_dev=0.0726
  [LOGIC] mlp=-1343.1875 attn=-5.3005 div=33.9493
  [TIME] CE=159ms logic_reg=2326ms
  step  5030/8000 (global=9030)  loss=5.3829  avg=6.5093  lr=0.000145  B=6  1927ms
  [WB] boundary=93/100  core_diff=2.7944  bin_diff=0.0613  ratio=45.62  prune_act=0.0000
  [WB] structure=10/16 (62%)  opp_sim=0.068
  [WB] BOUNDARY OK | CORE>BIN OK | PRUNE silent OK
  [LOGIC] mlp=-1343.7012 attn=-5.3025 div=33.9493
  [TIME] CE=157ms logic_reg=2369ms
  step  5040/8000 (global=9040)  loss=7.1277  avg=6.5423  lr=0.000144  B=6  1927ms
  [WB] boundary=93/100  core_diff=2.7938  bin_diff=0.0613  ratio=45.55  prune_act=0.0000
  [WB] structure=10/16 (62%)  opp_sim=0.068
  [WB] BOUNDARY OK | CORE>BIN OK | PRUNE silent OK
  [LOGIC] mlp=-1342.5342 attn=-5.3001 div=33.9494
  [TIME] CE=157ms logic_reg=2328ms
  step  5050/8000 (global=9050)  loss=7.6882  avg=6.4637  lr=0.000143  B=6  1927ms
  [WB] boundary=93/100  core_diff=2.7942  bin_diff=0.0614  ratio=45.48  prune_act=0.0000
  [WB] structure=10/16 (62%)  opp_sim=0.068
  [WB] BOUNDARY OK | CORE>BIN OK | PRUNE silent OK
[*] stateful inference started: window=9996, sinks=4, ctx=10240
[*] sliding window configured: W=9996, sinks=4 (effective context: 10000)
  [TRACE] "冷": L0[||x||=8.54 C268(+267.47--9.77) B1076(+9836.36--20.64) P448(max0.000)] L4[||x||=6.00 C268(+1412.05--2.94) B1076(+3266.01--38.34) P448(max0.000)] L7[||x||=6.00 C268(+1056.02--5.43) B1076(+10869.77--17.65) P448(max0.000)] | H=13.10/15 top3=165 235 232 
  [LOGIC] mlp=-1343.9420 attn=-5.3045 div=33.9493
  [TIME] CE=170ms logic_reg=2330ms
  step  5060/8000 (global=9060)  loss=8.5861  avg=6.4089  lr=0.000142  B=6  1927ms
  [WB] boundary=93/100  core_diff=2.7958  bin_diff=0.0614  ratio=45.50  prune_act=0.0000
  [WB] structure=10/16 (62%)  opp_sim=0.068
  [WB] BOUNDARY OK | CORE>BIN OK | PRUNE silent OK
  [LOGIC] mlp=-1345.0026 attn=-5.3077 div=33.9492
  [TIME] CE=158ms logic_reg=2364ms
  step  5070/8000 (global=9070)  loss=6.0021  avg=6.5385  lr=0.000141  B=6  1927ms
  [WB] boundary=93/100  core_diff=2.7963  bin_diff=0.0613  ratio=45.60  prune_act=0.0000
  [WB] structure=10/16 (62%)  opp_sim=0.068
  [WB] BOUNDARY OK | CORE>BIN OK | PRUNE silent OK
    [plan-I] step 6449 W_v approx_rank=17.4 (frob=10.60 max_row=0.61)
    [ortho] step 6449 L0 W_o off_diag=0.21 diag_dev=0.0724
    [plan-I] step 6449 W_v approx_rank=17.4 (frob=10.56 max_row=0.61)
    [ortho] step 6449 L1 W_o off_diag=0.21 diag_dev=0.0724
    [plan-I] step 6449 W_v approx_rank=17.4 (frob=10.67 max_row=0.61)
    [ortho] step 6449 L2 W_o off_diag=0.21 diag_dev=0.0721
    [plan-I] step 6449 W_v approx_rank=17.3 (frob=10.55 max_row=0.61)
    [ortho] step 6449 L3 W_o off_diag=0.21 diag_dev=0.0723
    [plan-I] step 6449 W_v approx_rank=17.1 (frob=10.43 max_row=0.61)
    [ortho] step 6449 L4 W_o off_diag=0.21 diag_dev=0.0723
    [plan-I] step 6449 W_v approx_rank=17.4 (frob=10.70 max_row=0.62)
    [ortho] step 6449 L5 W_o off_diag=0.21 diag_dev=0.0724
    [plan-I] step 6449 W_v approx_rank=17.1 (frob=10.49 max_row=0.61)
    [ortho] step 6449 L6 W_o off_diag=0.21 diag_dev=0.0722
    [plan-I] step 6449 W_v approx_rank=17.1 (frob=10.60 max_row=0.62)
    [ortho] step 6449 L7 W_o off_diag=0.21 diag_dev=0.0725
  [LOGIC] mlp=-1343.7620 attn=-5.3050 div=33.9492
  [TIME] CE=184ms logic_reg=2412ms
  step  5080/8000 (global=9080)  loss=5.8030  avg=6.6063  lr=0.000140  B=7  1927ms
  [WB] boundary=93/100  core_diff=2.7967  bin_diff=0.0612  ratio=45.67  prune_act=0.0000
  [WB] structure=10/16 (62%)  opp_sim=0.068
  [WB] BOUNDARY OK | CORE>BIN OK | PRUNE silent OK
  [LOGIC] mlp=-1344.5178 attn=-5.3063 div=33.9491
  [TIME] CE=133ms logic_reg=2327ms
  step  5090/8000 (global=9090)  loss=6.1666  avg=6.5260  lr=0.000139  B=5  1927ms
  [WB] boundary=93/100  core_diff=2.7974  bin_diff=0.0611  ratio=45.79  prune_act=0.0000
  [WB] structure=10/16 (62%)  opp_sim=0.068
  [WB] BOUNDARY OK | CORE>BIN OK | PRUNE silent OK
  [LOGIC] mlp=-1345.1613 attn=-5.3065 div=33.9493
  [TIME] CE=156ms logic_reg=2455ms
  step  5100/8000 (global=9100)  loss=6.0379  avg=6.5591  lr=0.000138  B=6  1927ms
  [WB] boundary=93/100  core_diff=2.7956  bin_diff=0.0609  ratio=45.92  prune_act=0.0000
  [WB] structure=10/16 (62%)  opp_sim=0.068
  [WB] BOUNDARY OK | CORE>BIN OK | PRUNE silent OK
[*] stateful inference started: window=9996, sinks=4, ctx=10240
[*] sliding window configured: W=9996, sinks=4 (effective context: 10000)
  [TRACE] "火": L0[||x||=8.40 C268(+297.47--10.08) B1076(+9736.59--22.42) P448(max0.000)] L4[||x||=6.00 C268(+1440.51--3.00) B1076(+3248.10--39.14) P448(max0.000)] L7[||x||=6.00 C268(+1078.35--5.65) B1076(+10720.85--18.23) P448(max0.000)] | H=13.10/15 top3=235 31874 32609 
  [LOGIC] mlp=-1344.2441 attn=-5.3040 div=33.9494
  [TIME] CE=162ms logic_reg=2329ms
  step  5110/8000 (global=9110)  loss=5.1346  avg=6.5845  lr=0.000138  B=6  1927ms
  [WB] boundary=93/100  core_diff=2.7950  bin_diff=0.0609  ratio=45.92  prune_act=0.0000
  [WB] structure=10/16 (62%)  opp_sim=0.068
  [WB] BOUNDARY OK | CORE>BIN OK | PRUNE silent OK
  [LOGIC] mlp=-1344.9618 attn=-5.3044 div=33.9495
  [TIME] CE=156ms logic_reg=2329ms
  step  5120/8000 (global=9120)  loss=5.0607  avg=6.5878  lr=0.000137  B=6  1927ms
  [WB] boundary=93/100  core_diff=2.7936  bin_diff=0.0608  ratio=45.95  prune_act=0.0000
  [WB] structure=10/16 (62%)  opp_sim=0.068
  [WB] BOUNDARY OK | CORE>BIN OK | PRUNE silent OK
    [plan-I] step 6499 W_v approx_rank=17.4 (frob=10.60 max_row=0.61)
    [ortho] step 6499 L0 W_o off_diag=0.21 diag_dev=0.0719
    [plan-I] step 6499 W_v approx_rank=17.4 (frob=10.56 max_row=0.61)
    [ortho] step 6499 L1 W_o off_diag=0.21 diag_dev=0.0720
    [plan-I] step 6499 W_v approx_rank=17.4 (frob=10.67 max_row=0.61)
    [ortho] step 6499 L2 W_o off_diag=0.21 diag_dev=0.0718
    [plan-I] step 6499 W_v approx_rank=17.3 (frob=10.55 max_row=0.61)
    [ortho] step 6499 L3 W_o off_diag=0.21 diag_dev=0.0721
    [plan-I] step 6499 W_v approx_rank=17.1 (frob=10.43 max_row=0.61)
    [ortho] step 6499 L4 W_o off_diag=0.21 diag_dev=0.0722
    [plan-I] step 6499 W_v approx_rank=17.4 (frob=10.70 max_row=0.62)
    [ortho] step 6499 L5 W_o off_diag=0.21 diag_dev=0.0724
    [plan-I] step 6499 W_v approx_rank=17.1 (frob=10.49 max_row=0.61)
    [ortho] step 6499 L6 W_o off_diag=0.21 diag_dev=0.0722
    [plan-I] step 6499 W_v approx_rank=17.1 (frob=10.60 max_row=0.62)
    [ortho] step 6499 L7 W_o off_diag=0.21 diag_dev=0.0726
  [LOGIC] mlp=-1346.0570 attn=-5.3067 div=33.9497
  [TIME] CE=82ms logic_reg=2342ms
  step  5130/8000 (global=9130)  loss=6.0410  avg=6.3215  lr=0.000136  B=3  1927ms
  [WB] boundary=93/100  core_diff=2.7937  bin_diff=0.0609  ratio=45.87  prune_act=0.0000
  [WB] structure=10/16 (62%)  opp_sim=0.068
  [WB] BOUNDARY OK | CORE>BIN OK | PRUNE silent OK
  [LOGIC] mlp=-1345.7266 attn=-5.3061 div=33.9497
  [TIME] CE=131ms logic_reg=2334ms
  step  5140/8000 (global=9140)  loss=8.6030  avg=6.2830  lr=0.000135  B=5  1927ms
  [WB] boundary=93/100  core_diff=2.7946  bin_diff=0.0612  ratio=45.68  prune_act=0.0000
  [WB] structure=10/16 (62%)  opp_sim=0.068
  [WB] BOUNDARY OK | CORE>BIN OK | PRUNE silent OK
  [LOGIC] mlp=-1346.8760 attn=-5.3071 div=33.9498
  [TIME] CE=82ms logic_reg=2519ms
  step  5150/8000 (global=9150)  loss=5.0040  avg=6.2885  lr=0.000134  B=3  1927ms
  [WB] boundary=93/100  core_diff=2.7944  bin_diff=0.0612  ratio=45.68  prune_act=0.0000
  [WB] structure=10/16 (62%)  opp_sim=0.068
  [WB] BOUNDARY OK | CORE>BIN OK | PRUNE silent OK
[*] stateful inference started: window=9996, sinks=4, ctx=10240
[*] sliding window configured: W=9996, sinks=4 (effective context: 10000)
  [TRACE] "水": L0[||x||=8.47 C268(+240.20--10.13) B1076(+9974.91--18.43) P448(max0.000)] L4[||x||=6.00 C268(+1339.13--3.65) B1076(+3335.22--37.93) P448(max0.000)] L7[||x||=6.00 C268(+1024.39--5.10) B1076(+11309.45--17.19) P448(max0.000)] | H=13.34/15 top3=232 165 235 
  [LOGIC] mlp=-1345.8151 attn=-5.3044 div=33.9499
  [TIME] CE=157ms logic_reg=2321ms
  step  5160/8000 (global=9160)  loss=4.8702  avg=6.2853  lr=0.000133  B=6  1927ms
  [WB] boundary=93/100  core_diff=2.7934  bin_diff=0.0611  ratio=45.74  prune_act=0.0000
  [WB] structure=10/16 (62%)  opp_sim=0.068
  [WB] BOUNDARY OK | CORE>BIN OK | PRUNE silent OK
  [LOGIC] mlp=-1346.1511 attn=-5.3020 div=33.9501
  [TIME] CE=180ms logic_reg=2314ms
  step  5170/8000 (global=9170)  loss=6.9446  avg=6.0937  lr=0.000132  B=7  1927ms
  [WB] boundary=93/100  core_diff=2.7921  bin_diff=0.0611  ratio=45.68  prune_act=0.0000
  [WB] structure=10/16 (62%)  opp_sim=0.068
  [WB] BOUNDARY OK | CORE>BIN OK | PRUNE silent OK
    [plan-I] step 6549 W_v approx_rank=17.4 (frob=10.60 max_row=0.61)
    [ortho] step 6549 L0 W_o off_diag=0.21 diag_dev=0.0722
    [plan-I] step 6549 W_v approx_rank=17.4 (frob=10.56 max_row=0.61)
    [ortho] step 6549 L1 W_o off_diag=0.21 diag_dev=0.0723
    [plan-I] step 6549 W_v approx_rank=17.4 (frob=10.67 max_row=0.61)
    [ortho] step 6549 L2 W_o off_diag=0.21 diag_dev=0.0720
    [plan-I] step 6549 W_v approx_rank=17.3 (frob=10.55 max_row=0.61)
    [ortho] step 6549 L3 W_o off_diag=0.21 diag_dev=0.0722
    [plan-I] step 6549 W_v approx_rank=17.1 (frob=10.43 max_row=0.61)
    [ortho] step 6549 L4 W_o off_diag=0.21 diag_dev=0.0723
    [plan-I] step 6549 W_v approx_rank=17.4 (frob=10.70 max_row=0.62)
    [ortho] step 6549 L5 W_o off_diag=0.21 diag_dev=0.0725
    [plan-I] step 6549 W_v approx_rank=17.1 (frob=10.49 max_row=0.61)
    [ortho] step 6549 L6 W_o off_diag=0.21 diag_dev=0.0723
    [plan-I] step 6549 W_v approx_rank=17.1 (frob=10.60 max_row=0.62)
    [ortho] step 6549 L7 W_o off_diag=0.21 diag_dev=0.0727
  [LOGIC] mlp=-1346.5635 attn=-5.3006 div=33.9502
  [TIME] CE=179ms logic_reg=2434ms
  step  5180/8000 (global=9180)  loss=5.6256  avg=6.1294  lr=0.000131  B=7  1927ms
  [WB] boundary=93/100  core_diff=2.7925  bin_diff=0.0613  ratio=45.53  prune_act=0.0000
  [WB] structure=10/16 (62%)  opp_sim=0.068
  [WB] BOUNDARY OK | CORE>BIN OK | PRUNE silent OK
  [LOGIC] mlp=-1347.1976 attn=-5.3014 div=33.9502
  [TIME] CE=105ms logic_reg=2314ms
  step  5190/8000 (global=9190)  loss=6.6423  avg=6.1094  lr=0.000130  B=4  1927ms
  [WB] boundary=93/100  core_diff=2.7942  bin_diff=0.0615  ratio=45.43  prune_act=0.0000
  [WB] structure=10/16 (62%)  opp_sim=0.068
  [WB] BOUNDARY OK | CORE>BIN OK | PRUNE silent OK
  [LOGIC] mlp=-1347.6874 attn=-5.3016 div=33.9502
  [TIME] CE=130ms logic_reg=2454ms
  step  5200/8000 (global=9200)  loss=5.7163  avg=6.1672  lr=0.000129  B=5  1927ms
  [WB] boundary=93/100  core_diff=2.7949  bin_diff=0.0614  ratio=45.50  prune_act=0.0000
  [WB] structure=10/16 (62%)  opp_sim=0.068
  [WB] BOUNDARY OK | CORE>BIN OK | PRUNE silent OK
[*] stateful inference started: window=9996, sinks=4, ctx=10240
[*] sliding window configured: W=9996, sinks=4 (effective context: 10000)
  [TRACE] "大": L0[||x||=8.18 C268(+243.34--10.90) B1076(+9593.52--22.89) P448(max0.000)] L4[||x||=6.00 C268(+1476.41--2.85) B1076(+3291.75--39.65) P448(max0.000)] L7[||x||=6.00 C268(+1095.45--5.94) B1076(+10692.15--18.51) P448(max0.000)] | H=13.32/15 top3=31874 235 232 
  [LOGIC] mlp=-1347.1121 attn=-5.2995 div=33.9502
  [TIME] CE=179ms logic_reg=2311ms
  step  5210/8000 (global=9210)  loss=6.5820  avg=6.0720  lr=0.000129  B=7  1927ms
  [WB] boundary=93/100  core_diff=2.7954  bin_diff=0.0615  ratio=45.47  prune_act=0.0000
  [WB] structure=10/16 (62%)  opp_sim=0.068
  [WB] BOUNDARY OK | CORE>BIN OK | PRUNE silent OK
  [LOGIC] mlp=-1347.1321 attn=-5.2987 div=33.9503
  [TIME] CE=154ms logic_reg=2365ms
  step  5220/8000 (global=9220)  loss=8.7410  avg=6.1974  lr=0.000128  B=6  1927ms
  [WB] boundary=93/100  core_diff=2.7957  bin_diff=0.0616  ratio=45.40  prune_act=0.0000
  [WB] structure=10/16 (62%)  opp_sim=0.068
  [WB] BOUNDARY OK | CORE>BIN OK | PRUNE silent OK
    [plan-I] step 6599 W_v approx_rank=17.4 (frob=10.60 max_row=0.61)
    [ortho] step 6599 L0 W_o off_diag=0.21 diag_dev=0.0721
    [plan-I] step 6599 W_v approx_rank=17.4 (frob=10.56 max_row=0.61)
    [ortho] step 6599 L1 W_o off_diag=0.21 diag_dev=0.0723
    [plan-I] step 6599 W_v approx_rank=17.4 (frob=10.67 max_row=0.61)
    [ortho] step 6599 L2 W_o off_diag=0.21 diag_dev=0.0720
    [plan-I] step 6599 W_v approx_rank=17.3 (frob=10.55 max_row=0.61)
    [ortho] step 6599 L3 W_o off_diag=0.21 diag_dev=0.0722
    [plan-I] step 6599 W_v approx_rank=17.1 (frob=10.43 max_row=0.61)
    [ortho] step 6599 L4 W_o off_diag=0.21 diag_dev=0.0723
    [plan-I] step 6599 W_v approx_rank=17.4 (frob=10.70 max_row=0.62)
    [ortho] step 6599 L5 W_o off_diag=0.21 diag_dev=0.0724
    [plan-I] step 6599 W_v approx_rank=17.1 (frob=10.49 max_row=0.61)
    [ortho] step 6599 L6 W_o off_diag=0.21 diag_dev=0.0722
    [plan-I] step 6599 W_v approx_rank=17.1 (frob=10.60 max_row=0.62)
    [ortho] step 6599 L7 W_o off_diag=0.21 diag_dev=0.0726
  [LOGIC] mlp=-1347.9318 attn=-5.2990 div=33.9502
  [TIME] CE=130ms logic_reg=2319ms
  step  5230/8000 (global=9230)  loss=6.9403  avg=6.3298  lr=0.000127  B=5  1927ms
  [WB] boundary=93/100  core_diff=2.7966  bin_diff=0.0617  ratio=45.35  prune_act=0.0000
  [WB] structure=10/16 (62%)  opp_sim=0.068
  [WB] BOUNDARY OK | CORE>BIN OK | PRUNE silent OK
  [LOGIC] mlp=-1347.2340 attn=-5.2956 div=33.9502
  [TIME] CE=129ms logic_reg=2478ms
  step  5240/8000 (global=9240)  loss=7.4022  avg=6.3213  lr=0.000126  B=5  1927ms
  [WB] boundary=93/100  core_diff=2.7978  bin_diff=0.0618  ratio=45.27  prune_act=0.0000
  [WB] structure=10/16 (62%)  opp_sim=0.068
  [WB] BOUNDARY OK | CORE>BIN OK | PRUNE silent OK
  [LOGIC] mlp=-1346.4783 attn=-5.2914 div=33.9503
  [TIME] CE=129ms logic_reg=2315ms
  step  5250/8000 (global=9250)  loss=5.5201  avg=6.3529  lr=0.000125  B=5  1927ms
  [WB] boundary=93/100  core_diff=2.7984  bin_diff=0.0618  ratio=45.31  prune_act=0.0000
  [WB] structure=10/16 (62%)  opp_sim=0.068
  [WB] BOUNDARY OK | CORE>BIN OK | PRUNE silent OK
[*] stateful inference started: window=9996, sinks=4, ctx=10240
[*] sliding window configured: W=9996, sinks=4 (effective context: 10000)
  [TRACE] "小": L0[||x||=8.54 C268(+244.36--10.40) B1076(+9865.40--21.22) P448(max0.000)] L4[||x||=6.00 C268(+1438.98--2.89) B1076(+3361.14--38.55) P448(max0.000)] L7[||x||=6.00 C268(+1079.90--6.11) B1076(+10982.61--18.28) P448(max0.000)] | H=13.33/15 top3=31874 235 165 
  [LOGIC] mlp=-1346.4869 attn=-5.2891 div=33.9503
  [TIME] CE=130ms logic_reg=2327ms
  step  5260/8000 (global=9260)  loss=3.9313  avg=6.4760  lr=0.000124  B=5  1927ms
  [WB] boundary=93/100  core_diff=2.7983  bin_diff=0.0617  ratio=45.36  prune_act=0.0000
  [WB] structure=10/16 (62%)  opp_sim=0.068
  [WB] BOUNDARY OK | CORE>BIN OK | PRUNE silent OK
  [LOGIC] mlp=-1348.2201 attn=-5.2905 div=33.9503
  [TIME] CE=130ms logic_reg=2316ms
  step  5270/8000 (global=9270)  loss=4.5485  avg=6.4403  lr=0.000123  B=5  1927ms
  [WB] boundary=93/100  core_diff=2.7981  bin_diff=0.0617  ratio=45.32  prune_act=0.0000
  [WB] structure=10/16 (62%)  opp_sim=0.068
  [WB] BOUNDARY OK | CORE>BIN OK | PRUNE silent OK
    [plan-I] step 6649 W_v approx_rank=17.4 (frob=10.60 max_row=0.61)
    [ortho] step 6649 L0 W_o off_diag=0.21 diag_dev=0.0723
    [plan-I] step 6649 W_v approx_rank=17.4 (frob=10.56 max_row=0.61)
    [ortho] step 6649 L1 W_o off_diag=0.21 diag_dev=0.0725
    [plan-I] step 6649 W_v approx_rank=17.4 (frob=10.67 max_row=0.61)
    [ortho] step 6649 L2 W_o off_diag=0.21 diag_dev=0.0722
    [plan-I] step 6649 W_v approx_rank=17.3 (frob=10.55 max_row=0.61)
    [ortho] step 6649 L3 W_o off_diag=0.21 diag_dev=0.0725
    [plan-I] step 6649 W_v approx_rank=17.1 (frob=10.43 max_row=0.61)
    [ortho] step 6649 L4 W_o off_diag=0.21 diag_dev=0.0727
    [plan-I] step 6649 W_v approx_rank=17.4 (frob=10.70 max_row=0.62)
    [ortho] step 6649 L5 W_o off_diag=0.21 diag_dev=0.0728
    [plan-I] step 6649 W_v approx_rank=17.1 (frob=10.49 max_row=0.61)
    [ortho] step 6649 L6 W_o off_diag=0.21 diag_dev=0.0726
    [plan-I] step 6649 W_v approx_rank=17.1 (frob=10.60 max_row=0.62)
    [ortho] step 6649 L7 W_o off_diag=0.21 diag_dev=0.0726
  [LOGIC] mlp=-1349.1146 attn=-5.2901 div=33.9505
  [TIME] CE=180ms logic_reg=2326ms
  step  5280/8000 (global=9280)  loss=7.2207  avg=6.3352  lr=0.000122  B=7  1927ms
  [WB] boundary=93/100  core_diff=2.7958  bin_diff=0.0618  ratio=45.21  prune_act=0.0000
  [WB] structure=10/16 (62%)  opp_sim=0.068
  [WB] BOUNDARY OK | CORE>BIN OK | PRUNE silent OK
  [LOGIC] mlp=-1350.6808 attn=-5.2939 div=33.9506
  [TIME] CE=156ms logic_reg=2322ms
  step  5290/8000 (global=9290)  loss=4.0219  avg=6.2451  lr=0.000122  B=6  1927ms
  [WB] boundary=93/100  core_diff=2.7971  bin_diff=0.0621  ratio=45.07  prune_act=0.0000
  [WB] structure=10/16 (62%)  opp_sim=0.068
  [WB] BOUNDARY OK | CORE>BIN OK | PRUNE silent OK
  [LOGIC] mlp=-1351.6526 attn=-5.2969 div=33.9505
  [TIME] CE=131ms logic_reg=2316ms
  step  5300/8000 (global=9300)  loss=8.2638  avg=6.3173  lr=0.000121  B=5  1927ms
  [WB] boundary=93/100  core_diff=2.7983  bin_diff=0.0619  ratio=45.23  prune_act=0.0000
  [WB] structure=10/16 (62%)  opp_sim=0.068
  [WB] BOUNDARY OK | CORE>BIN OK | PRUNE silent OK
[*] stateful inference started: window=9996, sinks=4, ctx=10240
[*] sliding window configured: W=9996, sinks=4 (effective context: 10000)
  [TRACE] "热": L0[||x||=8.65 C268(+266.45--10.13) B1076(+9963.90--20.50) P448(max0.000)] L4[||x||=6.00 C268(+1365.94--3.12) B1076(+3433.02--37.95) P448(max0.000)] L7[||x||=6.00 C268(+1018.33--5.76) B1076(+11773.02--17.21) P448(max0.000)] | H=13.14/15 top3=32609 232 235 
  [LOGIC] mlp=-1351.2345 attn=-5.2953 div=33.9505
  [TIME] CE=179ms logic_reg=2395ms
  step  5310/8000 (global=9310)  loss=5.0841  avg=6.3656  lr=0.000120  B=7  1927ms
  [WB] boundary=93/100  core_diff=2.7984  bin_diff=0.0618  ratio=45.30  prune_act=0.0000
  [WB] structure=10/16 (62%)  opp_sim=0.068
  [WB] BOUNDARY OK | CORE>BIN OK | PRUNE silent OK
  [LOGIC] mlp=-1352.0271 attn=-5.2964 div=33.9506
  [TIME] CE=129ms logic_reg=2411ms
  step  5320/8000 (global=9320)  loss=7.1186  avg=6.2817  lr=0.000119  B=5  1927ms
  [WB] boundary=93/100  core_diff=2.7975  bin_diff=0.0616  ratio=45.44  prune_act=0.0000
  [WB] structure=10/16 (62%)  opp_sim=0.068
  [WB] BOUNDARY OK | CORE>BIN OK | PRUNE silent OK
    [plan-I] step 6699 W_v approx_rank=17.4 (frob=10.60 max_row=0.61)
    [ortho] step 6699 L0 W_o off_diag=0.21 diag_dev=0.0723
    [plan-I] step 6699 W_v approx_rank=17.4 (frob=10.56 max_row=0.61)
    [ortho] step 6699 L1 W_o off_diag=0.21 diag_dev=0.0723
    [plan-I] step 6699 W_v approx_rank=17.4 (frob=10.67 max_row=0.61)
    [ortho] step 6699 L2 W_o off_diag=0.21 diag_dev=0.0721
    [plan-I] step 6699 W_v approx_rank=17.3 (frob=10.55 max_row=0.61)
    [ortho] step 6699 L3 W_o off_diag=0.21 diag_dev=0.0723
    [plan-I] step 6699 W_v approx_rank=17.1 (frob=10.43 max_row=0.61)
    [ortho] step 6699 L4 W_o off_diag=0.21 diag_dev=0.0724
    [plan-I] step 6699 W_v approx_rank=17.4 (frob=10.70 max_row=0.62)
    [ortho] step 6699 L5 W_o off_diag=0.21 diag_dev=0.0725
    [plan-I] step 6699 W_v approx_rank=17.1 (frob=10.49 max_row=0.61)
    [ortho] step 6699 L6 W_o off_diag=0.21 diag_dev=0.0723
    [plan-I] step 6699 W_v approx_rank=17.1 (frob=10.60 max_row=0.62)
    [ortho] step 6699 L7 W_o off_diag=0.21 diag_dev=0.0727
  [LOGIC] mlp=-1352.0303 attn=-5.2966 div=33.9507
  [TIME] CE=155ms logic_reg=2338ms
  step  5330/8000 (global=9330)  loss=7.0366  avg=6.2961  lr=0.000118  B=6  1927ms
  [WB] boundary=93/100  core_diff=2.7980  bin_diff=0.0615  ratio=45.52  prune_act=0.0000
  [WB] structure=10/16 (62%)  opp_sim=0.068
  [WB] BOUNDARY OK | CORE>BIN OK | PRUNE silent OK
  [LOGIC] mlp=-1350.2155 attn=-5.2950 div=33.9506
  [TIME] CE=178ms logic_reg=2314ms
  step  5340/8000 (global=9340)  loss=7.3029  avg=6.3484  lr=0.000117  B=7  1927ms
  [WB] boundary=93/100  core_diff=2.8008  bin_diff=0.0618  ratio=45.32  prune_act=0.0000
  [WB] structure=10/16 (62%)  opp_sim=0.068
  [WB] BOUNDARY OK | CORE>BIN OK | PRUNE silent OK
  [LOGIC] mlp=-1350.5240 attn=-5.2962 div=33.9505
  [TIME] CE=155ms logic_reg=2369ms
  step  5350/8000 (global=9350)  loss=6.6108  avg=6.5346  lr=0.000117  B=6  1927ms
  [WB] boundary=93/100  core_diff=2.8029  bin_diff=0.0619  ratio=45.28  prune_act=0.0000
  [WB] structure=10/16 (62%)  opp_sim=0.068
  [WB] BOUNDARY OK | CORE>BIN OK | PRUNE silent OK
[*] stateful inference started: window=9996, sinks=4, ctx=10240
[*] sliding window configured: W=9996, sinks=4 (effective context: 10000)
  [TRACE] "冷": L0[||x||=8.60 C268(+272.13--9.80) B1076(+9932.41--21.60) P448(max0.000)] L4[||x||=6.00 C268(+1404.60--2.81) B1076(+3442.36--38.15) P448(max0.000)] L7[||x||=6.00 C268(+1056.46--5.76) B1076(+11560.89--17.74) P448(max0.000)] | H=13.34/15 top3=32609 31874 165 
  [LOGIC] mlp=-1350.8466 attn=-5.2967 div=33.9504
  [TIME] CE=181ms logic_reg=2600ms
  step  5360/8000 (global=9360)  loss=8.7431  avg=6.5781  lr=0.000116  B=7  1927ms
  [WB] boundary=93/100  core_diff=2.8030  bin_diff=0.0619  ratio=45.28  prune_act=0.0000
  [WB] structure=10/16 (62%)  opp_sim=0.068
  [WB] BOUNDARY OK | CORE>BIN OK | PRUNE silent OK
  [LOGIC] mlp=-1350.7787 attn=-5.2949 div=33.9504
  [TIME] CE=153ms logic_reg=2551ms
  step  5370/8000 (global=9370)  loss=5.8830  avg=6.4744  lr=0.000115  B=6  1927ms
  [WB] boundary=93/100  core_diff=2.8039  bin_diff=0.0621  ratio=45.18  prune_act=0.0000
  [WB] structure=10/16 (62%)  opp_sim=0.068
  [WB] BOUNDARY OK | CORE>BIN OK | PRUNE silent OK
    [plan-I] step 6749 W_v approx_rank=17.4 (frob=10.60 max_row=0.61)
    [ortho] step 6749 L0 W_o off_diag=0.21 diag_dev=0.0724
    [plan-I] step 6749 W_v approx_rank=17.4 (frob=10.56 max_row=0.61)
    [ortho] step 6749 L1 W_o off_diag=0.21 diag_dev=0.0726
    [plan-I] step 6749 W_v approx_rank=17.4 (frob=10.67 max_row=0.61)
    [ortho] step 6749 L2 W_o off_diag=0.21 diag_dev=0.0722
    [plan-I] step 6749 W_v approx_rank=17.3 (frob=10.55 max_row=0.61)
    [ortho] step 6749 L3 W_o off_diag=0.21 diag_dev=0.0725
    [plan-I] step 6749 W_v approx_rank=17.1 (frob=10.43 max_row=0.61)
    [ortho] step 6749 L4 W_o off_diag=0.21 diag_dev=0.0725
    [plan-I] step 6749 W_v approx_rank=17.4 (frob=10.70 max_row=0.62)
    [ortho] step 6749 L5 W_o off_diag=0.21 diag_dev=0.0726
    [plan-I] step 6749 W_v approx_rank=17.1 (frob=10.49 max_row=0.61)
    [ortho] step 6749 L6 W_o off_diag=0.21 diag_dev=0.0724
    [plan-I] step 6749 W_v approx_rank=17.1 (frob=10.60 max_row=0.62)
    [ortho] step 6749 L7 W_o off_diag=0.21 diag_dev=0.0727
  [LOGIC] mlp=-1352.7067 attn=-5.2984 div=33.9504
  [TIME] CE=183ms logic_reg=2390ms
  step  5380/8000 (global=9380)  loss=7.1450  avg=6.5210  lr=0.000114  B=7  1927ms
  [WB] boundary=93/100  core_diff=2.8041  bin_diff=0.0620  ratio=45.20  prune_act=0.0000
  [WB] structure=10/16 (62%)  opp_sim=0.068
  [WB] BOUNDARY OK | CORE>BIN OK | PRUNE silent OK
  [LOGIC] mlp=-1353.1580 attn=-5.2986 div=33.9505
  [TIME] CE=184ms logic_reg=2401ms
  step  5390/8000 (global=9390)  loss=6.2441  avg=6.4074  lr=0.000113  B=7  1927ms
  [WB] boundary=93/100  core_diff=2.8038  bin_diff=0.0619  ratio=45.32  prune_act=0.0000
  [WB] structure=10/16 (62%)  opp_sim=0.068
  [WB] BOUNDARY OK | CORE>BIN OK | PRUNE silent OK
  [LOGIC] mlp=-1352.0531 attn=-5.2957 div=33.9506
  [TIME] CE=106ms logic_reg=2362ms
  step  5400/8000 (global=9400)  loss=5.2300  avg=6.4842  lr=0.000112  B=4  1927ms
  [WB] boundary=93/100  core_diff=2.8040  bin_diff=0.0618  ratio=45.34  prune_act=0.0000
  [WB] structure=10/16 (62%)  opp_sim=0.068
  [WB] BOUNDARY OK | CORE>BIN OK | PRUNE silent OK
[*] stateful inference started: window=9996, sinks=4, ctx=10240
[*] sliding window configured: W=9996, sinks=4 (effective context: 10000)
  [TRACE] "火": L0[||x||=8.46 C268(+300.35--10.06) B1076(+9845.51--23.28) P448(max0.000)] L4[||x||=6.00 C268(+1470.15--2.74) B1076(+3450.94--38.92) P448(max0.000)] L7[||x||=6.00 C268(+1089.88--5.76) B1076(+11385.46--18.34) P448(max0.000)] | H=13.08/15 top3=32609 165 234 
  [LOGIC] mlp=-1351.3058 attn=-5.2937 div=33.9506
  [TIME] CE=131ms logic_reg=2321ms
  step  5410/8000 (global=9410)  loss=8.4157  avg=6.5624  lr=0.000111  B=5  1927ms
  [WB] boundary=93/100  core_diff=2.8044  bin_diff=0.0618  ratio=45.35  prune_act=0.0000
  [WB] structure=10/16 (62%)  opp_sim=0.068
  [WB] BOUNDARY OK | CORE>BIN OK | PRUNE silent OK
  [LOGIC] mlp=-1349.5775 attn=-5.2896 div=33.9504
  [TIME] CE=155ms logic_reg=2324ms
  step  5420/8000 (global=9420)  loss=7.0421  avg=6.6130  lr=0.000111  B=6  1927ms
  [WB] boundary=93/100  core_diff=2.8076  bin_diff=0.0621  ratio=45.18  prune_act=0.0000
  [WB] structure=10/16 (62%)  opp_sim=0.068
  [WB] BOUNDARY OK | CORE>BIN OK | PRUNE silent OK
    [plan-I] step 6799 W_v approx_rank=17.4 (frob=10.60 max_row=0.61)
    [ortho] step 6799 L0 W_o off_diag=0.21 diag_dev=0.0722
    [plan-I] step 6799 W_v approx_rank=17.4 (frob=10.56 max_row=0.61)
    [ortho] step 6799 L1 W_o off_diag=0.21 diag_dev=0.0723
    [plan-I] step 6799 W_v approx_rank=17.4 (frob=10.67 max_row=0.61)
    [ortho] step 6799 L2 W_o off_diag=0.21 diag_dev=0.0720
    [plan-I] step 6799 W_v approx_rank=17.3 (frob=10.55 max_row=0.61)
    [ortho] step 6799 L3 W_o off_diag=0.21 diag_dev=0.0722
    [plan-I] step 6799 W_v approx_rank=17.1 (frob=10.43 max_row=0.61)
    [ortho] step 6799 L4 W_o off_diag=0.21 diag_dev=0.0723
    [plan-I] step 6799 W_v approx_rank=17.4 (frob=10.70 max_row=0.62)
    [ortho] step 6799 L5 W_o off_diag=0.21 diag_dev=0.0726
    [plan-I] step 6799 W_v approx_rank=17.1 (frob=10.49 max_row=0.61)
    [ortho] step 6799 L6 W_o off_diag=0.21 diag_dev=0.0724
    [plan-I] step 6799 W_v approx_rank=17.1 (frob=10.60 max_row=0.62)
    [ortho] step 6799 L7 W_o off_diag=0.21 diag_dev=0.0727
  [LOGIC] mlp=-1350.7799 attn=-5.2897 div=33.9503
  [TIME] CE=330ms logic_reg=2319ms
  step  5430/8000 (global=9430)  loss=4.8091  avg=6.5315  lr=0.000110  B=6  1927ms
  [WB] boundary=93/100  core_diff=2.8091  bin_diff=0.0623  ratio=45.11  prune_act=0.0000
  [WB] structure=10/16 (62%)  opp_sim=0.068
  [WB] BOUNDARY OK | CORE>BIN OK | PRUNE silent OK
  [LOGIC] mlp=-1352.2487 attn=-5.2924 div=33.9502
  [TIME] CE=190ms logic_reg=2335ms
  step  5440/8000 (global=9440)  loss=4.5874  avg=6.5270  lr=0.000109  B=7  1927ms
  [WB] boundary=93/100  core_diff=2.8114  bin_diff=0.0624  ratio=45.03  prune_act=0.0000
  [WB] structure=10/16 (62%)  opp_sim=0.068
  [WB] BOUNDARY OK | CORE>BIN OK | PRUNE silent OK
  [LOGIC] mlp=-1353.0460 attn=-5.2939 div=33.9501
  [TIME] CE=156ms logic_reg=2401ms
  step  5450/8000 (global=9450)  loss=6.0588  avg=6.5216  lr=0.000108  B=6  1927ms
  [WB] boundary=93/100  core_diff=2.8126  bin_diff=0.0625  ratio=45.03  prune_act=0.0000
  [WB] structure=10/16 (62%)  opp_sim=0.068
  [WB] BOUNDARY OK | CORE>BIN OK | PRUNE silent OK
[*] stateful inference started: window=9996, sinks=4, ctx=10240
[*] sliding window configured: W=9996, sinks=4 (effective context: 10000)
  [TRACE] "水": L0[||x||=8.51 C268(+236.37--10.00) B1076(+10002.56--19.05) P448(max0.000)] L4[||x||=6.00 C268(+1430.68--3.23) B1076(+3479.68--37.11) P448(max0.000)] L7[||x||=6.00 C268(+1100.90--5.53) B1076(+11243.31--18.43) P448(max0.000)] | H=13.51/15 top3=165 235 232 
  [LOGIC] mlp=-1353.8718 attn=-5.2951 div=33.9502
  [TIME] CE=131ms logic_reg=2314ms
  step  5460/8000 (global=9460)  loss=8.4137  avg=6.5704  lr=0.000107  B=5  1927ms
  [WB] boundary=93/100  core_diff=2.8128  bin_diff=0.0624  ratio=45.08  prune_act=0.0000
  [WB] structure=10/16 (62%)  opp_sim=0.068
  [WB] BOUNDARY OK | CORE>BIN OK | PRUNE silent OK
  [LOGIC] mlp=-1352.4498 attn=-5.2914 div=33.9503
  [TIME] CE=132ms logic_reg=2317ms
  step  5470/8000 (global=9470)  loss=5.0723  avg=6.4654  lr=0.000107  B=5  1927ms
  [WB] boundary=93/100  core_diff=2.8130  bin_diff=0.0625  ratio=45.02  prune_act=0.0000
  [WB] structure=10/16 (62%)  opp_sim=0.068
  [WB] BOUNDARY OK | CORE>BIN OK | PRUNE silent OK
    [plan-I] step 6849 W_v approx_rank=17.4 (frob=10.60 max_row=0.61)
    [ortho] step 6849 L0 W_o off_diag=0.21 diag_dev=0.0722
    [plan-I] step 6849 W_v approx_rank=17.4 (frob=10.56 max_row=0.61)
    [ortho] step 6849 L1 W_o off_diag=0.21 diag_dev=0.0725
    [plan-I] step 6849 W_v approx_rank=17.4 (frob=10.67 max_row=0.61)
    [ortho] step 6849 L2 W_o off_diag=0.21 diag_dev=0.0722
    [plan-I] step 6849 W_v approx_rank=17.3 (frob=10.55 max_row=0.61)
    [ortho] step 6849 L3 W_o off_diag=0.21 diag_dev=0.0724
    [plan-I] step 6849 W_v approx_rank=17.1 (frob=10.43 max_row=0.61)
    [ortho] step 6849 L4 W_o off_diag=0.21 diag_dev=0.0726
    [plan-I] step 6849 W_v approx_rank=17.4 (frob=10.70 max_row=0.62)
    [ortho] step 6849 L5 W_o off_diag=0.21 diag_dev=0.0727
    [plan-I] step 6849 W_v approx_rank=17.1 (frob=10.49 max_row=0.61)
    [ortho] step 6849 L6 W_o off_diag=0.21 diag_dev=0.0725
    [plan-I] step 6849 W_v approx_rank=17.1 (frob=10.60 max_row=0.62)
    [ortho] step 6849 L7 W_o off_diag=0.21 diag_dev=0.0728
  [LOGIC] mlp=-1353.6552 attn=-5.2920 div=33.9505
  [TIME] CE=106ms logic_reg=2326ms
  step  5480/8000 (global=9480)  loss=7.6704  avg=6.2944  lr=0.000106  B=4  1927ms
  [WB] boundary=93/100  core_diff=2.8116  bin_diff=0.0624  ratio=45.06  prune_act=0.0000
  [WB] structure=10/16 (62%)  opp_sim=0.068
  [WB] BOUNDARY OK | CORE>BIN OK | PRUNE silent OK
  [LOGIC] mlp=-1353.9308 attn=-5.2918 div=33.9505
  [TIME] CE=204ms logic_reg=2447ms
  step  5490/8000 (global=9490)  loss=4.4222  avg=6.4610  lr=0.000105  B=8  1927ms
  [WB] boundary=93/100  core_diff=2.8124  bin_diff=0.0624  ratio=45.05  prune_act=0.0000
  [WB] structure=10/16 (62%)  opp_sim=0.068
  [WB] BOUNDARY OK | CORE>BIN OK | PRUNE silent OK
  [LOGIC] mlp=-1354.2373 attn=-5.2923 div=33.9505
  [TIME] CE=180ms logic_reg=2318ms
  step  5500/8000 (global=9500)  loss=6.5789  avg=6.4628  lr=0.000104  B=7  1927ms
  [WB] boundary=93/100  core_diff=2.8132  bin_diff=0.0625  ratio=45.02  prune_act=0.0000
  [WB] structure=10/16 (62%)  opp_sim=0.068
  [WB] BOUNDARY OK | CORE>BIN OK | PRUNE silent OK
[*] stateful inference started: window=9996, sinks=4, ctx=10240
[*] sliding window configured: W=9996, sinks=4 (effective context: 10000)
  [TRACE] "大": L0[||x||=8.24 C268(+249.35--10.97) B1076(+9635.18--23.64) P448(max0.000)] L4[||x||=6.00 C268(+1580.41--2.77) B1076(+3439.38--39.38) P448(max0.000)] L7[||x||=6.00 C268(+1181.51--5.60) B1076(+10560.53--18.25) P448(max0.000)] | H=13.27/15 top3=165 235 31874 
  [LOGIC] mlp=-1355.2755 attn=-5.2940 div=33.9504
  [TIME] CE=182ms logic_reg=2444ms
  step  5510/8000 (global=9510)  loss=8.3326  avg=6.6141  lr=0.000103  B=7  1927ms
  [WB] boundary=93/100  core_diff=2.8141  bin_diff=0.0625  ratio=45.05  prune_act=0.0000
  [WB] structure=10/16 (62%)  opp_sim=0.068
  [WB] BOUNDARY OK | CORE>BIN OK | PRUNE silent OK
  [LOGIC] mlp=-1354.9441 attn=-5.2931 div=33.9504
  [TIME] CE=129ms logic_reg=2353ms
  step  5520/8000 (global=9520)  loss=4.5991  avg=6.5386  lr=0.000103  B=5  1927ms
  [WB] boundary=93/100  core_diff=2.8146  bin_diff=0.0625  ratio=45.06  prune_act=0.0000
  [WB] structure=10/16 (62%)  opp_sim=0.068
  [WB] BOUNDARY OK | CORE>BIN OK | PRUNE silent OK
    [plan-I] step 6899 W_v approx_rank=17.4 (frob=10.60 max_row=0.61)
    [ortho] step 6899 L0 W_o off_diag=0.21 diag_dev=0.0724
    [plan-I] step 6899 W_v approx_rank=17.4 (frob=10.56 max_row=0.61)
    [ortho] step 6899 L1 W_o off_diag=0.21 diag_dev=0.0725
    [plan-I] step 6899 W_v approx_rank=17.4 (frob=10.67 max_row=0.61)
    [ortho] step 6899 L2 W_o off_diag=0.21 diag_dev=0.0723
    [plan-I] step 6899 W_v approx_rank=17.3 (frob=10.55 max_row=0.61)
    [ortho] step 6899 L3 W_o off_diag=0.21 diag_dev=0.0725
    [plan-I] step 6899 W_v approx_rank=17.1 (frob=10.43 max_row=0.61)
    [ortho] step 6899 L4 W_o off_diag=0.21 diag_dev=0.0726
    [plan-I] step 6899 W_v approx_rank=17.4 (frob=10.70 max_row=0.62)
    [ortho] step 6899 L5 W_o off_diag=0.21 diag_dev=0.0727
    [plan-I] step 6899 W_v approx_rank=17.1 (frob=10.49 max_row=0.61)
    [ortho] step 6899 L6 W_o off_diag=0.21 diag_dev=0.0726
    [plan-I] step 6899 W_v approx_rank=17.1 (frob=10.60 max_row=0.62)
    [ortho] step 6899 L7 W_o off_diag=0.21 diag_dev=0.0727
  [LOGIC] mlp=-1355.0303 attn=-5.2937 div=33.9505
  [TIME] CE=185ms logic_reg=2325ms
  step  5530/8000 (global=9530)  loss=6.6400  avg=6.4136  lr=0.000102  B=7  1927ms
  [WB] boundary=93/100  core_diff=2.8146  bin_diff=0.0624  ratio=45.09  prune_act=0.0000
  [WB] structure=10/16 (62%)  opp_sim=0.068
  [WB] BOUNDARY OK | CORE>BIN OK | PRUNE silent OK
  [LOGIC] mlp=-1355.2296 attn=-5.2935 div=33.9505
  [TIME] CE=105ms logic_reg=2464ms
  step  5540/8000 (global=9540)  loss=5.0413  avg=6.5857  lr=0.000101  B=4  1927ms
  [WB] boundary=93/100  core_diff=2.8154  bin_diff=0.0625  ratio=45.03  prune_act=0.0000
  [WB] structure=10/16 (62%)  opp_sim=0.068
  [WB] BOUNDARY OK | CORE>BIN OK | PRUNE silent OK
  [LOGIC] mlp=-1356.1162 attn=-5.2949 div=33.9506
  [TIME] CE=181ms logic_reg=2313ms
  step  5550/8000 (global=9550)  loss=6.7367  avg=6.6168  lr=0.000100  B=7  1927ms
  [WB] boundary=93/100  core_diff=2.8148  bin_diff=0.0624  ratio=45.12  prune_act=0.0000
  [WB] structure=10/16 (62%)  opp_sim=0.068
  [WB] BOUNDARY OK | CORE>BIN OK | PRUNE silent OK
[*] stateful inference started: window=9996, sinks=4, ctx=10240
[*] sliding window configured: W=9996, sinks=4 (effective context: 10000)
  [TRACE] "小": L0[||x||=8.58 C268(+246.00--10.32) B1076(+9898.18--22.06) P448(max0.000)] L4[||x||=6.00 C268(+1476.91--2.70) B1076(+3516.65--38.37) P448(max0.000)] L7[||x||=6.00 C268(+1119.51--5.68) B1076(+11377.15--18.36) P448(max0.000)] | H=13.29/15 top3=32609 235 165 
  [LOGIC] mlp=-1356.7296 attn=-5.2958 div=33.9505
  [TIME] CE=155ms logic_reg=2348ms
  step  5560/8000 (global=9560)  loss=5.6577  avg=6.6091  lr=0.000099  B=6  1927ms
  [WB] boundary=93/100  core_diff=2.8151  bin_diff=0.0624  ratio=45.12  prune_act=0.0000
  [WB] structure=10/16 (62%)  opp_sim=0.068
  [WB] BOUNDARY OK | CORE>BIN OK | PRUNE silent OK
  [LOGIC] mlp=-1356.8490 attn=-5.2962 div=33.9506
  [TIME] CE=103ms logic_reg=2378ms
  step  5570/8000 (global=9570)  loss=5.5958  avg=6.5078  lr=0.000099  B=4  1927ms
  [WB] boundary=93/100  core_diff=2.8146  bin_diff=0.0624  ratio=45.11  prune_act=0.0000
  [WB] structure=10/16 (62%)  opp_sim=0.068
  [WB] BOUNDARY OK | CORE>BIN OK | PRUNE silent OK
    [plan-I] step 6949 W_v approx_rank=17.4 (frob=10.60 max_row=0.61)
    [ortho] step 6949 L0 W_o off_diag=0.21 diag_dev=0.0724
    [plan-I] step 6949 W_v approx_rank=17.4 (frob=10.56 max_row=0.61)
    [ortho] step 6949 L1 W_o off_diag=0.21 diag_dev=0.0725
    [plan-I] step 6949 W_v approx_rank=17.4 (frob=10.67 max_row=0.61)
    [ortho] step 6949 L2 W_o off_diag=0.21 diag_dev=0.0722
    [plan-I] step 6949 W_v approx_rank=17.3 (frob=10.55 max_row=0.61)
    [ortho] step 6949 L3 W_o off_diag=0.21 diag_dev=0.0724
    [plan-I] step 6949 W_v approx_rank=17.1 (frob=10.43 max_row=0.61)
    [ortho] step 6949 L4 W_o off_diag=0.21 diag_dev=0.0725
    [plan-I] step 6949 W_v approx_rank=17.4 (frob=10.70 max_row=0.62)
    [ortho] step 6949 L5 W_o off_diag=0.21 diag_dev=0.0727
    [plan-I] step 6949 W_v approx_rank=17.1 (frob=10.49 max_row=0.61)
    [ortho] step 6949 L6 W_o off_diag=0.21 diag_dev=0.0725
    [plan-I] step 6949 W_v approx_rank=17.1 (frob=10.60 max_row=0.62)
    [ortho] step 6949 L7 W_o off_diag=0.21 diag_dev=0.0728
  [LOGIC] mlp=-1356.2487 attn=-5.2955 div=33.9506
  [TIME] CE=191ms logic_reg=2345ms
  step  5580/8000 (global=9580)  loss=6.4078  avg=6.5061  lr=0.000098  B=7  1927ms
  [WB] boundary=93/100  core_diff=2.8149  bin_diff=0.0624  ratio=45.08  prune_act=0.0000
  [WB] structure=10/16 (62%)  opp_sim=0.068
  [WB] BOUNDARY OK | CORE>BIN OK | PRUNE silent OK
  [LOGIC] mlp=-1356.4246 attn=-5.2953 div=33.9506
  [TIME] CE=159ms logic_reg=2316ms
  step  5590/8000 (global=9590)  loss=7.6905  avg=6.8010  lr=0.000097  B=6  1927ms
  [WB] boundary=93/100  core_diff=2.8152  bin_diff=0.0624  ratio=45.09  prune_act=0.0000
  [WB] structure=10/16 (62%)  opp_sim=0.068
  [WB] BOUNDARY OK | CORE>BIN OK | PRUNE silent OK
  [LOGIC] mlp=-1356.5751 attn=-5.2943 div=33.9506
  [TIME] CE=106ms logic_reg=2314ms
  step  5600/8000 (global=9600)  loss=7.6776  avg=6.7659  lr=0.000096  B=4  1927ms
  [WB] boundary=93/100  core_diff=2.8159  bin_diff=0.0623  ratio=45.17  prune_act=0.0000
  [WB] structure=10/16 (62%)  opp_sim=0.068
  [WB] BOUNDARY OK | CORE>BIN OK | PRUNE silent OK
[*] stateful inference started: window=9996, sinks=4, ctx=10240
[*] sliding window configured: W=9996, sinks=4 (effective context: 10000)
  [TRACE] "热": L0[||x||=8.70 C268(+264.58--9.79) B1076(+9982.34--21.32) P448(max0.000)] L4[||x||=6.00 C268(+1456.27--2.85) B1076(+3575.49--37.52) P448(max0.000)] L7[||x||=6.00 C268(+1098.22--5.50) B1076(+11634.40--18.23) P448(max0.000)] | H=13.43/15 top3=165 32609 31874 
  [LOGIC] mlp=-1357.5399 attn=-5.2964 div=33.9505
  [TIME] CE=132ms logic_reg=2325ms
  step  5610/8000 (global=9610)  loss=7.5391  avg=6.7165  lr=0.000095  B=5  1927ms
  [WB] boundary=93/100  core_diff=2.8178  bin_diff=0.0624  ratio=45.18  prune_act=0.0000
  [WB] structure=10/16 (62%)  opp_sim=0.068
  [WB] BOUNDARY OK | CORE>BIN OK | PRUNE silent OK
  [LOGIC] mlp=-1358.8336 attn=-5.3002 div=33.9504
  [TIME] CE=131ms logic_reg=2371ms
  step  5620/8000 (global=9620)  loss=7.2979  avg=6.4220  lr=0.000095  B=5  1927ms
  [WB] boundary=93/100  core_diff=2.8180  bin_diff=0.0622  ratio=45.30  prune_act=0.0000
  [WB] structure=10/16 (62%)  opp_sim=0.068
  [WB] BOUNDARY OK | CORE>BIN OK | PRUNE silent OK
    [plan-I] step 6999 W_v approx_rank=17.4 (frob=10.60 max_row=0.61)
    [ortho] step 6999 L0 W_o off_diag=0.21 diag_dev=0.0724
    [plan-I] step 6999 W_v approx_rank=17.4 (frob=10.56 max_row=0.61)
    [ortho] step 6999 L1 W_o off_diag=0.21 diag_dev=0.0725
    [plan-I] step 6999 W_v approx_rank=17.4 (frob=10.67 max_row=0.61)
    [ortho] step 6999 L2 W_o off_diag=0.21 diag_dev=0.0723
    [plan-I] step 6999 W_v approx_rank=17.3 (frob=10.55 max_row=0.61)
    [ortho] step 6999 L3 W_o off_diag=0.21 diag_dev=0.0725
    [plan-I] step 6999 W_v approx_rank=17.1 (frob=10.43 max_row=0.61)
    [ortho] step 6999 L4 W_o off_diag=0.21 diag_dev=0.0726
    [plan-I] step 6999 W_v approx_rank=17.4 (frob=10.70 max_row=0.62)
    [ortho] step 6999 L5 W_o off_diag=0.21 diag_dev=0.0728
    [plan-I] step 6999 W_v approx_rank=17.1 (frob=10.49 max_row=0.61)
    [ortho] step 6999 L6 W_o off_diag=0.21 diag_dev=0.0726
    [plan-I] step 6999 W_v approx_rank=17.1 (frob=10.60 max_row=0.62)
    [ortho] step 6999 L7 W_o off_diag=0.21 diag_dev=0.0728
  [LOGIC] mlp=-1359.3580 attn=-5.3010 div=33.9505
  [TIME] CE=129ms logic_reg=2319ms
  step  5630/8000 (global=9630)  loss=5.4876  avg=6.4554  lr=0.000094  B=5  1927ms
  [WB] boundary=93/100  core_diff=2.8182  bin_diff=0.0621  ratio=45.37  prune_act=0.0000
  [WB] structure=10/16 (62%)  opp_sim=0.068
  [WB] BOUNDARY OK | CORE>BIN OK | PRUNE silent OK
  [LOGIC] mlp=-1358.0955 attn=-5.2980 div=33.9505
  [TIME] CE=130ms logic_reg=2445ms
  step  5640/8000 (global=9640)  loss=5.8257  avg=6.5870  lr=0.000093  B=5  1927ms
  [WB] boundary=93/100  core_diff=2.8200  bin_diff=0.0622  ratio=45.31  prune_act=0.0000
  [WB] structure=10/16 (62%)  opp_sim=0.068
  [WB] BOUNDARY OK | CORE>BIN OK | PRUNE silent OK
  [LOGIC] mlp=-1358.1923 attn=-5.2964 div=33.9505
  [TIME] CE=130ms logic_reg=2414ms
  step  5650/8000 (global=9650)  loss=6.1658  avg=6.4863  lr=0.000092  B=5  1927ms
  [WB] boundary=93/100  core_diff=2.8208  bin_diff=0.0624  ratio=45.19  prune_act=0.0000
  [WB] structure=10/16 (62%)  opp_sim=0.068
  [WB] BOUNDARY OK | CORE>BIN OK | PRUNE silent OK
[*] stateful inference started: window=9996, sinks=4, ctx=10240
[*] sliding window configured: W=9996, sinks=4 (effective context: 10000)
  [TRACE] "冷": L0[||x||=8.64 C268(+275.25--9.67) B1076(+9936.50--22.69) P448(max0.000)] L4[||x||=6.00 C268(+1463.46--2.69) B1076(+3568.60--38.41) P448(max0.000)] L7[||x||=6.00 C268(+1118.29--5.50) B1076(+11643.88--18.39) P448(max0.000)] | H=13.30/15 top3=32609 165 31874 
  [LOGIC] mlp=-1358.5829 attn=-5.2960 div=33.9505
  [TIME] CE=136ms logic_reg=2350ms
  step  5660/8000 (global=9660)  loss=3.2260  avg=6.3923  lr=0.000092  B=5  1927ms
  [WB] boundary=93/100  core_diff=2.8222  bin_diff=0.0625  ratio=45.13  prune_act=0.0000
  [WB] structure=10/16 (62%)  opp_sim=0.068
  [WB] BOUNDARY OK | CORE>BIN OK | PRUNE silent OK
  [LOGIC] mlp=-1359.5735 attn=-5.2988 div=33.9505
  [TIME] CE=153ms logic_reg=2552ms
  step  5670/8000 (global=9670)  loss=4.4859  avg=6.2811  lr=0.000091  B=6  1927ms
  [WB] boundary=93/100  core_diff=2.8227  bin_diff=0.0625  ratio=45.17  prune_act=0.0000
  [WB] structure=10/16 (62%)  opp_sim=0.068
  [WB] BOUNDARY OK | CORE>BIN OK | PRUNE silent OK
    [plan-I] step 7049 W_v approx_rank=17.4 (frob=10.60 max_row=0.61)
    [ortho] step 7049 L0 W_o off_diag=0.21 diag_dev=0.0725
    [plan-I] step 7049 W_v approx_rank=17.4 (frob=10.56 max_row=0.61)
    [ortho] step 7049 L1 W_o off_diag=0.21 diag_dev=0.0726
    [plan-I] step 7049 W_v approx_rank=17.4 (frob=10.67 max_row=0.61)
    [ortho] step 7049 L2 W_o off_diag=0.21 diag_dev=0.0723
    [plan-I] step 7049 W_v approx_rank=17.3 (frob=10.55 max_row=0.61)
    [ortho] step 7049 L3 W_o off_diag=0.21 diag_dev=0.0725
    [plan-I] step 7049 W_v approx_rank=17.1 (frob=10.43 max_row=0.61)
    [ortho] step 7049 L4 W_o off_diag=0.21 diag_dev=0.0727
    [plan-I] step 7049 W_v approx_rank=17.4 (frob=10.70 max_row=0.62)
    [ortho] step 7049 L5 W_o off_diag=0.21 diag_dev=0.0728
    [plan-I] step 7049 W_v approx_rank=17.1 (frob=10.49 max_row=0.61)
    [ortho] step 7049 L6 W_o off_diag=0.21 diag_dev=0.0727
    [plan-I] step 7049 W_v approx_rank=17.1 (frob=10.60 max_row=0.62)
    [ortho] step 7049 L7 W_o off_diag=0.21 diag_dev=0.0728
  [LOGIC] mlp=-1359.8005 attn=-5.2982 div=33.9507
  [TIME] CE=154ms logic_reg=2458ms
  step  5680/8000 (global=9680)  loss=5.1521  avg=6.3566  lr=0.000090  B=6  1927ms
  [WB] boundary=93/100  core_diff=2.8215  bin_diff=0.0625  ratio=45.18  prune_act=0.0000
  [WB] structure=10/16 (62%)  opp_sim=0.068
  [WB] BOUNDARY OK | CORE>BIN OK | PRUNE silent OK
  [LOGIC] mlp=-1359.1359 attn=-5.2967 div=33.9507
  [TIME] CE=155ms logic_reg=2374ms
  step  5690/8000 (global=9690)  loss=3.4696  avg=6.4692  lr=0.000089  B=6  1927ms
  [WB] boundary=93/100  core_diff=2.8218  bin_diff=0.0624  ratio=45.19  prune_act=0.0000
  [WB] structure=10/16 (62%)  opp_sim=0.068
  [WB] BOUNDARY OK | CORE>BIN OK | PRUNE silent OK
  [LOGIC] mlp=-1358.8479 attn=-5.2969 div=33.9507
  [TIME] CE=129ms logic_reg=2313ms
  step  5700/8000 (global=9700)  loss=4.7585  avg=6.3013  lr=0.000089  B=5  1927ms
  [WB] boundary=93/100  core_diff=2.8224  bin_diff=0.0625  ratio=45.19  prune_act=0.0000
  [WB] structure=10/16 (62%)  opp_sim=0.068
  [WB] BOUNDARY OK | CORE>BIN OK | PRUNE silent OK
[*] stateful inference started: window=9996, sinks=4, ctx=10240
[*] sliding window configured: W=9996, sinks=4 (effective context: 10000)
  [TRACE] "火": L0[||x||=8.50 C268(+310.09--9.93) B1076(+9824.52--24.77) P448(max0.000)] L4[||x||=6.00 C268(+1556.21--2.84) B1076(+3552.12--40.14) P448(max0.000)] L7[||x||=6.00 C268(+1171.31--5.39) B1076(+11307.16--18.45) P448(max0.000)] | H=13.00/15 top3=32609 234 235 
  [LOGIC] mlp=-1359.0413 attn=-5.2954 div=33.9508
  [TIME] CE=154ms logic_reg=2392ms
  step  5710/8000 (global=9710)  loss=4.4542  avg=6.3144  lr=0.000088  B=6  1926ms
  [WB] boundary=93/100  core_diff=2.8214  bin_diff=0.0624  ratio=45.21  prune_act=0.0000
  [WB] structure=10/16 (62%)  opp_sim=0.068
  [WB] BOUNDARY OK | CORE>BIN OK | PRUNE silent OK
  [LOGIC] mlp=-1359.1271 attn=-5.2951 div=33.9509
  [TIME] CE=82ms logic_reg=2320ms
  step  5720/8000 (global=9720)  loss=9.2551  avg=6.2704  lr=0.000087  B=3  1927ms
  [WB] boundary=93/100  core_diff=2.8217  bin_diff=0.0625  ratio=45.15  prune_act=0.0000
  [WB] structure=10/16 (62%)  opp_sim=0.068
  [WB] BOUNDARY OK | CORE>BIN OK | PRUNE silent OK
    [plan-I] step 7099 W_v approx_rank=17.4 (frob=10.60 max_row=0.61)
    [ortho] step 7099 L0 W_o off_diag=0.21 diag_dev=0.0725
    [plan-I] step 7099 W_v approx_rank=17.4 (frob=10.56 max_row=0.61)
    [ortho] step 7099 L1 W_o off_diag=0.21 diag_dev=0.0727
    [plan-I] step 7099 W_v approx_rank=17.4 (frob=10.67 max_row=0.61)
    [ortho] step 7099 L2 W_o off_diag=0.21 diag_dev=0.0724
    [plan-I] step 7099 W_v approx_rank=17.3 (frob=10.55 max_row=0.61)
    [ortho] step 7099 L3 W_o off_diag=0.21 diag_dev=0.0726
    [plan-I] step 7099 W_v approx_rank=17.1 (frob=10.43 max_row=0.61)
    [ortho] step 7099 L4 W_o off_diag=0.21 diag_dev=0.0727
    [plan-I] step 7099 W_v approx_rank=17.4 (frob=10.70 max_row=0.62)
    [ortho] step 7099 L5 W_o off_diag=0.21 diag_dev=0.0728
    [plan-I] step 7099 W_v approx_rank=17.1 (frob=10.49 max_row=0.61)
    [ortho] step 7099 L6 W_o off_diag=0.21 diag_dev=0.0726
    [plan-I] step 7099 W_v approx_rank=17.1 (frob=10.60 max_row=0.62)
    [ortho] step 7099 L7 W_o off_diag=0.21 diag_dev=0.0730
  [LOGIC] mlp=-1360.4376 attn=-5.2973 div=33.9509
  [TIME] CE=154ms logic_reg=2511ms
  step  5730/8000 (global=9730)  loss=6.9137  avg=6.4046  lr=0.000086  B=6  1927ms
  [WB] boundary=93/100  core_diff=2.8216  bin_diff=0.0625  ratio=45.14  prune_act=0.0000
  [WB] structure=10/16 (62%)  opp_sim=0.068
  [WB] BOUNDARY OK | CORE>BIN OK | PRUNE silent OK
  [LOGIC] mlp=-1360.4000 attn=-5.2958 div=33.9510
  [TIME] CE=133ms logic_reg=2317ms
  step  5740/8000 (global=9740)  loss=6.2008  avg=6.4592  lr=0.000086  B=5  1926ms
  [WB] boundary=93/100  core_diff=2.8212  bin_diff=0.0625  ratio=45.10  prune_act=0.0000
  [WB] structure=10/16 (62%)  opp_sim=0.068
  [WB] BOUNDARY OK | CORE>BIN OK | PRUNE silent OK
  [LOGIC] mlp=-1359.8728 attn=-5.2945 div=33.9511
  [TIME] CE=181ms logic_reg=2315ms
  step  5750/8000 (global=9750)  loss=9.7103  avg=6.4086  lr=0.000085  B=7  1926ms
  [WB] boundary=93/100  core_diff=2.8211  bin_diff=0.0627  ratio=45.01  prune_act=0.0000
  [WB] structure=10/16 (62%)  opp_sim=0.068
  [WB] BOUNDARY OK | CORE>BIN OK | PRUNE silent OK
[*] stateful inference started: window=9996, sinks=4, ctx=10240
[*] sliding window configured: W=9996, sinks=4 (effective context: 10000)
  [TRACE] "水": L0[||x||=8.55 C268(+238.59--9.87) B1076(+10062.99--19.59) P448(max0.000)] L4[||x||=6.00 C268(+1472.56--2.94) B1076(+3630.82--37.32) P448(max0.000)] L7[||x||=6.00 C268(+1136.31--5.47) B1076(+11752.27--18.39) P448(max0.000)] | H=13.35/15 top3=232 165 235 
  [LOGIC] mlp=-1360.6345 attn=-5.2959 div=33.9510
  [TIME] CE=153ms logic_reg=2537ms
  step  5760/8000 (global=9760)  loss=5.4500  avg=6.4625  lr=0.000084  B=6  1927ms
  [WB] boundary=93/100  core_diff=2.8214  bin_diff=0.0627  ratio=45.01  prune_act=0.0000
  [WB] structure=10/16 (62%)  opp_sim=0.068
  [WB] BOUNDARY OK | CORE>BIN OK | PRUNE silent OK
  [LOGIC] mlp=-1361.4208 attn=-5.2964 div=33.9511
  [TIME] CE=131ms logic_reg=2318ms
  step  5770/8000 (global=9770)  loss=5.3042  avg=6.5091  lr=0.000083  B=5  1926ms
  [WB] boundary=93/100  core_diff=2.8202  bin_diff=0.0626  ratio=45.06  prune_act=0.0000
  [WB] structure=10/16 (62%)  opp_sim=0.068
  [WB] BOUNDARY OK | CORE>BIN OK | PRUNE silent OK
    [plan-I] step 7149 W_v approx_rank=17.4 (frob=10.60 max_row=0.61)
    [ortho] step 7149 L0 W_o off_diag=0.21 diag_dev=0.0725
    [plan-I] step 7149 W_v approx_rank=17.4 (frob=10.56 max_row=0.61)
    [ortho] step 7149 L1 W_o off_diag=0.21 diag_dev=0.0727
    [plan-I] step 7149 W_v approx_rank=17.4 (frob=10.67 max_row=0.61)
    [ortho] step 7149 L2 W_o off_diag=0.21 diag_dev=0.0724
    [plan-I] step 7149 W_v approx_rank=17.3 (frob=10.55 max_row=0.61)
    [ortho] step 7149 L3 W_o off_diag=0.21 diag_dev=0.0726
    [plan-I] step 7149 W_v approx_rank=17.1 (frob=10.43 max_row=0.61)
    [ortho] step 7149 L4 W_o off_diag=0.21 diag_dev=0.0728
    [plan-I] step 7149 W_v approx_rank=17.4 (frob=10.70 max_row=0.62)
    [ortho] step 7149 L5 W_o off_diag=0.21 diag_dev=0.0729
    [plan-I] step 7149 W_v approx_rank=17.1 (frob=10.49 max_row=0.61)
    [ortho] step 7149 L6 W_o off_diag=0.21 diag_dev=0.0727
    [plan-I] step 7149 W_v approx_rank=17.1 (frob=10.60 max_row=0.62)
    [ortho] step 7149 L7 W_o off_diag=0.21 diag_dev=0.0728
  [LOGIC] mlp=-1360.8835 attn=-5.2927 div=33.9513
  [TIME] CE=178ms logic_reg=2315ms
  step  5780/8000 (global=9780)  loss=6.7576  avg=6.4949  lr=0.000083  B=7  1926ms
  [WB] boundary=93/100  core_diff=2.8186  bin_diff=0.0625  ratio=45.06  prune_act=0.0000
  [WB] structure=10/16 (62%)  opp_sim=0.068
  [WB] BOUNDARY OK | CORE>BIN OK | PRUNE silent OK
  [LOGIC] mlp=-1359.4633 attn=-5.2891 div=33.9514
  [TIME] CE=161ms logic_reg=2404ms
  step  5790/8000 (global=9790)  loss=5.9177  avg=6.2830  lr=0.000082  B=6  1926ms
  [WB] boundary=93/100  core_diff=2.8183  bin_diff=0.0626  ratio=45.03  prune_act=0.0000
  [WB] structure=10/16 (62%)  opp_sim=0.068
  [WB] BOUNDARY OK | CORE>BIN OK | PRUNE silent OK
  [LOGIC] mlp=-1359.2047 attn=-5.2881 div=33.9515
  [TIME] CE=178ms logic_reg=2367ms
  step  5800/8000 (global=9800)  loss=6.9521  avg=6.2730  lr=0.000081  B=7  1926ms
  [WB] boundary=93/100  core_diff=2.8184  bin_diff=0.0626  ratio=45.00  prune_act=0.0000
  [WB] structure=10/16 (62%)  opp_sim=0.068
  [WB] BOUNDARY OK | CORE>BIN OK | PRUNE silent OK
[*] stateful inference started: window=9996, sinks=4, ctx=10240
[*] sliding window configured: W=9996, sinks=4 (effective context: 10000)
  [TRACE] "大": L0[||x||=8.29 C268(+257.21--10.79) B1076(+9693.34--24.79) P448(max0.000)] L4[||x||=6.00 C268(+1621.72--2.33) B1076(+3605.36--39.85) P448(max0.000)] L7[||x||=6.00 C268(+1210.24--5.36) B1076(+11226.88--17.95) P448(max0.000)] | H=13.06/15 top3=165 234 31874 
  [LOGIC] mlp=-1360.1584 attn=-5.2890 div=33.9515
  [TIME] CE=129ms logic_reg=2455ms
  step  5810/8000 (global=9810)  loss=7.5015  avg=6.4146  lr=0.000081  B=5  1926ms
  [WB] boundary=93/100  core_diff=2.8184  bin_diff=0.0627  ratio=44.96  prune_act=0.0000
  [WB] structure=10/16 (62%)  opp_sim=0.068
  [WB] BOUNDARY OK | CORE>BIN OK | PRUNE silent OK
  [LOGIC] mlp=-1360.7753 attn=-5.2901 div=33.9515
  [TIME] CE=130ms logic_reg=2447ms
  step  5820/8000 (global=9820)  loss=7.1688  avg=6.3528  lr=0.000080  B=5  1926ms
  [WB] boundary=93/100  core_diff=2.8201  bin_diff=0.0628  ratio=44.91  prune_act=0.0000
  [WB] structure=10/16 (62%)  opp_sim=0.068
  [WB] BOUNDARY OK | CORE>BIN OK | PRUNE silent OK
    [plan-I] step 7199 W_v approx_rank=17.4 (frob=10.60 max_row=0.61)
    [ortho] step 7199 L0 W_o off_diag=0.21 diag_dev=0.0726
    [plan-I] step 7199 W_v approx_rank=17.4 (frob=10.56 max_row=0.61)
    [ortho] step 7199 L1 W_o off_diag=0.21 diag_dev=0.0727
    [plan-I] step 7199 W_v approx_rank=17.4 (frob=10.67 max_row=0.61)
    [ortho] step 7199 L2 W_o off_diag=0.21 diag_dev=0.0724
    [plan-I] step 7199 W_v approx_rank=17.3 (frob=10.55 max_row=0.61)
    [ortho] step 7199 L3 W_o off_diag=0.21 diag_dev=0.0725
    [plan-I] step 7199 W_v approx_rank=17.1 (frob=10.43 max_row=0.61)
    [ortho] step 7199 L4 W_o off_diag=0.21 diag_dev=0.0727
    [plan-I] step 7199 W_v approx_rank=17.4 (frob=10.70 max_row=0.62)
    [ortho] step 7199 L5 W_o off_diag=0.21 diag_dev=0.0727
    [plan-I] step 7199 W_v approx_rank=17.1 (frob=10.49 max_row=0.61)
    [ortho] step 7199 L6 W_o off_diag=0.21 diag_dev=0.0726
    [plan-I] step 7199 W_v approx_rank=17.1 (frob=10.60 max_row=0.62)
    [ortho] step 7199 L7 W_o off_diag=0.21 diag_dev=0.0730
  [LOGIC] mlp=-1358.9987 attn=-5.2871 div=33.9514
  [TIME] CE=162ms logic_reg=2336ms
  step  5830/8000 (global=9830)  loss=5.1981  avg=6.4385  lr=0.000079  B=6  1926ms
  [WB] boundary=93/100  core_diff=2.8227  bin_diff=0.0629  ratio=44.88  prune_act=0.0000
  [WB] structure=10/16 (62%)  opp_sim=0.068
  [WB] BOUNDARY OK | CORE>BIN OK | PRUNE silent OK
  [LOGIC] mlp=-1358.9783 attn=-5.2863 div=33.9512
  [TIME] CE=184ms logic_reg=2523ms
  step  5840/8000 (global=9840)  loss=7.3234  avg=6.3874  lr=0.000078  B=7  1926ms
  [WB] boundary=93/100  core_diff=2.8250  bin_diff=0.0630  ratio=44.83  prune_act=0.0000
  [WB] structure=10/16 (62%)  opp_sim=0.068
  [WB] BOUNDARY OK | CORE>BIN OK | PRUNE silent OK
  [LOGIC] mlp=-1360.2208 attn=-5.2874 div=33.9511
  [TIME] CE=158ms logic_reg=2318ms
  step  5850/8000 (global=9850)  loss=7.8491  avg=6.5321  lr=0.000078  B=6  1926ms
  [WB] boundary=93/100  core_diff=2.8265  bin_diff=0.0631  ratio=44.78  prune_act=0.0000
  [WB] structure=10/16 (62%)  opp_sim=0.068
  [WB] BOUNDARY OK | CORE>BIN OK | PRUNE silent OK
[*] stateful inference started: window=9996, sinks=4, ctx=10240
[*] sliding window configured: W=9996, sinks=4 (effective context: 10000)
  [TRACE] "小": L0[||x||=8.61 C268(+249.18--10.23) B1076(+9940.38--22.69) P448(max0.000)] L4[||x||=6.00 C268(+1578.32--2.32) B1076(+3665.47--38.71) P448(max0.000)] L7[||x||=6.00 C268(+1184.41--5.65) B1076(+11394.40--18.20) P448(max0.000)] | H=13.30/15 top3=31874 165 235 
  [LOGIC] mlp=-1361.6807 attn=-5.2901 div=33.9511
  [TIME] CE=158ms logic_reg=2316ms
  step  5860/8000 (global=9860)  loss=8.3595  avg=6.6291  lr=0.000077  B=6  1926ms
  [WB] boundary=93/100  core_diff=2.8271  bin_diff=0.0632  ratio=44.77  prune_act=0.0000
  [WB] structure=10/16 (62%)  opp_sim=0.068
  [WB] BOUNDARY OK | CORE>BIN OK | PRUNE silent OK
  [LOGIC] mlp=-1361.9574 attn=-5.2909 div=33.9510
  [TIME] CE=159ms logic_reg=2469ms
  step  5870/8000 (global=9870)  loss=4.9800  avg=6.5850  lr=0.000076  B=6  1926ms
  [WB] boundary=93/100  core_diff=2.8280  bin_diff=0.0632  ratio=44.77  prune_act=0.0000
  [WB] structure=10/16 (62%)  opp_sim=0.068
  [WB] BOUNDARY OK | CORE>BIN OK | PRUNE silent OK
    [plan-I] step 7249 W_v approx_rank=17.4 (frob=10.60 max_row=0.61)
    [ortho] step 7249 L0 W_o off_diag=0.21 diag_dev=0.0726
    [plan-I] step 7249 W_v approx_rank=17.4 (frob=10.56 max_row=0.61)
    [ortho] step 7249 L1 W_o off_diag=0.21 diag_dev=0.0728
    [plan-I] step 7249 W_v approx_rank=17.4 (frob=10.67 max_row=0.61)
    [ortho] step 7249 L2 W_o off_diag=0.21 diag_dev=0.0724
    [plan-I] step 7249 W_v approx_rank=17.3 (frob=10.55 max_row=0.61)
    [ortho] step 7249 L3 W_o off_diag=0.21 diag_dev=0.0727
    [plan-I] step 7249 W_v approx_rank=17.1 (frob=10.43 max_row=0.61)
    [ortho] step 7249 L4 W_o off_diag=0.21 diag_dev=0.0728
    [plan-I] step 7249 W_v approx_rank=17.4 (frob=10.70 max_row=0.62)
    [ortho] step 7249 L5 W_o off_diag=0.21 diag_dev=0.0729
    [plan-I] step 7249 W_v approx_rank=17.1 (frob=10.49 max_row=0.61)
    [ortho] step 7249 L6 W_o off_diag=0.21 diag_dev=0.0728
    [plan-I] step 7249 W_v approx_rank=17.1 (frob=10.60 max_row=0.62)
    [ortho] step 7249 L7 W_o off_diag=0.21 diag_dev=0.0729
  [LOGIC] mlp=-1362.2074 attn=-5.2902 div=33.9512
  [TIME] CE=248ms logic_reg=2314ms
  step  5880/8000 (global=9880)  loss=7.8721  avg=6.5608  lr=0.000076  B=7  1926ms
  [WB] boundary=93/100  core_diff=2.8266  bin_diff=0.0631  ratio=44.77  prune_act=0.0000
  [WB] structure=10/16 (62%)  opp_sim=0.068
  [WB] BOUNDARY OK | CORE>BIN OK | PRUNE silent OK
  [LOGIC] mlp=-1362.4219 attn=-5.2887 div=33.9513
  [TIME] CE=207ms logic_reg=2461ms
  step  5890/8000 (global=9890)  loss=3.0047  avg=6.4281  lr=0.000075  B=8  1926ms
  [WB] boundary=93/100  core_diff=2.8253  bin_diff=0.0632  ratio=44.73  prune_act=0.0000
  [WB] structure=10/16 (62%)  opp_sim=0.068
  [WB] BOUNDARY OK | CORE>BIN OK | PRUNE silent OK
  [LOGIC] mlp=-1362.0312 attn=-5.2861 div=33.9515
  [TIME] CE=132ms logic_reg=2522ms
  step  5900/8000 (global=9900)  loss=7.6519  avg=6.6183  lr=0.000074  B=5  1926ms
  [WB] boundary=93/100  core_diff=2.8244  bin_diff=0.0632  ratio=44.72  prune_act=0.0000
  [WB] structure=10/16 (62%)  opp_sim=0.068
  [WB] BOUNDARY OK | CORE>BIN OK | PRUNE silent OK
[*] stateful inference started: window=9996, sinks=4, ctx=10240
[*] sliding window configured: W=9996, sinks=4 (effective context: 10000)
  [TRACE] "热": L0[||x||=8.74 C268(+271.10--9.59) B1076(+10044.32--22.00) P448(max0.000)] L4[||x||=6.00 C268(+1520.28--2.51) B1076(+3735.95--37.78) P448(max0.000)] L7[||x||=6.00 C268(+1144.98--6.36) B1076(+12030.21--18.21) P448(max0.000)] | H=13.19/15 top3=165 31874 236 
  [LOGIC] mlp=-1362.5129 attn=-5.2863 div=33.9515
  [TIME] CE=184ms logic_reg=2386ms
  step  5910/8000 (global=9910)  loss=5.0738  avg=6.6284  lr=0.000074  B=7  1926ms
  [WB] boundary=93/100  core_diff=2.8236  bin_diff=0.0631  ratio=44.77  prune_act=0.0000
  [WB] structure=10/16 (62%)  opp_sim=0.068
  [WB] BOUNDARY OK | CORE>BIN OK | PRUNE silent OK
  [LOGIC] mlp=-1363.2281 attn=-5.2877 div=33.9516
  [TIME] CE=140ms logic_reg=2428ms
  step  5920/8000 (global=9920)  loss=9.7355  avg=6.7503  lr=0.000073  B=5  1926ms
  [WB] boundary=93/100  core_diff=2.8232  bin_diff=0.0631  ratio=44.77  prune_act=0.0000
  [WB] structure=10/16 (62%)  opp_sim=0.068
  [WB] BOUNDARY OK | CORE>BIN OK | PRUNE silent OK
    [plan-I] step 7299 W_v approx_rank=17.4 (frob=10.60 max_row=0.61)
    [ortho] step 7299 L0 W_o off_diag=0.21 diag_dev=0.0727
    [plan-I] step 7299 W_v approx_rank=17.4 (frob=10.56 max_row=0.61)
    [ortho] step 7299 L1 W_o off_diag=0.21 diag_dev=0.0728
    [plan-I] step 7299 W_v approx_rank=17.4 (frob=10.67 max_row=0.61)
    [ortho] step 7299 L2 W_o off_diag=0.21 diag_dev=0.0725
    [plan-I] step 7299 W_v approx_rank=17.3 (frob=10.55 max_row=0.61)
    [ortho] step 7299 L3 W_o off_diag=0.21 diag_dev=0.0727
    [plan-I] step 7299 W_v approx_rank=17.1 (frob=10.43 max_row=0.61)
    [ortho] step 7299 L4 W_o off_diag=0.21 diag_dev=0.0728
    [plan-I] step 7299 W_v approx_rank=17.4 (frob=10.70 max_row=0.62)
    [ortho] step 7299 L5 W_o off_diag=0.21 diag_dev=0.0729
    [plan-I] step 7299 W_v approx_rank=17.1 (frob=10.49 max_row=0.61)
    [ortho] step 7299 L6 W_o off_diag=0.21 diag_dev=0.0727
    [plan-I] step 7299 W_v approx_rank=17.1 (frob=10.60 max_row=0.62)
    [ortho] step 7299 L7 W_o off_diag=0.21 diag_dev=0.0730
  [LOGIC] mlp=-1363.7217 attn=-5.2893 div=33.9516
  [TIME] CE=130ms logic_reg=2388ms
  step  5930/8000 (global=9930)  loss=7.6200  avg=6.6626  lr=0.000072  B=5  1926ms
  [WB] boundary=93/100  core_diff=2.8236  bin_diff=0.0631  ratio=44.78  prune_act=0.0000
  [WB] structure=10/16 (62%)  opp_sim=0.068
  [WB] BOUNDARY OK | CORE>BIN OK | PRUNE silent OK
  [LOGIC] mlp=-1363.0129 attn=-5.2874 div=33.9517
  [TIME] CE=162ms logic_reg=2351ms
  step  5940/8000 (global=9940)  loss=6.1686  avg=6.6161  lr=0.000072  B=6  1926ms
  [WB] boundary=93/100  core_diff=2.8243  bin_diff=0.0631  ratio=44.77  prune_act=0.0000
  [WB] structure=10/16 (62%)  opp_sim=0.068
  [WB] BOUNDARY OK | CORE>BIN OK | PRUNE silent OK
  [LOGIC] mlp=-1361.2488 attn=-5.2836 div=33.9516
  [TIME] CE=195ms logic_reg=2335ms
  step  5950/8000 (global=9950)  loss=5.4820  avg=6.5766  lr=0.000071  B=7  1926ms
  [WB] boundary=93/100  core_diff=2.8254  bin_diff=0.0632  ratio=44.72  prune_act=0.0000
  [WB] structure=10/16 (62%)  opp_sim=0.068
  [WB] BOUNDARY OK | CORE>BIN OK | PRUNE silent OK
[*] stateful inference started: window=9996, sinks=4, ctx=10240
[*] sliding window configured: W=9996, sinks=4 (effective context: 10000)
  [TRACE] "冷": L0[||x||=8.67 C268(+280.08--9.65) B1076(+10012.98--23.26) P448(max0.000)] L4[||x||=6.00 C268(+1563.08--2.29) B1076(+3738.10--38.59) P448(max0.000)] L7[||x||=6.00 C268(+1174.65--5.75) B1076(+11846.54--18.17) P448(max0.000)] | H=13.16/15 top3=165 31874 32609 
  [LOGIC] mlp=-1362.6130 attn=-5.2854 div=33.9516
  [TIME] CE=152ms logic_reg=2318ms
  step  5960/8000 (global=9960)  loss=6.0751  avg=6.7045  lr=0.000070  B=6  1926ms
  [WB] boundary=93/100  core_diff=2.8261  bin_diff=0.0632  ratio=44.70  prune_act=0.0000
  [WB] structure=10/16 (62%)  opp_sim=0.068
  [WB] BOUNDARY OK | CORE>BIN OK | PRUNE silent OK
  [LOGIC] mlp=-1363.5964 attn=-5.2879 div=33.9515
  [TIME] CE=155ms logic_reg=2312ms
  step  5970/8000 (global=9970)  loss=8.1154  avg=6.6393  lr=0.000070  B=6  1926ms
  [WB] boundary=93/100  core_diff=2.8268  bin_diff=0.0632  ratio=44.70  prune_act=0.0000
  [WB] structure=10/16 (62%)  opp_sim=0.068
  [WB] BOUNDARY OK | CORE>BIN OK | PRUNE silent OK
    [plan-I] step 7349 W_v approx_rank=17.4 (frob=10.60 max_row=0.61)
    [ortho] step 7349 L0 W_o off_diag=0.21 diag_dev=0.0727
    [plan-I] step 7349 W_v approx_rank=17.4 (frob=10.56 max_row=0.61)
    [ortho] step 7349 L1 W_o off_diag=0.21 diag_dev=0.0728
    [plan-I] step 7349 W_v approx_rank=17.4 (frob=10.67 max_row=0.61)
    [ortho] step 7349 L2 W_o off_diag=0.21 diag_dev=0.0725
    [plan-I] step 7349 W_v approx_rank=17.3 (frob=10.55 max_row=0.61)
    [ortho] step 7349 L3 W_o off_diag=0.21 diag_dev=0.0727
    [plan-I] step 7349 W_v approx_rank=17.1 (frob=10.43 max_row=0.61)
    [ortho] step 7349 L4 W_o off_diag=0.21 diag_dev=0.0728
    [plan-I] step 7349 W_v approx_rank=17.4 (frob=10.70 max_row=0.62)
    [ortho] step 7349 L5 W_o off_diag=0.21 diag_dev=0.0729
    [plan-I] step 7349 W_v approx_rank=17.1 (frob=10.49 max_row=0.61)
    [ortho] step 7349 L6 W_o off_diag=0.21 diag_dev=0.0727
    [plan-I] step 7349 W_v approx_rank=17.1 (frob=10.60 max_row=0.62)
    [ortho] step 7349 L7 W_o off_diag=0.21 diag_dev=0.0730
  [LOGIC] mlp=-1363.6249 attn=-5.2876 div=33.9515
  [TIME] CE=153ms logic_reg=2393ms
  step  5980/8000 (global=9980)  loss=7.4858  avg=6.6491  lr=0.000069  B=6  1926ms
  [WB] boundary=93/100  core_diff=2.8273  bin_diff=0.0633  ratio=44.64  prune_act=0.0000
  [WB] structure=10/16 (62%)  opp_sim=0.068
  [WB] BOUNDARY OK | CORE>BIN OK | PRUNE silent OK
  [LOGIC] mlp=-1363.7812 attn=-5.2871 div=33.9515
  [TIME] CE=154ms logic_reg=2323ms
  step  5990/8000 (global=9990)  loss=6.4605  avg=6.7715  lr=0.000068  B=6  1926ms
  [WB] boundary=93/100  core_diff=2.8276  bin_diff=0.0634  ratio=44.60  prune_act=0.0000
  [WB] structure=10/16 (62%)  opp_sim=0.068
  [WB] BOUNDARY OK | CORE>BIN OK | PRUNE silent OK
  [LOGIC] mlp=-1363.5326 attn=-5.2854 div=33.9516
  [TIME] CE=182ms logic_reg=2315ms
  step  6000/8000 (global=10000)  loss=6.2511  avg=6.8210  lr=0.000068  B=7  1926ms
  [WB] boundary=93/100  core_diff=2.8271  bin_diff=0.0634  ratio=44.57  prune_act=0.0000
  [WB] structure=10/16 (62%)  opp_sim=0.068
  [WB] BOUNDARY OK | CORE>BIN OK | PRUNE silent OK
[*] stateful inference started: window=9996, sinks=4, ctx=10240
[*] sliding window configured: W=9996, sinks=4 (effective context: 10000)
  [TRACE] "火": L0[||x||=8.53 C268(+311.95--9.97) B1076(+9924.86--24.83) P448(max0.000)] L4[||x||=6.00 C268(+1661.11--2.18) B1076(+3731.43--38.39) P448(max0.000)] L7[||x||=6.00 C268(+1225.86--5.12) B1076(+11269.41--17.75) P448(max0.000)] | H=13.01/15 top3=165 31874 236 
  [LOGIC] mlp=-1364.3939 attn=-5.2857 div=33.9517
  [TIME] CE=131ms logic_reg=2324ms
  step  6010/8000 (global=10010)  loss=9.2075  avg=6.8483  lr=0.000067  B=5  1926ms
  [WB] boundary=93/100  core_diff=2.8259  bin_diff=0.0634  ratio=44.60  prune_act=0.0000
  [WB] structure=10/16 (62%)  opp_sim=0.068
  [WB] BOUNDARY OK | CORE>BIN OK | PRUNE silent OK
  [LOGIC] mlp=-1365.1692 attn=-5.2879 div=33.9515
  [TIME] CE=130ms logic_reg=2312ms
  step  6020/8000 (global=10020)  loss=8.6559  avg=6.9413  lr=0.000066  B=5  1926ms
  [WB] boundary=93/100  core_diff=2.8277  bin_diff=0.0634  ratio=44.62  prune_act=0.0000
  [WB] structure=10/16 (62%)  opp_sim=0.068
  [WB] BOUNDARY OK | CORE>BIN OK | PRUNE silent OK
    [plan-I] step 7399 W_v approx_rank=17.4 (frob=10.60 max_row=0.61)
    [ortho] step 7399 L0 W_o off_diag=0.21 diag_dev=0.0728
    [plan-I] step 7399 W_v approx_rank=17.4 (frob=10.56 max_row=0.61)
    [ortho] step 7399 L1 W_o off_diag=0.21 diag_dev=0.0729
    [plan-I] step 7399 W_v approx_rank=17.4 (frob=10.67 max_row=0.61)
    [ortho] step 7399 L2 W_o off_diag=0.21 diag_dev=0.0726
    [plan-I] step 7399 W_v approx_rank=17.3 (frob=10.55 max_row=0.61)
    [ortho] step 7399 L3 W_o off_diag=0.21 diag_dev=0.0728
    [plan-I] step 7399 W_v approx_rank=17.1 (frob=10.43 max_row=0.61)
    [ortho] step 7399 L4 W_o off_diag=0.21 diag_dev=0.0729
    [plan-I] step 7399 W_v approx_rank=17.4 (frob=10.70 max_row=0.62)
    [ortho] step 7399 L5 W_o off_diag=0.21 diag_dev=0.0730
    [plan-I] step 7399 W_v approx_rank=17.1 (frob=10.49 max_row=0.61)
    [ortho] step 7399 L6 W_o off_diag=0.21 diag_dev=0.0728
    [plan-I] step 7399 W_v approx_rank=17.1 (frob=10.60 max_row=0.62)
    [ortho] step 7399 L7 W_o off_diag=0.21 diag_dev=0.0731
  [LOGIC] mlp=-1365.7799 attn=-5.2899 div=33.9514
  [TIME] CE=132ms logic_reg=2402ms
  step  6030/8000 (global=10030)  loss=6.7616  avg=7.0085  lr=0.000066  B=5  1926ms
  [WB] boundary=93/100  core_diff=2.8290  bin_diff=0.0634  ratio=44.62  prune_act=0.0000
  [WB] structure=10/16 (62%)  opp_sim=0.068
  [WB] BOUNDARY OK | CORE>BIN OK | PRUNE silent OK
  [LOGIC] mlp=-1366.1624 attn=-5.2917 div=33.9514
  [TIME] CE=157ms logic_reg=2364ms
  step  6040/8000 (global=10040)  loss=8.1125  avg=6.9575  lr=0.000065  B=6  1926ms
  [WB] boundary=93/100  core_diff=2.8296  bin_diff=0.0634  ratio=44.61  prune_act=0.0000
  [WB] structure=10/16 (62%)  opp_sim=0.068
  [WB] BOUNDARY OK | CORE>BIN OK | PRUNE silent OK
  [LOGIC] mlp=-1365.4860 attn=-5.2904 div=33.9514
  [TIME] CE=137ms logic_reg=2334ms
  step  6050/8000 (global=10050)  loss=5.0095  avg=6.9172  lr=0.000064  B=5  1926ms
  [WB] boundary=93/100  core_diff=2.8303  bin_diff=0.0635  ratio=44.58  prune_act=0.0000
  [WB] structure=10/16 (62%)  opp_sim=0.068
  [WB] BOUNDARY OK | CORE>BIN OK | PRUNE silent OK
[*] stateful inference started: window=9996, sinks=4, ctx=10240
[*] sliding window configured: W=9996, sinks=4 (effective context: 10000)
  [TRACE] "水": L0[||x||=8.57 C268(+242.62--9.58) B1076(+10121.46--19.79) P448(max0.000)] L4[||x||=6.00 C268(+1551.48--2.79) B1076(+3768.53--36.89) P448(max0.000)] L7[||x||=6.00 C268(+1183.61--5.44) B1076(+11617.74--18.29) P448(max0.000)] | H=13.52/15 top3=31874 165 235 
  [LOGIC] mlp=-1365.1243 attn=-5.2895 div=33.9514
  [TIME] CE=131ms logic_reg=2403ms
  step  6060/8000 (global=10060)  loss=5.8805  avg=6.8313  lr=0.000064  B=5  1926ms
  [WB] boundary=93/100  core_diff=2.8304  bin_diff=0.0635  ratio=44.55  prune_act=0.0000
  [WB] structure=10/16 (62%)  opp_sim=0.068
  [WB] BOUNDARY OK | CORE>BIN OK | PRUNE silent OK
  [LOGIC] mlp=-1366.2811 attn=-5.2918 div=33.9515
  [TIME] CE=107ms logic_reg=2327ms
  step  6070/8000 (global=10070)  loss=5.2203  avg=6.7055  lr=0.000063  B=4  1926ms
  [WB] boundary=93/100  core_diff=2.8299  bin_diff=0.0635  ratio=44.55  prune_act=0.0000
  [WB] structure=10/16 (62%)  opp_sim=0.068
  [WB] BOUNDARY OK | CORE>BIN OK | PRUNE silent OK
    [plan-I] step 7449 W_v approx_rank=17.4 (frob=10.60 max_row=0.61)
    [ortho] step 7449 L0 W_o off_diag=0.21 diag_dev=0.0728
    [plan-I] step 7449 W_v approx_rank=17.4 (frob=10.56 max_row=0.61)
    [ortho] step 7449 L1 W_o off_diag=0.21 diag_dev=0.0729
    [plan-I] step 7449 W_v approx_rank=17.4 (frob=10.67 max_row=0.61)
    [ortho] step 7449 L2 W_o off_diag=0.21 diag_dev=0.0726
    [plan-I] step 7449 W_v approx_rank=17.3 (frob=10.55 max_row=0.61)
    [ortho] step 7449 L3 W_o off_diag=0.21 diag_dev=0.0728
    [plan-I] step 7449 W_v approx_rank=17.1 (frob=10.43 max_row=0.61)
    [ortho] step 7449 L4 W_o off_diag=0.21 diag_dev=0.0729
    [plan-I] step 7449 W_v approx_rank=17.4 (frob=10.70 max_row=0.62)
    [ortho] step 7449 L5 W_o off_diag=0.21 diag_dev=0.0730
    [plan-I] step 7449 W_v approx_rank=17.1 (frob=10.49 max_row=0.61)
    [ortho] step 7449 L6 W_o off_diag=0.21 diag_dev=0.0728
    [plan-I] step 7449 W_v approx_rank=17.1 (frob=10.60 max_row=0.62)
    [ortho] step 7449 L7 W_o off_diag=0.21 diag_dev=0.0731
  [LOGIC] mlp=-1366.6979 attn=-5.2927 div=33.9515
  [TIME] CE=132ms logic_reg=2327ms
  step  6080/8000 (global=10080)  loss=7.4860  avg=6.7097  lr=0.000062  B=5  1926ms
  [WB] boundary=93/100  core_diff=2.8299  bin_diff=0.0635  ratio=44.53  prune_act=0.0000
  [WB] structure=10/16 (62%)  opp_sim=0.068
  [WB] BOUNDARY OK | CORE>BIN OK | PRUNE silent OK
  [LOGIC] mlp=-1366.6956 attn=-5.2928 div=33.9515
  [TIME] CE=130ms logic_reg=2371ms
  step  6090/8000 (global=10090)  loss=7.1211  avg=6.4071  lr=0.000062  B=5  1926ms
  [WB] boundary=93/100  core_diff=2.8301  bin_diff=0.0636  ratio=44.50  prune_act=0.0000
  [WB] structure=10/16 (62%)  opp_sim=0.068
  [WB] BOUNDARY OK | CORE>BIN OK | PRUNE silent OK
  [LOGIC] mlp=-1365.6521 attn=-5.2913 div=33.9516
  [TIME] CE=179ms logic_reg=2320ms
  step  6100/8000 (global=10100)  loss=7.2499  avg=6.3308  lr=0.000061  B=7  1926ms
  [WB] boundary=93/100  core_diff=2.8305  bin_diff=0.0636  ratio=44.50  prune_act=0.0000
  [WB] structure=10/16 (62%)  opp_sim=0.068
  [WB] BOUNDARY OK | CORE>BIN OK | PRUNE silent OK
[*] stateful inference started: window=9996, sinks=4, ctx=10240
[*] sliding window configured: W=9996, sinks=4 (effective context: 10000)
  [TRACE] "大": L0[||x||=8.33 C268(+260.73--10.88) B1076(+9746.80--24.98) P448(max0.000)] L4[||x||=6.00 C268(+1677.64--2.24) B1076(+3726.81--37.88) P448(max0.000)] L7[||x||=6.00 C268(+1253.98--4.92) B1076(+11091.89--17.53) P448(max0.000)] | H=13.25/15 top3=165 31874 235 
  [LOGIC] mlp=-1365.6521 attn=-5.2910 div=33.9516
  [TIME] CE=128ms logic_reg=2314ms
  step  6110/8000 (global=10110)  loss=7.1463  avg=6.2323  lr=0.000060  B=5  1926ms
  [WB] boundary=93/100  core_diff=2.8306  bin_diff=0.0636  ratio=44.50  prune_act=0.0000
  [WB] structure=10/16 (62%)  opp_sim=0.068
  [WB] BOUNDARY OK | CORE>BIN OK | PRUNE silent OK
  [LOGIC] mlp=-1366.1705 attn=-5.2917 div=33.9516
  [TIME] CE=129ms logic_reg=2313ms
  step  6120/8000 (global=10120)  loss=5.5258  avg=6.1275  lr=0.000060  B=5  1926ms
  [WB] boundary=93/100  core_diff=2.8309  bin_diff=0.0637  ratio=44.46  prune_act=0.0000
  [WB] structure=10/16 (62%)  opp_sim=0.068
  [WB] BOUNDARY OK | CORE>BIN OK | PRUNE silent OK
    [plan-I] step 7499 W_v approx_rank=17.4 (frob=10.60 max_row=0.61)
    [ortho] step 7499 L0 W_o off_diag=0.21 diag_dev=0.0727
    [plan-I] step 7499 W_v approx_rank=17.4 (frob=10.56 max_row=0.61)
    [ortho] step 7499 L1 W_o off_diag=0.21 diag_dev=0.0729
    [plan-I] step 7499 W_v approx_rank=17.4 (frob=10.67 max_row=0.61)
    [ortho] step 7499 L2 W_o off_diag=0.21 diag_dev=0.0725
    [plan-I] step 7499 W_v approx_rank=17.3 (frob=10.55 max_row=0.61)
    [ortho] step 7499 L3 W_o off_diag=0.21 diag_dev=0.0728
    [plan-I] step 7499 W_v approx_rank=17.1 (frob=10.43 max_row=0.61)
    [ortho] step 7499 L4 W_o off_diag=0.21 diag_dev=0.0729
    [plan-I] step 7499 W_v approx_rank=17.4 (frob=10.70 max_row=0.62)
    [ortho] step 7499 L5 W_o off_diag=0.21 diag_dev=0.0730
    [plan-I] step 7499 W_v approx_rank=17.1 (frob=10.49 max_row=0.61)
    [ortho] step 7499 L6 W_o off_diag=0.21 diag_dev=0.0728
    [plan-I] step 7499 W_v approx_rank=17.1 (frob=10.60 max_row=0.62)
    [ortho] step 7499 L7 W_o off_diag=0.21 diag_dev=0.0731
  [LOGIC] mlp=-1366.9365 attn=-5.2927 div=33.9517
  [TIME] CE=406ms logic_reg=2324ms
  step  6130/8000 (global=10130)  loss=6.4286  avg=6.2033  lr=0.000059  B=8  1926ms
  [WB] boundary=93/100  core_diff=2.8305  bin_diff=0.0637  ratio=44.46  prune_act=0.0000
  [WB] structure=10/16 (62%)  opp_sim=0.068
  [WB] BOUNDARY OK | CORE>BIN OK | PRUNE silent OK
  [LOGIC] mlp=-1366.7002 attn=-5.2915 div=33.9517
  [TIME] CE=155ms logic_reg=2479ms
  step  6140/8000 (global=10140)  loss=8.1728  avg=6.3069  lr=0.000059  B=6  1926ms
  [WB] boundary=93/100  core_diff=2.8307  bin_diff=0.0637  ratio=44.43  prune_act=0.0000
  [WB] structure=10/16 (62%)  opp_sim=0.068
  [WB] BOUNDARY OK | CORE>BIN OK | PRUNE silent OK
  [LOGIC] mlp=-1366.2112 attn=-5.2904 div=33.9517
  [TIME] CE=126ms logic_reg=2539ms
  step  6150/8000 (global=10150)  loss=4.3716  avg=6.3651  lr=0.000058  B=5  1926ms
  [WB] boundary=93/100  core_diff=2.8314  bin_diff=0.0638  ratio=44.38  prune_act=0.0000
  [WB] structure=10/16 (62%)  opp_sim=0.068
  [WB] BOUNDARY OK | CORE>BIN OK | PRUNE silent OK
[*] stateful inference started: window=9996, sinks=4, ctx=10240
[*] sliding window configured: W=9996, sinks=4 (effective context: 10000)
  [TRACE] "小": L0[||x||=8.65 C268(+254.04--10.05) B1076(+10008.02--23.31) P448(max0.000)] L4[||x||=6.00 C268(+1599.98--2.20) B1076(+3792.38--38.60) P448(max0.000)] L7[||x||=6.00 C268(+1203.30--5.76) B1076(+11766.42--17.96) P448(max0.000)] | H=13.31/15 top3=32609 31874 235 
  [LOGIC] mlp=-1365.9403 attn=-5.2892 div=33.9518
  [TIME] CE=128ms logic_reg=2365ms
  step  6160/8000 (global=10160)  loss=6.9373  avg=6.4115  lr=0.000057  B=5  1926ms
  [WB] boundary=93/100  core_diff=2.8311  bin_diff=0.0639  ratio=44.33  prune_act=0.0000
  [WB] structure=10/16 (62%)  opp_sim=0.068
  [WB] BOUNDARY OK | CORE>BIN OK | PRUNE silent OK
  [LOGIC] mlp=-1365.8447 attn=-5.2882 div=33.9518
  [TIME] CE=162ms logic_reg=2412ms
  step  6170/8000 (global=10170)  loss=7.6097  avg=6.5304  lr=0.000057  B=6  1926ms
  [WB] boundary=93/100  core_diff=2.8313  bin_diff=0.0639  ratio=44.28  prune_act=0.0000
  [WB] structure=10/16 (62%)  opp_sim=0.068
  [WB] BOUNDARY OK | CORE>BIN OK | PRUNE silent OK
    [plan-I] step 7549 W_v approx_rank=17.4 (frob=10.60 max_row=0.61)
    [ortho] step 7549 L0 W_o off_diag=0.21 diag_dev=0.0728
    [plan-I] step 7549 W_v approx_rank=17.4 (frob=10.56 max_row=0.61)
    [ortho] step 7549 L1 W_o off_diag=0.21 diag_dev=0.0729
    [plan-I] step 7549 W_v approx_rank=17.4 (frob=10.67 max_row=0.61)
    [ortho] step 7549 L2 W_o off_diag=0.21 diag_dev=0.0726
    [plan-I] step 7549 W_v approx_rank=17.3 (frob=10.55 max_row=0.61)
    [ortho] step 7549 L3 W_o off_diag=0.21 diag_dev=0.0728
    [plan-I] step 7549 W_v approx_rank=17.1 (frob=10.43 max_row=0.61)
    [ortho] step 7549 L4 W_o off_diag=0.21 diag_dev=0.0730
    [plan-I] step 7549 W_v approx_rank=17.4 (frob=10.70 max_row=0.62)
    [ortho] step 7549 L5 W_o off_diag=0.21 diag_dev=0.0731
    [plan-I] step 7549 W_v approx_rank=17.1 (frob=10.49 max_row=0.61)
    [ortho] step 7549 L6 W_o off_diag=0.21 diag_dev=0.0729
    [plan-I] step 7549 W_v approx_rank=17.1 (frob=10.60 max_row=0.62)
    [ortho] step 7549 L7 W_o off_diag=0.21 diag_dev=0.0731
  [LOGIC] mlp=-1366.4368 attn=-5.2879 div=33.9519
  [TIME] CE=153ms logic_reg=2359ms
  step  6180/8000 (global=10180)  loss=6.0807  avg=6.4254  lr=0.000056  B=6  1926ms
  [WB] boundary=93/100  core_diff=2.8305  bin_diff=0.0640  ratio=44.24  prune_act=0.0000
  [WB] structure=10/16 (62%)  opp_sim=0.068
  [WB] BOUNDARY OK | CORE>BIN OK | PRUNE silent OK
  [LOGIC] mlp=-1366.7592 attn=-5.2874 div=33.9519
  [TIME] CE=223ms logic_reg=2421ms
  step  6190/8000 (global=10190)  loss=7.8349  avg=6.3522  lr=0.000056  B=6  1926ms
  [WB] boundary=93/100  core_diff=2.8302  bin_diff=0.0640  ratio=44.22  prune_act=0.0000
  [WB] structure=10/16 (62%)  opp_sim=0.068
  [WB] BOUNDARY OK | CORE>BIN OK | PRUNE silent OK
  [LOGIC] mlp=-1367.4072 attn=-5.2888 div=33.9519
  [TIME] CE=129ms logic_reg=2489ms
  step  6200/8000 (global=10200)  loss=8.1421  avg=6.3410  lr=0.000055  B=5  1926ms
  [WB] boundary=93/100  core_diff=2.8311  bin_diff=0.0641  ratio=44.18  prune_act=0.0000
  [WB] structure=10/16 (62%)  opp_sim=0.068
  [WB] BOUNDARY OK | CORE>BIN OK | PRUNE silent OK
[*] stateful inference started: window=9996, sinks=4, ctx=10240
[*] sliding window configured: W=9996, sinks=4 (effective context: 10000)
  [TRACE] "热": L0[||x||=8.77 C268(+272.88--9.46) B1076(+10115.93--22.41) P448(max0.000)] L4[||x||=6.00 C268(+1559.37--2.34) B1076(+3859.48--37.74) P448(max0.000)] L7[||x||=6.00 C268(+1168.57--6.24) B1076(+12205.23--18.11) P448(max0.000)] | H=13.33/15 top3=32609 165 31874 
  [LOGIC] mlp=-1367.6249 attn=-5.2892 div=33.9519
  [TIME] CE=105ms logic_reg=2436ms
  step  6210/8000 (global=10210)  loss=6.8389  avg=6.2808  lr=0.000054  B=4  1926ms
  [WB] boundary=93/100  core_diff=2.8316  bin_diff=0.0642  ratio=44.13  prune_act=0.0000
  [WB] structure=10/16 (62%)  opp_sim=0.068
  [WB] BOUNDARY OK | CORE>BIN OK | PRUNE silent OK
  [LOGIC] mlp=-1367.9268 attn=-5.2892 div=33.9520
  [TIME] CE=205ms logic_reg=2314ms
  step  6220/8000 (global=10220)  loss=4.1145  avg=6.3269  lr=0.000054  B=8  1926ms
  [WB] boundary=93/100  core_diff=2.8310  bin_diff=0.0642  ratio=44.13  prune_act=0.0000
  [WB] structure=10/16 (62%)  opp_sim=0.068
  [WB] BOUNDARY OK | CORE>BIN OK | PRUNE silent OK
    [plan-I] step 7599 W_v approx_rank=17.4 (frob=10.60 max_row=0.61)
    [ortho] step 7599 L0 W_o off_diag=0.21 diag_dev=0.0728
    [plan-I] step 7599 W_v approx_rank=17.4 (frob=10.56 max_row=0.61)
    [ortho] step 7599 L1 W_o off_diag=0.21 diag_dev=0.0730
    [plan-I] step 7599 W_v approx_rank=17.4 (frob=10.67 max_row=0.61)
    [ortho] step 7599 L2 W_o off_diag=0.21 diag_dev=0.0727
    [plan-I] step 7599 W_v approx_rank=17.3 (frob=10.55 max_row=0.61)
    [ortho] step 7599 L3 W_o off_diag=0.21 diag_dev=0.0729
    [plan-I] step 7599 W_v approx_rank=17.1 (frob=10.43 max_row=0.61)
    [ortho] step 7599 L4 W_o off_diag=0.21 diag_dev=0.0730
    [plan-I] step 7599 W_v approx_rank=17.4 (frob=10.70 max_row=0.62)
    [ortho] step 7599 L5 W_o off_diag=0.21 diag_dev=0.0731
    [plan-I] step 7599 W_v approx_rank=17.1 (frob=10.49 max_row=0.61)
    [ortho] step 7599 L6 W_o off_diag=0.21 diag_dev=0.0730
    [plan-I] step 7599 W_v approx_rank=17.1 (frob=10.60 max_row=0.62)
    [ortho] step 7599 L7 W_o off_diag=0.21 diag_dev=0.0731
  [LOGIC] mlp=-1368.1399 attn=-5.2890 div=33.9521
  [TIME] CE=152ms logic_reg=2409ms
  step  6230/8000 (global=10230)  loss=5.4011  avg=6.1743  lr=0.000053  B=6  1926ms
  [WB] boundary=93/100  core_diff=2.8303  bin_diff=0.0641  ratio=44.13  prune_act=0.0000
  [WB] structure=10/16 (62%)  opp_sim=0.068
  [WB] BOUNDARY OK | CORE>BIN OK | PRUNE silent OK
  [LOGIC] mlp=-1368.2059 attn=-5.2885 div=33.9522
  [TIME] CE=154ms logic_reg=2313ms
  step  6240/8000 (global=10240)  loss=6.8184  avg=6.1811  lr=0.000053  B=6  1926ms
  [WB] boundary=93/100  core_diff=2.8292  bin_diff=0.0641  ratio=44.16  prune_act=0.0000
  [WB] structure=10/16 (62%)  opp_sim=0.068
  [WB] BOUNDARY OK | CORE>BIN OK | PRUNE silent OK
  [LOGIC] mlp=-1367.9767 attn=-5.2875 div=33.9523
  [TIME] CE=107ms logic_reg=2318ms
  step  6250/8000 (global=10250)  loss=7.6243  avg=6.3010  lr=0.000052  B=4  1926ms
  [WB] boundary=93/100  core_diff=2.8287  bin_diff=0.0640  ratio=44.16  prune_act=0.0000
  [WB] structure=10/16 (62%)  opp_sim=0.068
  [WB] BOUNDARY OK | CORE>BIN OK | PRUNE silent OK
[*] stateful inference started: window=9996, sinks=4, ctx=10240
[*] sliding window configured: W=9996, sinks=4 (effective context: 10000)
  [TRACE] "冷": L0[||x||=8.70 C268(+283.60--9.61) B1076(+10098.41--23.80) P448(max0.000)] L4[||x||=6.00 C268(+1561.26--2.31) B1076(+3881.01--38.57) P448(max0.000)] L7[||x||=6.00 C268(+1175.43--6.19) B1076(+12417.05--17.97) P448(max0.000)] | H=13.17/15 top3=32609 165 31874 
  [LOGIC] mlp=-1367.9220 attn=-5.2870 div=33.9523
  [TIME] CE=157ms logic_reg=2423ms
  step  6260/8000 (global=10260)  loss=6.4107  avg=6.3873  lr=0.000051  B=6  1926ms
  [WB] boundary=93/100  core_diff=2.8290  bin_diff=0.0640  ratio=44.20  prune_act=0.0000
  [WB] structure=10/16 (62%)  opp_sim=0.068
  [WB] BOUNDARY OK | CORE>BIN OK | PRUNE silent OK
  [LOGIC] mlp=-1367.1484 attn=-5.2855 div=33.9523
  [TIME] CE=130ms logic_reg=2319ms
  step  6270/8000 (global=10270)  loss=4.9137  avg=6.3882  lr=0.000051  B=5  1926ms
  [WB] boundary=93/100  core_diff=2.8295  bin_diff=0.0640  ratio=44.19  prune_act=0.0000
  [WB] structure=10/16 (62%)  opp_sim=0.068
  [WB] BOUNDARY OK | CORE>BIN OK | PRUNE silent OK
    [plan-I] step 7649 W_v approx_rank=17.4 (frob=10.60 max_row=0.61)
    [ortho] step 7649 L0 W_o off_diag=0.21 diag_dev=0.0728
    [plan-I] step 7649 W_v approx_rank=17.4 (frob=10.56 max_row=0.61)
    [ortho] step 7649 L1 W_o off_diag=0.21 diag_dev=0.0729
    [plan-I] step 7649 W_v approx_rank=17.4 (frob=10.67 max_row=0.61)
    [ortho] step 7649 L2 W_o off_diag=0.21 diag_dev=0.0726
    [plan-I] step 7649 W_v approx_rank=17.3 (frob=10.55 max_row=0.61)
    [ortho] step 7649 L3 W_o off_diag=0.21 diag_dev=0.0728
    [plan-I] step 7649 W_v approx_rank=17.1 (frob=10.43 max_row=0.61)
    [ortho] step 7649 L4 W_o off_diag=0.21 diag_dev=0.0730
    [plan-I] step 7649 W_v approx_rank=17.4 (frob=10.70 max_row=0.62)
    [ortho] step 7649 L5 W_o off_diag=0.21 diag_dev=0.0731
    [plan-I] step 7649 W_v approx_rank=17.1 (frob=10.49 max_row=0.61)
    [ortho] step 7649 L6 W_o off_diag=0.21 diag_dev=0.0729
    [plan-I] step 7649 W_v approx_rank=17.1 (frob=10.60 max_row=0.62)
    [ortho] step 7649 L7 W_o off_diag=0.21 diag_dev=0.0731
  [LOGIC] mlp=-1367.4453 attn=-5.2857 div=33.9523
  [TIME] CE=155ms logic_reg=2314ms
  step  6280/8000 (global=10280)  loss=4.4894  avg=6.3750  lr=0.000050  B=6  1926ms
  [WB] boundary=93/100  core_diff=2.8296  bin_diff=0.0641  ratio=44.17  prune_act=0.0000
  [WB] structure=10/16 (62%)  opp_sim=0.068
  [WB] BOUNDARY OK | CORE>BIN OK | PRUNE silent OK
  [LOGIC] mlp=-1367.3982 attn=-5.2855 div=33.9523
  [TIME] CE=104ms logic_reg=2348ms
  step  6290/8000 (global=10290)  loss=6.7907  avg=6.4496  lr=0.000050  B=4  1926ms
  [WB] boundary=93/100  core_diff=2.8298  bin_diff=0.0641  ratio=44.15  prune_act=0.0000
  [WB] structure=10/16 (62%)  opp_sim=0.068
  [WB] BOUNDARY OK | CORE>BIN OK | PRUNE silent OK
  [LOGIC] mlp=-1367.4373 attn=-5.2844 div=33.9524
  [TIME] CE=135ms logic_reg=2328ms
  step  6300/8000 (global=10300)  loss=6.3031  avg=6.4162  lr=0.000049  B=5  1926ms
  [WB] boundary=93/100  core_diff=2.8296  bin_diff=0.0641  ratio=44.13  prune_act=0.0000
  [WB] structure=10/16 (62%)  opp_sim=0.068
  [WB] BOUNDARY OK | CORE>BIN OK | PRUNE silent OK
[*] stateful inference started: window=9996, sinks=4, ctx=10240
[*] sliding window configured: W=9996, sinks=4 (effective context: 10000)
  [TRACE] "火": L0[||x||=8.57 C268(+317.75--9.81) B1076(+9986.80--25.57) P448(max0.000)] L4[||x||=6.00 C268(+1653.08--2.48) B1076(+3876.52--37.99) P448(max0.000)] L7[||x||=6.00 C268(+1226.80--5.69) B1076(+12057.37--17.62) P448(max0.000)] | H=13.02/15 top3=32609 165 235 
  [LOGIC] mlp=-1367.6727 attn=-5.2845 div=33.9524
  [TIME] CE=180ms logic_reg=2389ms
  step  6310/8000 (global=10310)  loss=5.5340  avg=6.3553  lr=0.000049  B=7  1926ms
  [WB] boundary=93/100  core_diff=2.8297  bin_diff=0.0642  ratio=44.11  prune_act=0.0000
  [WB] structure=10/16 (62%)  opp_sim=0.068
  [WB] BOUNDARY OK | CORE>BIN OK | PRUNE silent OK
  [LOGIC] mlp=-1367.1017 attn=-5.2833 div=33.9524
  [TIME] CE=156ms logic_reg=2336ms
  step  6320/8000 (global=10320)  loss=8.4191  avg=6.4261  lr=0.000048  B=6  1926ms
  [WB] boundary=93/100  core_diff=2.8306  bin_diff=0.0643  ratio=44.04  prune_act=0.0000
  [WB] structure=10/16 (62%)  opp_sim=0.068
  [WB] BOUNDARY OK | CORE>BIN OK | PRUNE silent OK
    [plan-I] step 7699 W_v approx_rank=17.4 (frob=10.60 max_row=0.61)
    [ortho] step 7699 L0 W_o off_diag=0.21 diag_dev=0.0730
    [plan-I] step 7699 W_v approx_rank=17.4 (frob=10.56 max_row=0.61)
    [ortho] step 7699 L1 W_o off_diag=0.21 diag_dev=0.0731
    [plan-I] step 7699 W_v approx_rank=17.4 (frob=10.67 max_row=0.61)
    [ortho] step 7699 L2 W_o off_diag=0.21 diag_dev=0.0728
    [plan-I] step 7699 W_v approx_rank=17.3 (frob=10.55 max_row=0.61)
    [ortho] step 7699 L3 W_o off_diag=0.21 diag_dev=0.0730
    [plan-I] step 7699 W_v approx_rank=17.1 (frob=10.43 max_row=0.61)
    [ortho] step 7699 L4 W_o off_diag=0.21 diag_dev=0.0731
    [plan-I] step 7699 W_v approx_rank=17.4 (frob=10.70 max_row=0.62)
    [ortho] step 7699 L5 W_o off_diag=0.21 diag_dev=0.0732
    [plan-I] step 7699 W_v approx_rank=17.1 (frob=10.49 max_row=0.61)
    [ortho] step 7699 L6 W_o off_diag=0.21 diag_dev=0.0730
    [plan-I] step 7699 W_v approx_rank=17.1 (frob=10.60 max_row=0.62)
    [ortho] step 7699 L7 W_o off_diag=0.21 diag_dev=0.0732
  [LOGIC] mlp=-1367.4768 attn=-5.2834 div=33.9524
  [TIME] CE=156ms logic_reg=2326ms
  step  6330/8000 (global=10330)  loss=4.8531  avg=6.3915  lr=0.000047  B=6  1926ms
  [WB] boundary=93/100  core_diff=2.8306  bin_diff=0.0643  ratio=44.03  prune_act=0.0000
  [WB] structure=10/16 (62%)  opp_sim=0.068
  [WB] BOUNDARY OK | CORE>BIN OK | PRUNE silent OK
  [LOGIC] mlp=-1368.3021 attn=-5.2842 div=33.9524
  [TIME] CE=180ms logic_reg=2330ms
  step  6340/8000 (global=10340)  loss=8.4973  avg=6.5404  lr=0.000047  B=6  1926ms
  [WB] boundary=93/100  core_diff=2.8307  bin_diff=0.0643  ratio=43.99  prune_act=0.0000
  [WB] structure=10/16 (62%)  opp_sim=0.068
  [WB] BOUNDARY OK | CORE>BIN OK | PRUNE silent OK
  [LOGIC] mlp=-1368.6624 attn=-5.2845 div=33.9524
  [TIME] CE=106ms logic_reg=2389ms
  step  6350/8000 (global=10350)  loss=7.4114  avg=6.4044  lr=0.000046  B=4  1926ms
  [WB] boundary=93/100  core_diff=2.8306  bin_diff=0.0644  ratio=43.96  prune_act=0.0000
  [WB] structure=10/16 (62%)  opp_sim=0.068
  [WB] BOUNDARY OK | CORE>BIN OK | PRUNE silent OK
[*] stateful inference started: window=9996, sinks=4, ctx=10240
[*] sliding window configured: W=9996, sinks=4 (effective context: 10000)
  [TRACE] "水": L0[||x||=8.59 C268(+242.71--9.42) B1076(+10200.35--20.61) P448(max0.000)] L4[||x||=6.00 C268(+1565.87--2.35) B1076(+3910.05--37.83) P448(max0.000)] L7[||x||=6.00 C268(+1193.57--6.00) B1076(+12309.99--17.98) P448(max0.000)] | H=13.37/15 top3=232 165 235 
  [LOGIC] mlp=-1368.7809 attn=-5.2844 div=33.9525
  [TIME] CE=157ms logic_reg=2335ms
  step  6360/8000 (global=10360)  loss=5.5318  avg=6.4987  lr=0.000046  B=6  1926ms
  [WB] boundary=93/100  core_diff=2.8307  bin_diff=0.0644  ratio=43.94  prune_act=0.0000
  [WB] structure=10/16 (62%)  opp_sim=0.068
  [WB] BOUNDARY OK | CORE>BIN OK | PRUNE silent OK
  [LOGIC] mlp=-1368.5027 attn=-5.2838 div=33.9525
  [TIME] CE=130ms logic_reg=2388ms
  step  6370/8000 (global=10370)  loss=7.4535  avg=6.3994  lr=0.000045  B=5  1926ms
  [WB] boundary=93/100  core_diff=2.8310  bin_diff=0.0645  ratio=43.92  prune_act=0.0000
  [WB] structure=10/16 (62%)  opp_sim=0.068
  [WB] BOUNDARY OK | CORE>BIN OK | PRUNE silent OK
    [plan-I] step 7749 W_v approx_rank=17.4 (frob=10.60 max_row=0.61)
    [ortho] step 7749 L0 W_o off_diag=0.21 diag_dev=0.0729
    [plan-I] step 7749 W_v approx_rank=17.4 (frob=10.56 max_row=0.61)
    [ortho] step 7749 L1 W_o off_diag=0.21 diag_dev=0.0730
    [plan-I] step 7749 W_v approx_rank=17.4 (frob=10.67 max_row=0.61)
    [ortho] step 7749 L2 W_o off_diag=0.21 diag_dev=0.0727
    [plan-I] step 7749 W_v approx_rank=17.3 (frob=10.55 max_row=0.61)
    [ortho] step 7749 L3 W_o off_diag=0.21 diag_dev=0.0729
    [plan-I] step 7749 W_v approx_rank=17.1 (frob=10.43 max_row=0.61)
    [ortho] step 7749 L4 W_o off_diag=0.21 diag_dev=0.0731
    [plan-I] step 7749 W_v approx_rank=17.4 (frob=10.70 max_row=0.62)
    [ortho] step 7749 L5 W_o off_diag=0.21 diag_dev=0.0731
    [plan-I] step 7749 W_v approx_rank=17.1 (frob=10.49 max_row=0.61)
    [ortho] step 7749 L6 W_o off_diag=0.21 diag_dev=0.0730
    [plan-I] step 7749 W_v approx_rank=17.1 (frob=10.60 max_row=0.62)
    [ortho] step 7749 L7 W_o off_diag=0.21 diag_dev=0.0732
  [LOGIC] mlp=-1368.8615 attn=-5.2842 div=33.9525
  [TIME] CE=106ms logic_reg=2317ms
  step  6380/8000 (global=10380)  loss=7.7003  avg=6.3617  lr=0.000045  B=4  1926ms
  [WB] boundary=93/100  core_diff=2.8313  bin_diff=0.0645  ratio=43.90  prune_act=0.0000
  [WB] structure=10/16 (62%)  opp_sim=0.068
  [WB] BOUNDARY OK | CORE>BIN OK | PRUNE silent OK
  [LOGIC] mlp=-1369.0039 attn=-5.2844 div=33.9525
  [TIME] CE=153ms logic_reg=2338ms
  step  6390/8000 (global=10390)  loss=5.6784  avg=6.3266  lr=0.000044  B=6  1926ms
  [WB] boundary=93/100  core_diff=2.8320  bin_diff=0.0645  ratio=43.88  prune_act=0.0000
  [WB] structure=10/16 (62%)  opp_sim=0.068
  [WB] BOUNDARY OK | CORE>BIN OK | PRUNE silent OK
  [LOGIC] mlp=-1368.6934 attn=-5.2834 div=33.9525
  [TIME] CE=130ms logic_reg=2311ms
  step  6400/8000 (global=10400)  loss=8.9259  avg=6.2165  lr=0.000044  B=5  1926ms
  [WB] boundary=93/100  core_diff=2.8323  bin_diff=0.0646  ratio=43.85  prune_act=0.0000
  [WB] structure=10/16 (62%)  opp_sim=0.068
  [WB] BOUNDARY OK | CORE>BIN OK | PRUNE silent OK
[*] stateful inference started: window=9996, sinks=4, ctx=10240
[*] sliding window configured: W=9996, sinks=4 (effective context: 10000)
  [TRACE] "大": L0[||x||=8.37 C268(+265.04--10.63) B1076(+9824.64--25.50) P448(max0.000)] L4[||x||=6.00 C268(+1714.04--2.21) B1076(+3881.38--36.31) P448(max0.000)] L7[||x||=6.00 C268(+1272.25--5.37) B1076(+11623.30--17.16) P448(max0.000)] | H=13.23/15 top3=235 165 234 
  [LOGIC] mlp=-1369.2314 attn=-5.2837 div=33.9525
  [TIME] CE=291ms logic_reg=2323ms
  step  6410/8000 (global=10410)  loss=6.3105  avg=6.2535  lr=0.000043  B=6  1926ms
  [WB] boundary=93/100  core_diff=2.8320  bin_diff=0.0646  ratio=43.83  prune_act=0.0000
  [WB] structure=10/16 (62%)  opp_sim=0.068
  [WB] BOUNDARY OK | CORE>BIN OK | PRUNE silent OK
  [LOGIC] mlp=-1369.1467 attn=-5.2832 div=33.9525
  [TIME] CE=130ms logic_reg=2318ms
  step  6420/8000 (global=10420)  loss=7.4015  avg=6.3025  lr=0.000043  B=5  1926ms
  [WB] boundary=93/100  core_diff=2.8328  bin_diff=0.0647  ratio=43.80  prune_act=0.0000
  [WB] structure=10/16 (62%)  opp_sim=0.068
  [WB] BOUNDARY OK | CORE>BIN OK | PRUNE silent OK
    [plan-I] step 7799 W_v approx_rank=17.4 (frob=10.60 max_row=0.61)
    [ortho] step 7799 L0 W_o off_diag=0.21 diag_dev=0.0730
    [plan-I] step 7799 W_v approx_rank=17.4 (frob=10.56 max_row=0.61)
    [ortho] step 7799 L1 W_o off_diag=0.21 diag_dev=0.0731
    [plan-I] step 7799 W_v approx_rank=17.4 (frob=10.67 max_row=0.61)
    [ortho] step 7799 L2 W_o off_diag=0.21 diag_dev=0.0728
    [plan-I] step 7799 W_v approx_rank=17.3 (frob=10.55 max_row=0.61)
    [ortho] step 7799 L3 W_o off_diag=0.21 diag_dev=0.0730
    [plan-I] step 7799 W_v approx_rank=17.1 (frob=10.43 max_row=0.61)
    [ortho] step 7799 L4 W_o off_diag=0.21 diag_dev=0.0731
    [plan-I] step 7799 W_v approx_rank=17.4 (frob=10.70 max_row=0.62)
    [ortho] step 7799 L5 W_o off_diag=0.21 diag_dev=0.0732
    [plan-I] step 7799 W_v approx_rank=17.1 (frob=10.49 max_row=0.61)
    [ortho] step 7799 L6 W_o off_diag=0.21 diag_dev=0.0730
    [plan-I] step 7799 W_v approx_rank=17.1 (frob=10.60 max_row=0.62)
    [ortho] step 7799 L7 W_o off_diag=0.21 diag_dev=0.0733
  [LOGIC] mlp=-1369.1799 attn=-5.2833 div=33.9525
  [TIME] CE=232ms logic_reg=2346ms
  step  6430/8000 (global=10430)  loss=7.0171  avg=6.4663  lr=0.000042  B=6  1926ms
  [WB] boundary=93/100  core_diff=2.8334  bin_diff=0.0647  ratio=43.79  prune_act=0.0000
  [WB] structure=10/16 (62%)  opp_sim=0.068
  [WB] BOUNDARY OK | CORE>BIN OK | PRUNE silent OK
  [LOGIC] mlp=-1369.1892 attn=-5.2833 div=33.9524
  [TIME] CE=178ms logic_reg=2328ms
  step  6440/8000 (global=10440)  loss=3.1189  avg=6.3718  lr=0.000041  B=7  1926ms
  [WB] boundary=93/100  core_diff=2.8343  bin_diff=0.0648  ratio=43.77  prune_act=0.0000
  [WB] structure=10/16 (62%)  opp_sim=0.068
  [WB] BOUNDARY OK | CORE>BIN OK | PRUNE silent OK
  [LOGIC] mlp=-1369.5416 attn=-5.2837 div=33.9525
  [TIME] CE=129ms logic_reg=2319ms
  step  6450/8000 (global=10450)  loss=4.1359  avg=6.3255  lr=0.000041  B=5  1926ms
  [WB] boundary=93/100  core_diff=2.8342  bin_diff=0.0648  ratio=43.76  prune_act=0.0000
  [WB] structure=10/16 (62%)  opp_sim=0.068
  [WB] BOUNDARY OK | CORE>BIN OK | PRUNE silent OK
[*] stateful inference started: window=9996, sinks=4, ctx=10240
[*] sliding window configured: W=9996, sinks=4 (effective context: 10000)
  [TRACE] "小": L0[||x||=8.67 C268(+259.70--9.99) B1076(+10064.37--23.97) P448(max0.000)] L4[||x||=6.00 C268(+1642.76--2.21) B1076(+3922.94--37.77) P448(max0.000)] L7[||x||=6.00 C268(+1233.11--5.72) B1076(+12078.15--17.52) P448(max0.000)] | H=13.29/15 top3=235 165 31874 
  [LOGIC] mlp=-1369.8660 attn=-5.2840 div=33.9525
  [TIME] CE=180ms logic_reg=2376ms
  step  6460/8000 (global=10460)  loss=6.0293  avg=6.4403  lr=0.000040  B=7  1926ms
  [WB] boundary=93/100  core_diff=2.8343  bin_diff=0.0648  ratio=43.72  prune_act=0.0000
  [WB] structure=10/16 (62%)  opp_sim=0.068
  [WB] BOUNDARY OK | CORE>BIN OK | PRUNE silent OK
  [LOGIC] mlp=-1370.3274 attn=-5.2850 div=33.9525
  [TIME] CE=105ms logic_reg=2314ms
  step  6470/8000 (global=10470)  loss=4.6422  avg=6.5129  lr=0.000040  B=4  1926ms
  [WB] boundary=93/100  core_diff=2.8340  bin_diff=0.0648  ratio=43.71  prune_act=0.0000
  [WB] structure=10/16 (62%)  opp_sim=0.068
  [WB] BOUNDARY OK | CORE>BIN OK | PRUNE silent OK
    [plan-I] step 7849 W_v approx_rank=17.4 (frob=10.60 max_row=0.61)
    [ortho] step 7849 L0 W_o off_diag=0.21 diag_dev=0.0730
    [plan-I] step 7849 W_v approx_rank=17.4 (frob=10.56 max_row=0.61)
    [ortho] step 7849 L1 W_o off_diag=0.21 diag_dev=0.0731
    [plan-I] step 7849 W_v approx_rank=17.4 (frob=10.67 max_row=0.61)
    [ortho] step 7849 L2 W_o off_diag=0.21 diag_dev=0.0728
    [plan-I] step 7849 W_v approx_rank=17.3 (frob=10.55 max_row=0.61)
    [ortho] step 7849 L3 W_o off_diag=0.21 diag_dev=0.0730
    [plan-I] step 7849 W_v approx_rank=17.1 (frob=10.43 max_row=0.61)
    [ortho] step 7849 L4 W_o off_diag=0.21 diag_dev=0.0731
    [plan-I] step 7849 W_v approx_rank=17.4 (frob=10.70 max_row=0.62)
    [ortho] step 7849 L5 W_o off_diag=0.21 diag_dev=0.0732
    [plan-I] step 7849 W_v approx_rank=17.1 (frob=10.49 max_row=0.61)
    [ortho] step 7849 L6 W_o off_diag=0.21 diag_dev=0.0730
    [plan-I] step 7849 W_v approx_rank=17.1 (frob=10.60 max_row=0.62)
    [ortho] step 7849 L7 W_o off_diag=0.21 diag_dev=0.0733
  [LOGIC] mlp=-1370.6718 attn=-5.2860 div=33.9526
  [TIME] CE=246ms logic_reg=2325ms
  step  6480/8000 (global=10480)  loss=7.9428  avg=6.5080  lr=0.000039  B=7  1926ms
  [WB] boundary=93/100  core_diff=2.8341  bin_diff=0.0649  ratio=43.69  prune_act=0.0000
  [WB] structure=10/16 (62%)  opp_sim=0.068
  [WB] BOUNDARY OK | CORE>BIN OK | PRUNE silent OK
  [LOGIC] mlp=-1370.4298 attn=-5.2854 div=33.9526
  [TIME] CE=105ms logic_reg=2314ms
  step  6490/8000 (global=10490)  loss=7.8263  avg=6.3939  lr=0.000039  B=4  1926ms
  [WB] boundary=93/100  core_diff=2.8343  bin_diff=0.0649  ratio=43.65  prune_act=0.0000
  [WB] structure=10/16 (62%)  opp_sim=0.068
  [WB] BOUNDARY OK | CORE>BIN OK | PRUNE silent OK
  [LOGIC] mlp=-1370.2836 attn=-5.2849 div=33.9526
  [TIME] CE=215ms logic_reg=2411ms
  step  6500/8000 (global=10500)  loss=4.8875  avg=6.2896  lr=0.000038  B=6  1926ms
  [WB] boundary=93/100  core_diff=2.8341  bin_diff=0.0649  ratio=43.65  prune_act=0.0000
  [WB] structure=10/16 (62%)  opp_sim=0.068
  [WB] BOUNDARY OK | CORE>BIN OK | PRUNE silent OK
[*] stateful inference started: window=9996, sinks=4, ctx=10240
[*] sliding window configured: W=9996, sinks=4 (effective context: 10000)
  [TRACE] "热": L0[||x||=8.80 C268(+276.27--9.32) B1076(+10166.11--23.12) P448(max0.000)] L4[||x||=6.00 C268(+1587.05--2.48) B1076(+3976.07--38.04) P448(max0.000)] L7[||x||=6.00 C268(+1191.77--6.14) B1076(+12607.62--17.94) P448(max0.000)] | H=13.35/15 top3=32609 165 235 
  [LOGIC] mlp=-1370.3387 attn=-5.2847 div=33.9526
  [TIME] CE=204ms logic_reg=2369ms
  step  6510/8000 (global=10510)  loss=7.3596  avg=6.4295  lr=0.000038  B=8  1926ms
  [WB] boundary=93/100  core_diff=2.8340  bin_diff=0.0649  ratio=43.66  prune_act=0.0000
  [WB] structure=10/16 (62%)  opp_sim=0.068
  [WB] BOUNDARY OK | CORE>BIN OK | PRUNE silent OK
  [LOGIC] mlp=-1370.7130 attn=-5.2850 div=33.9527
  [TIME] CE=105ms logic_reg=2441ms
  step  6520/8000 (global=10520)  loss=5.8605  avg=6.2740  lr=0.000037  B=4  1926ms
  [WB] boundary=93/100  core_diff=2.8335  bin_diff=0.0649  ratio=43.67  prune_act=0.0000
  [WB] structure=10/16 (62%)  opp_sim=0.068
  [WB] BOUNDARY OK | CORE>BIN OK | PRUNE silent OK
    [plan-I] step 7899 W_v approx_rank=17.4 (frob=10.60 max_row=0.61)
    [ortho] step 7899 L0 W_o off_diag=0.21 diag_dev=0.0730
    [plan-I] step 7899 W_v approx_rank=17.4 (frob=10.56 max_row=0.61)
    [ortho] step 7899 L1 W_o off_diag=0.21 diag_dev=0.0731
    [plan-I] step 7899 W_v approx_rank=17.4 (frob=10.67 max_row=0.61)
    [ortho] step 7899 L2 W_o off_diag=0.21 diag_dev=0.0728
    [plan-I] step 7899 W_v approx_rank=17.3 (frob=10.55 max_row=0.61)
    [ortho] step 7899 L3 W_o off_diag=0.21 diag_dev=0.0730
    [plan-I] step 7899 W_v approx_rank=17.1 (frob=10.43 max_row=0.61)
    [ortho] step 7899 L4 W_o off_diag=0.21 diag_dev=0.0732
    [plan-I] step 7899 W_v approx_rank=17.4 (frob=10.70 max_row=0.62)
    [ortho] step 7899 L5 W_o off_diag=0.21 diag_dev=0.0733
    [plan-I] step 7899 W_v approx_rank=17.1 (frob=10.49 max_row=0.61)
    [ortho] step 7899 L6 W_o off_diag=0.21 diag_dev=0.0731
    [plan-I] step 7899 W_v approx_rank=17.1 (frob=10.60 max_row=0.62)
    [ortho] step 7899 L7 W_o off_diag=0.21 diag_dev=0.0733
  [LOGIC] mlp=-1370.8046 attn=-5.2840 div=33.9527
  [TIME] CE=154ms logic_reg=2482ms
  step  6530/8000 (global=10530)  loss=8.2796  avg=6.2080  lr=0.000037  B=6  1926ms
  [WB] boundary=93/100  core_diff=2.8328  bin_diff=0.0648  ratio=43.69  prune_act=0.0000
  [WB] structure=10/16 (62%)  opp_sim=0.068
  [WB] BOUNDARY OK | CORE>BIN OK | PRUNE silent OK
  [LOGIC] mlp=-1370.7662 attn=-5.2831 div=33.9528
  [TIME] CE=202ms logic_reg=2493ms
  step  6540/8000 (global=10540)  loss=5.4336  avg=6.2607  lr=0.000036  B=8  1926ms
  [WB] boundary=93/100  core_diff=2.8323  bin_diff=0.0648  ratio=43.68  prune_act=0.0000
  [WB] structure=10/16 (62%)  opp_sim=0.068
  [WB] BOUNDARY OK | CORE>BIN OK | PRUNE silent OK
  [LOGIC] mlp=-1370.7432 attn=-5.2822 div=33.9529
  [TIME] CE=154ms logic_reg=2313ms
  step  6550/8000 (global=10550)  loss=4.9306  avg=6.3001  lr=0.000036  B=6  1926ms
  [WB] boundary=93/100  core_diff=2.8317  bin_diff=0.0648  ratio=43.68  prune_act=0.0000
  [WB] structure=10/16 (62%)  opp_sim=0.068
  [WB] BOUNDARY OK | CORE>BIN OK | PRUNE silent OK
[*] stateful inference started: window=9996, sinks=4, ctx=10240
[*] sliding window configured: W=9996, sinks=4 (effective context: 10000)
  [TRACE] "冷": L0[||x||=8.73 C268(+287.16--9.69) B1076(+10147.32--24.32) P448(max0.000)] L4[||x||=6.00 C268(+1593.68--2.53) B1076(+3982.11--38.20) P448(max0.000)] L7[||x||=6.00 C268(+1202.64--5.95) B1076(+12705.96--17.86) P448(max0.000)] | H=13.23/15 top3=32609 235 232 
  [LOGIC] mlp=-1370.9686 attn=-5.2821 div=33.9529
  [TIME] CE=181ms logic_reg=2433ms
  step  6560/8000 (global=10560)  loss=5.8644  avg=6.4215  lr=0.000035  B=7  1926ms
  [WB] boundary=93/100  core_diff=2.8318  bin_diff=0.0648  ratio=43.67  prune_act=0.0000
  [WB] structure=10/16 (62%)  opp_sim=0.068
  [WB] BOUNDARY OK | CORE>BIN OK | PRUNE silent OK
  [LOGIC] mlp=-1371.2050 attn=-5.2824 div=33.9529
  [TIME] CE=180ms logic_reg=2332ms
  step  6570/8000 (global=10570)  loss=5.7211  avg=6.4797  lr=0.000035  B=7  1926ms
  [WB] boundary=93/100  core_diff=2.8320  bin_diff=0.0649  ratio=43.65  prune_act=0.0000
  [WB] structure=10/16 (62%)  opp_sim=0.068
  [WB] BOUNDARY OK | CORE>BIN OK | PRUNE silent OK
    [plan-I] step 7949 W_v approx_rank=17.4 (frob=10.60 max_row=0.61)
    [ortho] step 7949 L0 W_o off_diag=0.21 diag_dev=0.0731
    [plan-I] step 7949 W_v approx_rank=17.4 (frob=10.56 max_row=0.61)
    [ortho] step 7949 L1 W_o off_diag=0.21 diag_dev=0.0732
    [plan-I] step 7949 W_v approx_rank=17.4 (frob=10.67 max_row=0.61)
    [ortho] step 7949 L2 W_o off_diag=0.21 diag_dev=0.0729
    [plan-I] step 7949 W_v approx_rank=17.3 (frob=10.55 max_row=0.61)
    [ortho] step 7949 L3 W_o off_diag=0.21 diag_dev=0.0731
    [plan-I] step 7949 W_v approx_rank=17.1 (frob=10.43 max_row=0.61)
    [ortho] step 7949 L4 W_o off_diag=0.21 diag_dev=0.0732
    [plan-I] step 7949 W_v approx_rank=17.4 (frob=10.70 max_row=0.62)
    [ortho] step 7949 L5 W_o off_diag=0.21 diag_dev=0.0733
    [plan-I] step 7949 W_v approx_rank=17.1 (frob=10.49 max_row=0.61)
    [ortho] step 7949 L6 W_o off_diag=0.21 diag_dev=0.0731
    [plan-I] step 7949 W_v approx_rank=17.1 (frob=10.60 max_row=0.62)
    [ortho] step 7949 L7 W_o off_diag=0.21 diag_dev=0.0733
  [LOGIC] mlp=-1371.3352 attn=-5.2820 div=33.9529
  [TIME] CE=156ms logic_reg=2319ms
  step  6580/8000 (global=10580)  loss=7.0479  avg=6.6550  lr=0.000034  B=6  1926ms
  [WB] boundary=93/100  core_diff=2.8322  bin_diff=0.0649  ratio=43.62  prune_act=0.0000
  [WB] structure=10/16 (62%)  opp_sim=0.068
  [WB] BOUNDARY OK | CORE>BIN OK | PRUNE silent OK
  [LOGIC] mlp=-1371.0291 attn=-5.2816 div=33.9529
  [TIME] CE=156ms logic_reg=2332ms
  step  6590/8000 (global=10590)  loss=5.9126  avg=6.6674  lr=0.000034  B=6  1926ms
  [WB] boundary=93/100  core_diff=2.8325  bin_diff=0.0650  ratio=43.59  prune_act=0.0000
  [WB] structure=10/16 (62%)  opp_sim=0.068
  [WB] BOUNDARY OK | CORE>BIN OK | PRUNE silent OK
  [LOGIC] mlp=-1370.7932 attn=-5.2813 div=33.9529
  [TIME] CE=156ms logic_reg=2347ms
  step  6600/8000 (global=10600)  loss=3.9072  avg=6.6427  lr=0.000033  B=6  1926ms
  [WB] boundary=93/100  core_diff=2.8326  bin_diff=0.0650  ratio=43.59  prune_act=0.0000
  [WB] structure=10/16 (62%)  opp_sim=0.068
  [WB] BOUNDARY OK | CORE>BIN OK | PRUNE silent OK
[*] stateful inference started: window=9996, sinks=4, ctx=10240
[*] sliding window configured: W=9996, sinks=4 (effective context: 10000)
  [TRACE] "火": L0[||x||=8.59 C268(+320.68--9.77) B1076(+10037.04--25.81) P448(max0.000)] L4[||x||=6.00 C268(+1667.09--2.81) B1076(+3971.78--37.18) P448(max0.000)] L7[||x||=6.00 C268(+1242.56--5.55) B1076(+12402.48--17.52) P448(max0.000)] | H=13.15/15 top3=32609 235 232 
  [LOGIC] mlp=-1370.4846 attn=-5.2806 div=33.9530
  [TIME] CE=181ms logic_reg=2319ms
  step  6610/8000 (global=10610)  loss=5.8820  avg=6.7104  lr=0.000033  B=7  1926ms
  [WB] boundary=93/100  core_diff=2.8321  bin_diff=0.0650  ratio=43.59  prune_act=0.0000
  [WB] structure=10/16 (62%)  opp_sim=0.068
  [WB] BOUNDARY OK | CORE>BIN OK | PRUNE silent OK
  [LOGIC] mlp=-1370.6571 attn=-5.2802 div=33.9530
  [TIME] CE=177ms logic_reg=2502ms
  step  6620/8000 (global=10620)  loss=4.4684  avg=6.7001  lr=0.000033  B=7  1926ms
  [WB] boundary=93/100  core_diff=2.8317  bin_diff=0.0650  ratio=43.60  prune_act=0.0000
  [WB] structure=10/16 (62%)  opp_sim=0.068
  [WB] BOUNDARY OK | CORE>BIN OK | PRUNE silent OK
    [plan-I] step 7999 W_v approx_rank=17.4 (frob=10.60 max_row=0.61)
    [ortho] step 7999 L0 W_o off_diag=0.21 diag_dev=0.0731
    [plan-I] step 7999 W_v approx_rank=17.4 (frob=10.56 max_row=0.61)
    [ortho] step 7999 L1 W_o off_diag=0.21 diag_dev=0.0732
    [plan-I] step 7999 W_v approx_rank=17.4 (frob=10.67 max_row=0.61)
    [ortho] step 7999 L2 W_o off_diag=0.21 diag_dev=0.0729
    [plan-I] step 7999 W_v approx_rank=17.3 (frob=10.55 max_row=0.61)
    [ortho] step 7999 L3 W_o off_diag=0.21 diag_dev=0.0731
    [plan-I] step 7999 W_v approx_rank=17.1 (frob=10.43 max_row=0.61)
    [ortho] step 7999 L4 W_o off_diag=0.21 diag_dev=0.0733
    [plan-I] step 7999 W_v approx_rank=17.4 (frob=10.70 max_row=0.62)
    [ortho] step 7999 L5 W_o off_diag=0.21 diag_dev=0.0734
    [plan-I] step 7999 W_v approx_rank=17.1 (frob=10.49 max_row=0.61)
    [ortho] step 7999 L6 W_o off_diag=0.21 diag_dev=0.0732
    [plan-I] step 7999 W_v approx_rank=17.1 (frob=10.60 max_row=0.62)
    [ortho] step 7999 L7 W_o off_diag=0.21 diag_dev=0.0733
  [LOGIC] mlp=-1370.5231 attn=-5.2792 div=33.9530
  [TIME] CE=129ms logic_reg=2312ms
  step  6630/8000 (global=10630)  loss=7.2811  avg=6.5581  lr=0.000032  B=5  1926ms
  [WB] boundary=93/100  core_diff=2.8311  bin_diff=0.0649  ratio=43.61  prune_act=0.0000
  [WB] structure=10/16 (62%)  opp_sim=0.068
  [WB] BOUNDARY OK | CORE>BIN OK | PRUNE silent OK
  [LOGIC] mlp=-1370.4785 attn=-5.2781 div=33.9531
  [TIME] CE=131ms logic_reg=2323ms
  step  6640/8000 (global=10640)  loss=4.7988  avg=6.4091  lr=0.000032  B=5  1926ms
  [WB] boundary=93/100  core_diff=2.8303  bin_diff=0.0649  ratio=43.60  prune_act=0.0000
  [WB] structure=10/16 (62%)  opp_sim=0.068
  [WB] BOUNDARY OK | CORE>BIN OK | PRUNE silent OK
  [LOGIC] mlp=-1370.8746 attn=-5.2785 div=33.9532
  [TIME] CE=131ms logic_reg=2521ms
  step  6650/8000 (global=10650)  loss=7.2611  avg=6.2609  lr=0.000031  B=5  1926ms
  [WB] boundary=93/100  core_diff=2.8299  bin_diff=0.0649  ratio=43.59  prune_act=0.0000
  [WB] structure=10/16 (62%)  opp_sim=0.068
  [WB] BOUNDARY OK | CORE>BIN OK | PRUNE silent OK
[*] stateful inference started: window=9996, sinks=4, ctx=10240
[*] sliding window configured: W=9996, sinks=4 (effective context: 10000)
  [TRACE] "水": L0[||x||=8.61 C268(+244.24--9.39) B1076(+10275.16--21.10) P448(max0.000)] L4[||x||=6.00 C268(+1567.26--2.32) B1076(+4012.83--38.10) P448(max0.000)] L7[||x||=6.00 C268(+1202.60--6.12) B1076(+12831.99--17.92) P448(max0.000)] | H=13.43/15 top3=232 235 165 
  [LOGIC] mlp=-1370.6572 attn=-5.2775 div=33.9532
  [TIME] CE=157ms logic_reg=2365ms
  step  6660/8000 (global=10660)  loss=3.9821  avg=6.1916  lr=0.000031  B=6  1926ms
  [WB] boundary=93/100  core_diff=2.8295  bin_diff=0.0649  ratio=43.59  prune_act=0.0000
  [WB] structure=10/16 (62%)  opp_sim=0.068
  [WB] BOUNDARY OK | CORE>BIN OK | PRUNE silent OK
  [LOGIC] mlp=-1370.6396 attn=-5.2775 div=33.9533
  [TIME] CE=107ms logic_reg=2358ms
  step  6670/8000 (global=10670)  loss=5.7128  avg=6.1468  lr=0.000030  B=4  1926ms
  [WB] boundary=93/100  core_diff=2.8295  bin_diff=0.0649  ratio=43.58  prune_act=0.0000
  [WB] structure=10/16 (62%)  opp_sim=0.068
  [WB] BOUNDARY OK | CORE>BIN OK | PRUNE silent OK
    [plan-I] step 8049 W_v approx_rank=17.4 (frob=10.60 max_row=0.61)
    [ortho] step 8049 L0 W_o off_diag=0.21 diag_dev=0.0731
    [plan-I] step 8049 W_v approx_rank=17.4 (frob=10.56 max_row=0.61)
    [ortho] step 8049 L1 W_o off_diag=0.21 diag_dev=0.0732
    [plan-I] step 8049 W_v approx_rank=17.4 (frob=10.67 max_row=0.61)
    [ortho] step 8049 L2 W_o off_diag=0.21 diag_dev=0.0729
    [plan-I] step 8049 W_v approx_rank=17.3 (frob=10.55 max_row=0.61)
    [ortho] step 8049 L3 W_o off_diag=0.21 diag_dev=0.0731
    [plan-I] step 8049 W_v approx_rank=17.1 (frob=10.43 max_row=0.61)
    [ortho] step 8049 L4 W_o off_diag=0.21 diag_dev=0.0732
    [plan-I] step 8049 W_v approx_rank=17.4 (frob=10.70 max_row=0.62)
    [ortho] step 8049 L5 W_o off_diag=0.21 diag_dev=0.0733
    [plan-I] step 8049 W_v approx_rank=17.1 (frob=10.49 max_row=0.61)
    [ortho] step 8049 L6 W_o off_diag=0.21 diag_dev=0.0731
    [plan-I] step 8049 W_v approx_rank=17.1 (frob=10.60 max_row=0.62)
    [ortho] step 8049 L7 W_o off_diag=0.21 diag_dev=0.0734
  [LOGIC] mlp=-1370.5729 attn=-5.2775 div=33.9533
  [TIME] CE=160ms logic_reg=2390ms
  step  6680/8000 (global=10680)  loss=4.0834  avg=6.0732  lr=0.000030  B=6  1926ms
  [WB] boundary=93/100  core_diff=2.8296  bin_diff=0.0649  ratio=43.57  prune_act=0.0000
  [WB] structure=10/16 (62%)  opp_sim=0.068
  [WB] BOUNDARY OK | CORE>BIN OK | PRUNE silent OK
  [LOGIC] mlp=-1370.8770 attn=-5.2779 div=33.9533
  [TIME] CE=107ms logic_reg=2338ms
  step  6690/8000 (global=10690)  loss=7.8285  avg=6.2773  lr=0.000029  B=4  1926ms
  [WB] boundary=93/100  core_diff=2.8294  bin_diff=0.0650  ratio=43.56  prune_act=0.0000
  [WB] structure=10/16 (62%)  opp_sim=0.068
  [WB] BOUNDARY OK | CORE>BIN OK | PRUNE silent OK
  [LOGIC] mlp=-1371.0138 attn=-5.2777 div=33.9533
  [TIME] CE=157ms logic_reg=2513ms
  step  6700/8000 (global=10700)  loss=6.9272  avg=6.2088  lr=0.000029  B=6  1926ms
  [WB] boundary=93/100  core_diff=2.8292  bin_diff=0.0650  ratio=43.54  prune_act=0.0000
  [WB] structure=10/16 (62%)  opp_sim=0.068
  [WB] BOUNDARY OK | CORE>BIN OK | PRUNE silent OK
[*] stateful inference started: window=9996, sinks=4, ctx=10240
[*] sliding window configured: W=9996, sinks=4 (effective context: 10000)
  [TRACE] "大": L0[||x||=8.40 C268(+264.76--10.57) B1076(+9929.71--25.62) P448(max0.000)] L4[||x||=6.00 C268(+1697.33--2.39) B1076(+4001.73--35.78) P448(max0.000)] L7[||x||=6.00 C268(+1261.73--5.39) B1076(+12324.93--17.26) P448(max0.000)] | H=13.36/15 top3=235 31874 165 
  [LOGIC] mlp=-1370.8744 attn=-5.2771 div=33.9534
  [TIME] CE=108ms logic_reg=2329ms
  step  6710/8000 (global=10710)  loss=8.2822  avg=6.3439  lr=0.000028  B=4  1926ms
  [WB] boundary=93/100  core_diff=2.8291  bin_diff=0.0650  ratio=43.53  prune_act=0.0000
  [WB] structure=10/16 (62%)  opp_sim=0.068
  [WB] BOUNDARY OK | CORE>BIN OK | PRUNE silent OK
  [LOGIC] mlp=-1370.5333 attn=-5.2760 div=33.9534
  [TIME] CE=133ms logic_reg=2333ms
  step  6720/8000 (global=10720)  loss=7.0832  avg=6.5524  lr=0.000028  B=5  1926ms
  [WB] boundary=93/100  core_diff=2.8293  bin_diff=0.0650  ratio=43.53  prune_act=0.0000
  [WB] structure=10/16 (62%)  opp_sim=0.068
  [WB] BOUNDARY OK | CORE>BIN OK | PRUNE silent OK
    [plan-I] step 8099 W_v approx_rank=17.4 (frob=10.60 max_row=0.61)
    [ortho] step 8099 L0 W_o off_diag=0.21 diag_dev=0.0732
    [plan-I] step 8099 W_v approx_rank=17.4 (frob=10.56 max_row=0.61)
    [ortho] step 8099 L1 W_o off_diag=0.21 diag_dev=0.0733
    [plan-I] step 8099 W_v approx_rank=17.4 (frob=10.67 max_row=0.61)
    [ortho] step 8099 L2 W_o off_diag=0.21 diag_dev=0.0730
    [plan-I] step 8099 W_v approx_rank=17.3 (frob=10.55 max_row=0.61)
    [ortho] step 8099 L3 W_o off_diag=0.21 diag_dev=0.0732
    [plan-I] step 8099 W_v approx_rank=17.1 (frob=10.43 max_row=0.61)
    [ortho] step 8099 L4 W_o off_diag=0.21 diag_dev=0.0733
    [plan-I] step 8099 W_v approx_rank=17.4 (frob=10.70 max_row=0.62)
    [ortho] step 8099 L5 W_o off_diag=0.21 diag_dev=0.0734
    [plan-I] step 8099 W_v approx_rank=17.1 (frob=10.49 max_row=0.61)
    [ortho] step 8099 L6 W_o off_diag=0.21 diag_dev=0.0732
    [plan-I] step 8099 W_v approx_rank=17.1 (frob=10.60 max_row=0.62)
    [ortho] step 8099 L7 W_o off_diag=0.21 diag_dev=0.0734
  [LOGIC] mlp=-1370.7881 attn=-5.2760 div=33.9534
  [TIME] CE=158ms logic_reg=2568ms
  step  6730/8000 (global=10730)  loss=5.3913  avg=6.7112  lr=0.000028  B=6  1926ms
  [WB] boundary=93/100  core_diff=2.8294  bin_diff=0.0650  ratio=43.55  prune_act=0.0000
  [WB] structure=10/16 (62%)  opp_sim=0.068
  [WB] BOUNDARY OK | CORE>BIN OK | PRUNE silent OK
  [LOGIC] mlp=-1371.1637 attn=-5.2764 div=33.9534
  [TIME] CE=184ms logic_reg=2318ms
  step  6740/8000 (global=10740)  loss=6.3928  avg=6.6554  lr=0.000027  B=7  1926ms
  [WB] boundary=93/100  core_diff=2.8293  bin_diff=0.0650  ratio=43.55  prune_act=0.0000
  [WB] structure=10/16 (62%)  opp_sim=0.068
  [WB] BOUNDARY OK | CORE>BIN OK | PRUNE silent OK
  [LOGIC] mlp=-1371.4286 attn=-5.2764 div=33.9534
  [TIME] CE=184ms logic_reg=2319ms
  step  6750/8000 (global=10750)  loss=5.1404  avg=6.5709  lr=0.000027  B=7  1926ms
  [WB] boundary=93/100  core_diff=2.8290  bin_diff=0.0650  ratio=43.52  prune_act=0.0000
  [WB] structure=10/16 (62%)  opp_sim=0.068
  [WB] BOUNDARY OK | CORE>BIN OK | PRUNE silent OK
[*] stateful inference started: window=9996, sinks=4, ctx=10240
[*] sliding window configured: W=9996, sinks=4 (effective context: 10000)
  [TRACE] "小": L0[||x||=8.70 C268(+262.73--9.79) B1076(+10162.76--24.40) P448(max0.000)] L4[||x||=6.00 C268(+1618.80--2.74) B1076(+4032.81--37.75) P448(max0.000)] L7[||x||=6.00 C268(+1217.95--5.80) B1076(+12820.88--17.71) P448(max0.000)] | H=13.34/15 top3=32609 235 232 
  [LOGIC] mlp=-1371.5802 attn=-5.2762 div=33.9535
  [TIME] CE=209ms logic_reg=2566ms
  step  6760/8000 (global=10760)  loss=4.4424  avg=6.5270  lr=0.000026  B=8  1926ms
  [WB] boundary=93/100  core_diff=2.8287  bin_diff=0.0650  ratio=43.52  prune_act=0.0000
  [WB] structure=10/16 (62%)  opp_sim=0.068
  [WB] BOUNDARY OK | CORE>BIN OK | PRUNE silent OK
  [LOGIC] mlp=-1371.7406 attn=-5.2762 div=33.9535
  [TIME] CE=132ms logic_reg=2322ms
  step  6770/8000 (global=10770)  loss=7.4543  avg=6.5355  lr=0.000026  B=5  1926ms
  [WB] boundary=93/100  core_diff=2.8286  bin_diff=0.0650  ratio=43.52  prune_act=0.0000
  [WB] structure=10/16 (62%)  opp_sim=0.068
  [WB] BOUNDARY OK | CORE>BIN OK | PRUNE silent OK
    [plan-I] step 8149 W_v approx_rank=17.4 (frob=10.60 max_row=0.61)
    [ortho] step 8149 L0 W_o off_diag=0.21 diag_dev=0.0732
    [plan-I] step 8149 W_v approx_rank=17.4 (frob=10.56 max_row=0.61)
    [ortho] step 8149 L1 W_o off_diag=0.21 diag_dev=0.0733
    [plan-I] step 8149 W_v approx_rank=17.4 (frob=10.67 max_row=0.61)
    [ortho] step 8149 L2 W_o off_diag=0.21 diag_dev=0.0730
    [plan-I] step 8149 W_v approx_rank=17.3 (frob=10.55 max_row=0.61)
    [ortho] step 8149 L3 W_o off_diag=0.21 diag_dev=0.0732
    [plan-I] step 8149 W_v approx_rank=17.1 (frob=10.43 max_row=0.61)
    [ortho] step 8149 L4 W_o off_diag=0.21 diag_dev=0.0733
    [plan-I] step 8149 W_v approx_rank=17.4 (frob=10.70 max_row=0.62)
    [ortho] step 8149 L5 W_o off_diag=0.21 diag_dev=0.0734
    [plan-I] step 8149 W_v approx_rank=17.1 (frob=10.49 max_row=0.61)
    [ortho] step 8149 L6 W_o off_diag=0.21 diag_dev=0.0732
    [plan-I] step 8149 W_v approx_rank=17.1 (frob=10.60 max_row=0.62)
    [ortho] step 8149 L7 W_o off_diag=0.21 diag_dev=0.0734
  [LOGIC] mlp=-1371.6062 attn=-5.2757 div=33.9535
  [TIME] CE=129ms logic_reg=2324ms
  step  6780/8000 (global=10780)  loss=7.2734  avg=6.4377  lr=0.000025  B=5  1926ms
  [WB] boundary=93/100  core_diff=2.8287  bin_diff=0.0650  ratio=43.50  prune_act=0.0000
  [WB] structure=10/16 (62%)  opp_sim=0.068
  [WB] BOUNDARY OK | CORE>BIN OK | PRUNE silent OK
  [LOGIC] mlp=-1371.2197 attn=-5.2749 div=33.9535
  [TIME] CE=130ms logic_reg=2313ms
  step  6790/8000 (global=10790)  loss=5.3884  avg=6.2515  lr=0.000025  B=5  1926ms
  [WB] boundary=93/100  core_diff=2.8290  bin_diff=0.0651  ratio=43.48  prune_act=0.0000
  [WB] structure=10/16 (62%)  opp_sim=0.068
  [WB] BOUNDARY OK | CORE>BIN OK | PRUNE silent OK
  [LOGIC] mlp=-1371.2831 attn=-5.2747 div=33.9535
  [TIME] CE=130ms logic_reg=2417ms
  step  6800/8000 (global=10800)  loss=6.7764  avg=6.3759  lr=0.000025  B=5  1926ms
  [WB] boundary=93/100  core_diff=2.8291  bin_diff=0.0651  ratio=43.47  prune_act=0.0000
  [WB] structure=10/16 (62%)  opp_sim=0.068
  [WB] BOUNDARY OK | CORE>BIN OK | PRUNE silent OK
[*] stateful inference started: window=9996, sinks=4, ctx=10240
[*] sliding window configured: W=9996, sinks=4 (effective context: 10000)
  [TRACE] "热": L0[||x||=8.82 C268(+278.99--9.23) B1076(+10254.79--23.55) P448(max0.000)] L4[||x||=6.00 C268(+1580.18--2.87) B1076(+4075.64--37.96) P448(max0.000)] L7[||x||=6.00 C268(+1189.62--6.12) B1076(+13202.18--17.81) P448(max0.000)] | H=13.36/15 top3=32609 235 232 
  [LOGIC] mlp=-1371.1139 attn=-5.2737 div=33.9535
  [TIME] CE=203ms logic_reg=2322ms
  step  6810/8000 (global=10810)  loss=7.2169  avg=6.4402  lr=0.000024  B=8  1926ms
  [WB] boundary=93/100  core_diff=2.8291  bin_diff=0.0651  ratio=43.45  prune_act=0.0000
  [WB] structure=10/16 (62%)  opp_sim=0.068
  [WB] BOUNDARY OK | CORE>BIN OK | PRUNE silent OK
  [LOGIC] mlp=-1370.8666 attn=-5.2726 div=33.9535
  [TIME] CE=307ms logic_reg=2325ms
  step  6820/8000 (global=10820)  loss=8.7405  avg=6.4857  lr=0.000024  B=5  1926ms
  [WB] boundary=93/100  core_diff=2.8290  bin_diff=0.0651  ratio=43.43  prune_act=0.0000
  [WB] structure=10/16 (62%)  opp_sim=0.068
  [WB] BOUNDARY OK | CORE>BIN OK | PRUNE silent OK
    [plan-I] step 8199 W_v approx_rank=17.4 (frob=10.60 max_row=0.61)
    [ortho] step 8199 L0 W_o off_diag=0.21 diag_dev=0.0732
    [plan-I] step 8199 W_v approx_rank=17.4 (frob=10.56 max_row=0.61)
    [ortho] step 8199 L1 W_o off_diag=0.21 diag_dev=0.0734
    [plan-I] step 8199 W_v approx_rank=17.4 (frob=10.67 max_row=0.61)
    [ortho] step 8199 L2 W_o off_diag=0.21 diag_dev=0.0730
    [plan-I] step 8199 W_v approx_rank=17.3 (frob=10.55 max_row=0.61)
    [ortho] step 8199 L3 W_o off_diag=0.21 diag_dev=0.0732
    [plan-I] step 8199 W_v approx_rank=17.1 (frob=10.43 max_row=0.61)
    [ortho] step 8199 L4 W_o off_diag=0.21 diag_dev=0.0733
    [plan-I] step 8199 W_v approx_rank=17.4 (frob=10.70 max_row=0.62)
    [ortho] step 8199 L5 W_o off_diag=0.21 diag_dev=0.0734
    [plan-I] step 8199 W_v approx_rank=17.1 (frob=10.49 max_row=0.61)
    [ortho] step 8199 L6 W_o off_diag=0.21 diag_dev=0.0733
    [plan-I] step 8199 W_v approx_rank=17.1 (frob=10.60 max_row=0.62)
    [ortho] step 8199 L7 W_o off_diag=0.21 diag_dev=0.0735
  [LOGIC] mlp=-1371.0555 attn=-5.2725 div=33.9535
  [TIME] CE=157ms logic_reg=2344ms
  step  6830/8000 (global=10830)  loss=9.0549  avg=6.6582  lr=0.000023  B=6  1926ms
  [WB] boundary=93/100  core_diff=2.8290  bin_diff=0.0652  ratio=43.42  prune_act=0.0000
  [WB] structure=10/16 (62%)  opp_sim=0.068
  [WB] BOUNDARY OK | CORE>BIN OK | PRUNE silent OK
  [LOGIC] mlp=-1371.5204 attn=-5.2732 div=33.9536
  [TIME] CE=158ms logic_reg=2348ms
  step  6840/8000 (global=10840)  loss=6.9959  avg=6.6152  lr=0.000023  B=6  1926ms
  [WB] boundary=93/100  core_diff=2.8289  bin_diff=0.0652  ratio=43.42  prune_act=0.0000
  [WB] structure=10/16 (62%)  opp_sim=0.068
  [WB] BOUNDARY OK | CORE>BIN OK | PRUNE silent OK
  [LOGIC] mlp=-1371.8186 attn=-5.2735 div=33.9536
  [TIME] CE=158ms logic_reg=2325ms
  step  6850/8000 (global=10850)  loss=5.8605  avg=6.5291  lr=0.000023  B=6  1926ms
  [WB] boundary=93/100  core_diff=2.8285  bin_diff=0.0651  ratio=43.42  prune_act=0.0000
  [WB] structure=10/16 (62%)  opp_sim=0.068
  [WB] BOUNDARY OK | CORE>BIN OK | PRUNE silent OK
[*] stateful inference started: window=9996, sinks=4, ctx=10240
[*] sliding window configured: W=9996, sinks=4 (effective context: 10000)
  [TRACE] "冷": L0[||x||=8.75 C268(+289.64--9.69) B1076(+10220.81--24.60) P448(max0.000)] L4[||x||=6.00 C268(+1600.73--2.88) B1076(+4081.93--37.89) P448(max0.000)] L7[||x||=6.00 C268(+1207.05--6.06) B1076(+13162.98--17.76) P448(max0.000)] | H=13.31/15 top3=32609 232 235 
  [LOGIC] mlp=-1372.1349 attn=-5.2744 div=33.9536
  [TIME] CE=183ms logic_reg=2329ms
  step  6860/8000 (global=10860)  loss=5.7289  avg=6.4497  lr=0.000022  B=7  1926ms
  [WB] boundary=93/100  core_diff=2.8285  bin_diff=0.0651  ratio=43.42  prune_act=0.0000
  [WB] structure=10/16 (62%)  opp_sim=0.068
  [WB] BOUNDARY OK | CORE>BIN OK | PRUNE silent OK
  [LOGIC] mlp=-1372.4091 attn=-5.2751 div=33.9536
  [TIME] CE=210ms logic_reg=2324ms
  step  6870/8000 (global=10870)  loss=6.4031  avg=6.5392  lr=0.000022  B=8  1926ms
  [WB] boundary=93/100  core_diff=2.8284  bin_diff=0.0651  ratio=43.42  prune_act=0.0000
  [WB] structure=10/16 (62%)  opp_sim=0.068
  [WB] BOUNDARY OK | CORE>BIN OK | PRUNE silent OK
    [plan-I] step 8249 W_v approx_rank=17.4 (frob=10.60 max_row=0.61)
    [ortho] step 8249 L0 W_o off_diag=0.21 diag_dev=0.0733
    [plan-I] step 8249 W_v approx_rank=17.4 (frob=10.56 max_row=0.61)
    [ortho] step 8249 L1 W_o off_diag=0.21 diag_dev=0.0734
    [plan-I] step 8249 W_v approx_rank=17.4 (frob=10.67 max_row=0.61)
    [ortho] step 8249 L2 W_o off_diag=0.21 diag_dev=0.0731
    [plan-I] step 8249 W_v approx_rank=17.3 (frob=10.55 max_row=0.61)
    [ortho] step 8249 L3 W_o off_diag=0.21 diag_dev=0.0733
    [plan-I] step 8249 W_v approx_rank=17.1 (frob=10.43 max_row=0.61)
    [ortho] step 8249 L4 W_o off_diag=0.21 diag_dev=0.0734
    [plan-I] step 8249 W_v approx_rank=17.4 (frob=10.70 max_row=0.62)
    [ortho] step 8249 L5 W_o off_diag=0.21 diag_dev=0.0735
    [plan-I] step 8249 W_v approx_rank=17.1 (frob=10.49 max_row=0.61)
    [ortho] step 8249 L6 W_o off_diag=0.21 diag_dev=0.0733
    [plan-I] step 8249 W_v approx_rank=17.1 (frob=10.60 max_row=0.62)
    [ortho] step 8249 L7 W_o off_diag=0.21 diag_dev=0.0735
  [LOGIC] mlp=-1372.6071 attn=-5.2756 div=33.9536
  [TIME] CE=156ms logic_reg=2390ms
  step  6880/8000 (global=10880)  loss=8.0769  avg=6.5890  lr=0.000022  B=6  1926ms
  [WB] boundary=93/100  core_diff=2.8284  bin_diff=0.0652  ratio=43.41  prune_act=0.0000
  [WB] structure=10/16 (62%)  opp_sim=0.068
  [WB] BOUNDARY OK | CORE>BIN OK | PRUNE silent OK
  [LOGIC] mlp=-1372.5992 attn=-5.2753 div=33.9537
  [TIME] CE=134ms logic_reg=2330ms
  step  6890/8000 (global=10890)  loss=6.1467  avg=6.5014  lr=0.000021  B=5  1926ms
  [WB] boundary=93/100  core_diff=2.8281  bin_diff=0.0652  ratio=43.40  prune_act=0.0000
  [WB] structure=10/16 (62%)  opp_sim=0.068
  [WB] BOUNDARY OK | CORE>BIN OK | PRUNE silent OK
  [LOGIC] mlp=-1372.6490 attn=-5.2750 div=33.9537
  [TIME] CE=106ms logic_reg=2437ms
  step  6900/8000 (global=10900)  loss=7.4905  avg=6.3823  lr=0.000021  B=4  1926ms
  [WB] boundary=93/100  core_diff=2.8277  bin_diff=0.0652  ratio=43.40  prune_act=0.0000
  [WB] structure=10/16 (62%)  opp_sim=0.068
  [WB] BOUNDARY OK | CORE>BIN OK | PRUNE silent OK
[*] stateful inference started: window=9996, sinks=4, ctx=10240
[*] sliding window configured: W=9996, sinks=4 (effective context: 10000)
  [TRACE] "火": L0[||x||=8.61 C268(+322.53--9.64) B1076(+10123.52--25.99) P448(max0.000)] L4[||x||=6.00 C268(+1655.24--3.06) B1076(+4072.03--36.68) P448(max0.000)] L7[||x||=6.00 C268(+1235.79--5.48) B1076(+12940.58--17.62) P448(max0.000)] | H=13.20/15 top3=32609 235 232 
  [LOGIC] mlp=-1372.4297 attn=-5.2741 div=33.9537
  [TIME] CE=82ms logic_reg=2315ms
  step  6910/8000 (global=10910)  loss=4.8123  avg=6.3550  lr=0.000020  B=3  1926ms
  [WB] boundary=93/100  core_diff=2.8277  bin_diff=0.0652  ratio=43.38  prune_act=0.0000
  [WB] structure=10/16 (62%)  opp_sim=0.068
  [WB] BOUNDARY OK | CORE>BIN OK | PRUNE silent OK
  [LOGIC] mlp=-1372.1462 attn=-5.2735 div=33.9537
  [TIME] CE=133ms logic_reg=2456ms
  step  6920/8000 (global=10920)  loss=6.6641  avg=6.4965  lr=0.000020  B=5  1926ms
  [WB] boundary=93/100  core_diff=2.8282  bin_diff=0.0652  ratio=43.36  prune_act=0.0000
  [WB] structure=10/16 (62%)  opp_sim=0.068
  [WB] BOUNDARY OK | CORE>BIN OK | PRUNE silent OK
    [plan-I] step 8299 W_v approx_rank=17.4 (frob=10.60 max_row=0.61)
    [ortho] step 8299 L0 W_o off_diag=0.21 diag_dev=0.0733
    [plan-I] step 8299 W_v approx_rank=17.4 (frob=10.56 max_row=0.61)
    [ortho] step 8299 L1 W_o off_diag=0.21 diag_dev=0.0734
    [plan-I] step 8299 W_v approx_rank=17.4 (frob=10.67 max_row=0.61)
    [ortho] step 8299 L2 W_o off_diag=0.21 diag_dev=0.0731
    [plan-I] step 8299 W_v approx_rank=17.3 (frob=10.55 max_row=0.61)
    [ortho] step 8299 L3 W_o off_diag=0.21 diag_dev=0.0733
    [plan-I] step 8299 W_v approx_rank=17.1 (frob=10.43 max_row=0.61)
    [ortho] step 8299 L4 W_o off_diag=0.21 diag_dev=0.0734
    [plan-I] step 8299 W_v approx_rank=17.4 (frob=10.70 max_row=0.62)
    [ortho] step 8299 L5 W_o off_diag=0.21 diag_dev=0.0735
    [plan-I] step 8299 W_v approx_rank=17.1 (frob=10.49 max_row=0.61)
    [ortho] step 8299 L6 W_o off_diag=0.21 diag_dev=0.0733
    [plan-I] step 8299 W_v approx_rank=17.1 (frob=10.60 max_row=0.62)
    [ortho] step 8299 L7 W_o off_diag=0.21 diag_dev=0.0735
  [LOGIC] mlp=-1372.2343 attn=-5.2734 div=33.9537
  [TIME] CE=108ms logic_reg=2330ms
  step  6930/8000 (global=10930)  loss=6.9072  avg=6.6445  lr=0.000020  B=4  1926ms
  [WB] boundary=93/100  core_diff=2.8282  bin_diff=0.0652  ratio=43.34  prune_act=0.0000
  [WB] structure=10/16 (62%)  opp_sim=0.068
  [WB] BOUNDARY OK | CORE>BIN OK | PRUNE silent OK
  [LOGIC] mlp=-1372.4615 attn=-5.2731 div=33.9538
  [TIME] CE=130ms logic_reg=2416ms
  step  6940/8000 (global=10940)  loss=4.3683  avg=6.5125  lr=0.000019  B=5  1926ms
  [WB] boundary=93/100  core_diff=2.8278  bin_diff=0.0652  ratio=43.34  prune_act=0.0000
  [WB] structure=10/16 (62%)  opp_sim=0.068
  [WB] BOUNDARY OK | CORE>BIN OK | PRUNE silent OK
  [LOGIC] mlp=-1372.6289 attn=-5.2730 div=33.9538
  [TIME] CE=106ms logic_reg=2322ms
  step  6950/8000 (global=10950)  loss=7.0485  avg=6.5664  lr=0.000019  B=4  1926ms
  [WB] boundary=93/100  core_diff=2.8277  bin_diff=0.0653  ratio=43.33  prune_act=0.0000
  [WB] structure=10/16 (62%)  opp_sim=0.068
  [WB] BOUNDARY OK | CORE>BIN OK | PRUNE silent OK
[*] stateful inference started: window=9996, sinks=4, ctx=10240
[*] sliding window configured: W=9996, sinks=4 (effective context: 10000)
  [TRACE] "水": L0[||x||=8.63 C268(+246.17--9.39) B1076(+10345.01--21.42) P448(max0.000)] L4[||x||=6.00 C268(+1558.46--2.36) B1076(+4098.32--38.07) P448(max0.000)] L7[||x||=6.00 C268(+1196.52--6.38) B1076(+13259.90--17.81) P448(max0.000)] | H=13.50/15 top3=232 235 32609 
  [LOGIC] mlp=-1372.7933 attn=-5.2731 div=33.9538
  [TIME] CE=132ms logic_reg=2478ms
  step  6960/8000 (global=10960)  loss=7.0159  avg=6.7431  lr=0.000019  B=5  1926ms
  [WB] boundary=93/100  core_diff=2.8276  bin_diff=0.0653  ratio=43.32  prune_act=0.0000
  [WB] structure=10/16 (62%)  opp_sim=0.068
  [WB] BOUNDARY OK | CORE>BIN OK | PRUNE silent OK
  [LOGIC] mlp=-1372.9288 attn=-5.2730 div=33.9538
  [TIME] CE=183ms logic_reg=2336ms
  step  6970/8000 (global=10970)  loss=7.5398  avg=6.9301  lr=0.000018  B=7  1926ms
  [WB] boundary=93/100  core_diff=2.8275  bin_diff=0.0653  ratio=43.32  prune_act=0.0000
  [WB] structure=10/16 (62%)  opp_sim=0.068
  [WB] BOUNDARY OK | CORE>BIN OK | PRUNE silent OK
    [plan-I] step 8349 W_v approx_rank=17.4 (frob=10.60 max_row=0.61)
    [ortho] step 8349 L0 W_o off_diag=0.21 diag_dev=0.0733
    [plan-I] step 8349 W_v approx_rank=17.4 (frob=10.56 max_row=0.61)
    [ortho] step 8349 L1 W_o off_diag=0.21 diag_dev=0.0734
    [plan-I] step 8349 W_v approx_rank=17.4 (frob=10.67 max_row=0.61)
    [ortho] step 8349 L2 W_o off_diag=0.21 diag_dev=0.0731
    [plan-I] step 8349 W_v approx_rank=17.3 (frob=10.55 max_row=0.61)
    [ortho] step 8349 L3 W_o off_diag=0.21 diag_dev=0.0733
    [plan-I] step 8349 W_v approx_rank=17.1 (frob=10.43 max_row=0.61)
    [ortho] step 8349 L4 W_o off_diag=0.21 diag_dev=0.0734
    [plan-I] step 8349 W_v approx_rank=17.4 (frob=10.70 max_row=0.62)
    [ortho] step 8349 L5 W_o off_diag=0.21 diag_dev=0.0735
    [plan-I] step 8349 W_v approx_rank=17.1 (frob=10.49 max_row=0.61)
    [ortho] step 8349 L6 W_o off_diag=0.21 diag_dev=0.0733
    [plan-I] step 8349 W_v approx_rank=17.1 (frob=10.60 max_row=0.62)
    [ortho] step 8349 L7 W_o off_diag=0.21 diag_dev=0.0736
  [LOGIC] mlp=-1372.8607 attn=-5.2728 div=33.9538
  [TIME] CE=156ms logic_reg=2319ms
  step  6980/8000 (global=10980)  loss=4.1620  avg=6.9625  lr=0.000018  B=6  1926ms
  [WB] boundary=93/100  core_diff=2.8277  bin_diff=0.0653  ratio=43.31  prune_act=0.0000
  [WB] structure=10/16 (62%)  opp_sim=0.068
  [WB] BOUNDARY OK | CORE>BIN OK | PRUNE silent OK
  [LOGIC] mlp=-1372.9547 attn=-5.2728 div=33.9538
  [TIME] CE=158ms logic_reg=2367ms
  step  6990/8000 (global=10990)  loss=8.1278  avg=6.7819  lr=0.000018  B=6  1926ms
  [WB] boundary=93/100  core_diff=2.8277  bin_diff=0.0653  ratio=43.30  prune_act=0.0000
  [WB] structure=10/16 (62%)  opp_sim=0.068
  [WB] BOUNDARY OK | CORE>BIN OK | PRUNE silent OK
  [LOGIC] mlp=-1373.0061 attn=-5.2729 div=33.9538
  [TIME] CE=132ms logic_reg=2323ms
  step  7000/8000 (global=11000)  loss=7.3307  avg=6.6434  lr=0.000017  B=5  1926ms
  [WB] boundary=93/100  core_diff=2.8277  bin_diff=0.0653  ratio=43.29  prune_act=0.0000
  [WB] structure=10/16 (62%)  opp_sim=0.068
  [WB] BOUNDARY OK | CORE>BIN OK | PRUNE silent OK
[*] stateful inference started: window=9996, sinks=4, ctx=10240
[*] sliding window configured: W=9996, sinks=4 (effective context: 10000)
  [TRACE] "大": L0[||x||=8.42 C268(+265.44--10.52) B1076(+10003.47--25.68) P448(max0.000)] L4[||x||=6.00 C268(+1674.87--2.69) B1076(+4077.53--35.82) P448(max0.000)] L7[||x||=6.00 C268(+1251.31--5.30) B1076(+12779.04--17.35) P448(max0.000)] | H=13.45/15 top3=235 232 32609 
  [LOGIC] mlp=-1373.0106 attn=-5.2725 div=33.9539
  [TIME] CE=184ms logic_reg=2548ms
  step  7010/8000 (global=11010)  loss=6.1394  avg=6.5696  lr=0.000017  B=7  1926ms
  [WB] boundary=93/100  core_diff=2.8274  bin_diff=0.0653  ratio=43.28  prune_act=0.0000
  [WB] structure=10/16 (62%)  opp_sim=0.068
  [WB] BOUNDARY OK | CORE>BIN OK | PRUNE silent OK
  [LOGIC] mlp=-1372.9231 attn=-5.2721 div=33.9539
  [TIME] CE=105ms logic_reg=2317ms
  step  7020/8000 (global=11020)  loss=8.7964  avg=6.5802  lr=0.000017  B=4  1926ms
  [WB] boundary=93/100  core_diff=2.8271  bin_diff=0.0653  ratio=43.27  prune_act=0.0000
  [WB] structure=10/16 (62%)  opp_sim=0.068
  [WB] BOUNDARY OK | CORE>BIN OK | PRUNE silent OK
    [plan-I] step 8399 W_v approx_rank=17.4 (frob=10.60 max_row=0.61)
    [ortho] step 8399 L0 W_o off_diag=0.21 diag_dev=0.0733
    [plan-I] step 8399 W_v approx_rank=17.4 (frob=10.56 max_row=0.61)
    [ortho] step 8399 L1 W_o off_diag=0.21 diag_dev=0.0735
    [plan-I] step 8399 W_v approx_rank=17.4 (frob=10.67 max_row=0.61)
    [ortho] step 8399 L2 W_o off_diag=0.21 diag_dev=0.0731
    [plan-I] step 8399 W_v approx_rank=17.3 (frob=10.55 max_row=0.61)
    [ortho] step 8399 L3 W_o off_diag=0.21 diag_dev=0.0733
    [plan-I] step 8399 W_v approx_rank=17.1 (frob=10.43 max_row=0.61)
    [ortho] step 8399 L4 W_o off_diag=0.21 diag_dev=0.0734
    [plan-I] step 8399 W_v approx_rank=17.4 (frob=10.70 max_row=0.62)
    [ortho] step 8399 L5 W_o off_diag=0.21 diag_dev=0.0735
    [plan-I] step 8399 W_v approx_rank=17.1 (frob=10.49 max_row=0.61)
    [ortho] step 8399 L6 W_o off_diag=0.21 diag_dev=0.0734
    [plan-I] step 8399 W_v approx_rank=17.1 (frob=10.60 max_row=0.62)
    [ortho] step 8399 L7 W_o off_diag=0.21 diag_dev=0.0736
  [LOGIC] mlp=-1372.8079 attn=-5.2715 div=33.9539
  [TIME] CE=157ms logic_reg=2315ms
  step  7030/8000 (global=11030)  loss=8.5090  avg=6.5141  lr=0.000016  B=6  1926ms
  [WB] boundary=93/100  core_diff=2.8269  bin_diff=0.0653  ratio=43.28  prune_act=0.0000
  [WB] structure=10/16 (62%)  opp_sim=0.068
  [WB] BOUNDARY OK | CORE>BIN OK | PRUNE silent OK
  [LOGIC] mlp=-1372.7874 attn=-5.2708 div=33.9540
  [TIME] CE=104ms logic_reg=2345ms
  step  7040/8000 (global=11040)  loss=8.5955  avg=6.4494  lr=0.000016  B=4  1926ms
  [WB] boundary=93/100  core_diff=2.8266  bin_diff=0.0653  ratio=43.28  prune_act=0.0000
  [WB] structure=10/16 (62%)  opp_sim=0.068
  [WB] BOUNDARY OK | CORE>BIN OK | PRUNE silent OK
  [LOGIC] mlp=-1372.8535 attn=-5.2707 div=33.9540
  [TIME] CE=105ms logic_reg=2312ms
  step  7050/8000 (global=11050)  loss=7.9163  avg=6.5043  lr=0.000016  B=4  1926ms
  [WB] boundary=93/100  core_diff=2.8266  bin_diff=0.0653  ratio=43.27  prune_act=0.0000
  [WB] structure=10/16 (62%)  opp_sim=0.068
  [WB] BOUNDARY OK | CORE>BIN OK | PRUNE silent OK
[*] stateful inference started: window=9996, sinks=4, ctx=10240
[*] sliding window configured: W=9996, sinks=4 (effective context: 10000)
  [TRACE] "小": L0[||x||=8.71 C268(+264.27--9.79) B1076(+10236.36--24.50) P448(max0.000)] L4[||x||=6.00 C268(+1592.17--2.97) B1076(+4112.02--37.94) P448(max0.000)] L7[||x||=6.00 C268(+1205.02--5.76) B1076(+13321.47--17.72) P448(max0.000)] | H=13.42/15 top3=32609 235 232 
  [LOGIC] mlp=-1372.8118 attn=-5.2706 div=33.9540
  [TIME] CE=106ms logic_reg=2315ms
  step  7060/8000 (global=11060)  loss=5.2588  avg=6.5743  lr=0.000015  B=4  1926ms
  [WB] boundary=93/100  core_diff=2.8267  bin_diff=0.0654  ratio=43.25  prune_act=0.0000
  [WB] structure=10/16 (62%)  opp_sim=0.068
  [WB] BOUNDARY OK | CORE>BIN OK | PRUNE silent OK
  [LOGIC] mlp=-1372.7306 attn=-5.2702 div=33.9540
  [TIME] CE=155ms logic_reg=2364ms
  step  7070/8000 (global=11070)  loss=5.3424  avg=6.6123  lr=0.000015  B=6  1926ms
  [WB] boundary=93/100  core_diff=2.8268  bin_diff=0.0654  ratio=43.23  prune_act=0.0000
  [WB] structure=10/16 (62%)  opp_sim=0.068
  [WB] BOUNDARY OK | CORE>BIN OK | PRUNE silent OK
    [plan-I] step 8449 W_v approx_rank=17.4 (frob=10.60 max_row=0.61)
    [ortho] step 8449 L0 W_o off_diag=0.21 diag_dev=0.0734
    [plan-I] step 8449 W_v approx_rank=17.4 (frob=10.56 max_row=0.61)
    [ortho] step 8449 L1 W_o off_diag=0.21 diag_dev=0.0735
    [plan-I] step 8449 W_v approx_rank=17.4 (frob=10.67 max_row=0.61)
    [ortho] step 8449 L2 W_o off_diag=0.21 diag_dev=0.0731
    [plan-I] step 8449 W_v approx_rank=17.3 (frob=10.55 max_row=0.61)
    [ortho] step 8449 L3 W_o off_diag=0.21 diag_dev=0.0733
    [plan-I] step 8449 W_v approx_rank=17.1 (frob=10.43 max_row=0.61)
    [ortho] step 8449 L4 W_o off_diag=0.21 diag_dev=0.0735
    [plan-I] step 8449 W_v approx_rank=17.4 (frob=10.70 max_row=0.62)
    [ortho] step 8449 L5 W_o off_diag=0.21 diag_dev=0.0736
    [plan-I] step 8449 W_v approx_rank=17.1 (frob=10.49 max_row=0.61)
    [ortho] step 8449 L6 W_o off_diag=0.21 diag_dev=0.0734
    [plan-I] step 8449 W_v approx_rank=17.1 (frob=10.60 max_row=0.62)
    [ortho] step 8449 L7 W_o off_diag=0.21 diag_dev=0.0736
  [LOGIC] mlp=-1372.6575 attn=-5.2698 div=33.9540
  [TIME] CE=106ms logic_reg=2320ms
  step  7080/8000 (global=11080)  loss=5.4603  avg=6.6044  lr=0.000015  B=4  1926ms
  [WB] boundary=93/100  core_diff=2.8269  bin_diff=0.0654  ratio=43.22  prune_act=0.0000
  [WB] structure=10/16 (62%)  opp_sim=0.068
  [WB] BOUNDARY OK | CORE>BIN OK | PRUNE silent OK
  [LOGIC] mlp=-1372.7423 attn=-5.2693 div=33.9540
  [TIME] CE=115ms logic_reg=2492ms
  step  7090/8000 (global=11090)  loss=3.3776  avg=6.5256  lr=0.000014  B=4  1926ms
  [WB] boundary=93/100  core_diff=2.8268  bin_diff=0.0654  ratio=43.21  prune_act=0.0000
  [WB] structure=10/16 (62%)  opp_sim=0.068
  [WB] BOUNDARY OK | CORE>BIN OK | PRUNE silent OK
  [LOGIC] mlp=-1372.8619 attn=-5.2694 div=33.9541
  [TIME] CE=186ms logic_reg=2444ms
  step  7100/8000 (global=11100)  loss=5.2640  avg=6.4720  lr=0.000014  B=7  1926ms
  [WB] boundary=93/100  core_diff=2.8268  bin_diff=0.0654  ratio=43.20  prune_act=0.0000
  [WB] structure=10/16 (62%)  opp_sim=0.068
  [WB] BOUNDARY OK | CORE>BIN OK | PRUNE silent OK
[*] stateful inference started: window=9996, sinks=4, ctx=10240
[*] sliding window configured: W=9996, sinks=4 (effective context: 10000)
  [TRACE] "热": L0[||x||=8.84 C268(+280.17--9.26) B1076(+10328.70--23.67) P448(max0.000)] L4[||x||=6.00 C268(+1552.12--2.99) B1076(+4153.38--38.16) P448(max0.000)] L7[||x||=6.00 C268(+1175.53--6.43) B1076(+13682.69--17.68) P448(max0.000)] | H=13.44/15 top3=32609 232 235 
  [LOGIC] mlp=-1372.7992 attn=-5.2691 div=33.9541
  [TIME] CE=152ms logic_reg=2322ms
  step  7110/8000 (global=11110)  loss=4.3341  avg=6.4264  lr=0.000014  B=6  1926ms
  [WB] boundary=93/100  core_diff=2.8267  bin_diff=0.0654  ratio=43.19  prune_act=0.0000
  [WB] structure=10/16 (62%)  opp_sim=0.068
  [WB] BOUNDARY OK | CORE>BIN OK | PRUNE silent OK
  [LOGIC] mlp=-1372.6349 attn=-5.2684 div=33.9541
  [TIME] CE=205ms logic_reg=2573ms
  step  7120/8000 (global=11120)  loss=4.7362  avg=6.4655  lr=0.000013  B=8  1926ms
  [WB] boundary=93/100  core_diff=2.8265  bin_diff=0.0655  ratio=43.18  prune_act=0.0000
  [WB] structure=10/16 (62%)  opp_sim=0.068
  [WB] BOUNDARY OK | CORE>BIN OK | PRUNE silent OK
    [plan-I] step 8499 W_v approx_rank=17.4 (frob=10.60 max_row=0.61)
    [ortho] step 8499 L0 W_o off_diag=0.21 diag_dev=0.0734
    [plan-I] step 8499 W_v approx_rank=17.4 (frob=10.56 max_row=0.61)
    [ortho] step 8499 L1 W_o off_diag=0.21 diag_dev=0.0735
    [plan-I] step 8499 W_v approx_rank=17.4 (frob=10.67 max_row=0.61)
    [ortho] step 8499 L2 W_o off_diag=0.21 diag_dev=0.0732
    [plan-I] step 8499 W_v approx_rank=17.3 (frob=10.55 max_row=0.61)
    [ortho] step 8499 L3 W_o off_diag=0.21 diag_dev=0.0734
    [plan-I] step 8499 W_v approx_rank=17.1 (frob=10.43 max_row=0.61)
    [ortho] step 8499 L4 W_o off_diag=0.21 diag_dev=0.0735
    [plan-I] step 8499 W_v approx_rank=17.4 (frob=10.70 max_row=0.62)
    [ortho] step 8499 L5 W_o off_diag=0.21 diag_dev=0.0736
    [plan-I] step 8499 W_v approx_rank=17.1 (frob=10.49 max_row=0.61)
    [ortho] step 8499 L6 W_o off_diag=0.21 diag_dev=0.0734
    [plan-I] step 8499 W_v approx_rank=17.1 (frob=10.60 max_row=0.62)
    [ortho] step 8499 L7 W_o off_diag=0.21 diag_dev=0.0736
  [LOGIC] mlp=-1372.5875 attn=-5.2678 div=33.9541
  [TIME] CE=134ms logic_reg=2324ms
  step  7130/8000 (global=11130)  loss=8.6836  avg=6.6228  lr=0.000013  B=5  1926ms
  [WB] boundary=93/100  core_diff=2.8265  bin_diff=0.0655  ratio=43.16  prune_act=0.0000
  [WB] structure=10/16 (62%)  opp_sim=0.068
  [WB] BOUNDARY OK | CORE>BIN OK | PRUNE silent OK
  [LOGIC] mlp=-1372.7256 attn=-5.2677 div=33.9541
  [TIME] CE=209ms logic_reg=2323ms
  step  7140/8000 (global=11140)  loss=5.7463  avg=6.5602  lr=0.000013  B=8  1926ms
  [WB] boundary=93/100  core_diff=2.8263  bin_diff=0.0655  ratio=43.16  prune_act=0.0000
  [WB] structure=10/16 (62%)  opp_sim=0.068
  [WB] BOUNDARY OK | CORE>BIN OK | PRUNE silent OK
  [LOGIC] mlp=-1372.9011 attn=-5.2679 div=33.9541
  [TIME] CE=181ms logic_reg=2320ms
  step  7150/8000 (global=11150)  loss=6.2209  avg=6.5462  lr=0.000012  B=7  1926ms
  [WB] boundary=93/100  core_diff=2.8262  bin_diff=0.0655  ratio=43.16  prune_act=0.0000
  [WB] structure=10/16 (62%)  opp_sim=0.068
  [WB] BOUNDARY OK | CORE>BIN OK | PRUNE silent OK
[*] stateful inference started: window=9996, sinks=4, ctx=10240
[*] sliding window configured: W=9996, sinks=4 (effective context: 10000)
  [TRACE] "冷": L0[||x||=8.77 C268(+289.33--9.66) B1076(+10293.60--24.61) P448(max0.000)] L4[||x||=6.00 C268(+1577.26--2.94) B1076(+4155.23--38.02) P448(max0.000)] L7[||x||=6.00 C268(+1192.40--6.09) B1076(+13602.87--17.66) P448(max0.000)] | H=13.40/15 top3=32609 232 235 
  [LOGIC] mlp=-1373.0123 attn=-5.2679 div=33.9542
  [TIME] CE=205ms logic_reg=2316ms
  step  7160/8000 (global=11160)  loss=5.7340  avg=6.4166  lr=0.000012  B=8  1926ms
  [WB] boundary=93/100  core_diff=2.8261  bin_diff=0.0655  ratio=43.16  prune_act=0.0000
  [WB] structure=10/16 (62%)  opp_sim=0.068
  [WB] BOUNDARY OK | CORE>BIN OK | PRUNE silent OK
  [LOGIC] mlp=-1373.0609 attn=-5.2679 div=33.9542
  [TIME] CE=132ms logic_reg=2319ms
  step  7170/8000 (global=11170)  loss=5.7417  avg=6.4886  lr=0.000012  B=5  1926ms
  [WB] boundary=93/100  core_diff=2.8261  bin_diff=0.0655  ratio=43.17  prune_act=0.0000
  [WB] structure=10/16 (62%)  opp_sim=0.068
  [WB] BOUNDARY OK | CORE>BIN OK | PRUNE silent OK
    [plan-I] step 8549 W_v approx_rank=17.4 (frob=10.60 max_row=0.61)
    [ortho] step 8549 L0 W_o off_diag=0.21 diag_dev=0.0734
    [plan-I] step 8549 W_v approx_rank=17.4 (frob=10.56 max_row=0.61)
    [ortho] step 8549 L1 W_o off_diag=0.21 diag_dev=0.0735
    [plan-I] step 8549 W_v approx_rank=17.4 (frob=10.67 max_row=0.61)
    [ortho] step 8549 L2 W_o off_diag=0.21 diag_dev=0.0732
    [plan-I] step 8549 W_v approx_rank=17.3 (frob=10.55 max_row=0.61)
    [ortho] step 8549 L3 W_o off_diag=0.21 diag_dev=0.0734
    [plan-I] step 8549 W_v approx_rank=17.1 (frob=10.43 max_row=0.61)
    [ortho] step 8549 L4 W_o off_diag=0.21 diag_dev=0.0735
    [plan-I] step 8549 W_v approx_rank=17.4 (frob=10.70 max_row=0.62)
    [ortho] step 8549 L5 W_o off_diag=0.21 diag_dev=0.0736
    [plan-I] step 8549 W_v approx_rank=17.1 (frob=10.49 max_row=0.61)
    [ortho] step 8549 L6 W_o off_diag=0.21 diag_dev=0.0734
    [plan-I] step 8549 W_v approx_rank=17.1 (frob=10.60 max_row=0.62)
    [ortho] step 8549 L7 W_o off_diag=0.21 diag_dev=0.0736
  [LOGIC] mlp=-1373.0045 attn=-5.2677 div=33.9542
  [TIME] CE=180ms logic_reg=2478ms
  step  7180/8000 (global=11180)  loss=4.5697  avg=6.5662  lr=0.000012  B=7  1926ms
  [WB] boundary=93/100  core_diff=2.8260  bin_diff=0.0655  ratio=43.17  prune_act=0.0000
  [WB] structure=10/16 (62%)  opp_sim=0.068
  [WB] BOUNDARY OK | CORE>BIN OK | PRUNE silent OK
  [LOGIC] mlp=-1372.9062 attn=-5.2673 div=33.9542
  [TIME] CE=109ms logic_reg=2320ms
  step  7190/8000 (global=11190)  loss=6.5713  avg=6.4922  lr=0.000011  B=4  1926ms
  [WB] boundary=93/100  core_diff=2.8259  bin_diff=0.0655  ratio=43.17  prune_act=0.0000
  [WB] structure=10/16 (62%)  opp_sim=0.068
  [WB] BOUNDARY OK | CORE>BIN OK | PRUNE silent OK
  [LOGIC] mlp=-1372.9015 attn=-5.2671 div=33.9542
  [TIME] CE=155ms logic_reg=2316ms
  step  7200/8000 (global=11200)  loss=7.6105  avg=6.5675  lr=0.000011  B=6  1926ms
  [WB] boundary=93/100  core_diff=2.8260  bin_diff=0.0655  ratio=43.17  prune_act=0.0000
  [WB] structure=10/16 (62%)  opp_sim=0.068
  [WB] BOUNDARY OK | CORE>BIN OK | PRUNE silent OK
[*] stateful inference started: window=9996, sinks=4, ctx=10240
[*] sliding window configured: W=9996, sinks=4 (effective context: 10000)
  [TRACE] "火": L0[||x||=8.63 C268(+321.74--9.59) B1076(+10182.52--26.07) P448(max0.000)] L4[||x||=6.00 C268(+1651.52--3.00) B1076(+4141.07--36.37) P448(max0.000)] L7[||x||=6.00 C268(+1231.04--5.52) B1076(+13245.74--17.62) P448(max0.000)] | H=13.31/15 top3=32609 235 232 
  [LOGIC] mlp=-1372.8971 attn=-5.2667 div=33.9542
  [TIME] CE=154ms logic_reg=2424ms
  step  7210/8000 (global=11210)  loss=5.7991  avg=6.4828  lr=0.000011  B=6  1926ms
  [WB] boundary=93/100  core_diff=2.8258  bin_diff=0.0655  ratio=43.18  prune_act=0.0000
  [WB] structure=10/16 (62%)  opp_sim=0.068
  [WB] BOUNDARY OK | CORE>BIN OK | PRUNE silent OK
  [LOGIC] mlp=-1372.9259 attn=-5.2662 div=33.9543
  [TIME] CE=107ms logic_reg=2324ms
  step  7220/8000 (global=11220)  loss=5.7492  avg=6.5469  lr=0.000010  B=4  1926ms
  [WB] boundary=93/100  core_diff=2.8255  bin_diff=0.0654  ratio=43.18  prune_act=0.0000
  [WB] structure=10/16 (62%)  opp_sim=0.068
  [WB] BOUNDARY OK | CORE>BIN OK | PRUNE silent OK
    [plan-I] step 8599 W_v approx_rank=17.4 (frob=10.60 max_row=0.61)
    [ortho] step 8599 L0 W_o off_diag=0.21 diag_dev=0.0735
    [plan-I] step 8599 W_v approx_rank=17.4 (frob=10.56 max_row=0.61)
    [ortho] step 8599 L1 W_o off_diag=0.21 diag_dev=0.0736
    [plan-I] step 8599 W_v approx_rank=17.4 (frob=10.67 max_row=0.61)
    [ortho] step 8599 L2 W_o off_diag=0.21 diag_dev=0.0732
    [plan-I] step 8599 W_v approx_rank=17.3 (frob=10.55 max_row=0.61)
    [ortho] step 8599 L3 W_o off_diag=0.21 diag_dev=0.0734
    [plan-I] step 8599 W_v approx_rank=17.1 (frob=10.43 max_row=0.61)
    [ortho] step 8599 L4 W_o off_diag=0.21 diag_dev=0.0736
    [plan-I] step 8599 W_v approx_rank=17.4 (frob=10.70 max_row=0.62)
    [ortho] step 8599 L5 W_o off_diag=0.21 diag_dev=0.0737
    [plan-I] step 8599 W_v approx_rank=17.1 (frob=10.49 max_row=0.61)
    [ortho] step 8599 L6 W_o off_diag=0.21 diag_dev=0.0735
    [plan-I] step 8599 W_v approx_rank=17.1 (frob=10.60 max_row=0.62)
    [ortho] step 8599 L7 W_o off_diag=0.21 diag_dev=0.0737
  [LOGIC] mlp=-1373.0494 attn=-5.2660 div=33.9543
  [TIME] CE=106ms logic_reg=2344ms
  step  7230/8000 (global=11230)  loss=6.5385  avg=6.5610  lr=0.000010  B=4  1926ms
  [WB] boundary=93/100  core_diff=2.8253  bin_diff=0.0654  ratio=43.18  prune_act=0.0000
  [WB] structure=10/16 (62%)  opp_sim=0.068
  [WB] BOUNDARY OK | CORE>BIN OK | PRUNE silent OK
  [LOGIC] mlp=-1373.0819 attn=-5.2657 div=33.9543
  [TIME] CE=130ms logic_reg=2332ms
  step  7240/8000 (global=11240)  loss=4.5103  avg=6.4851  lr=0.000010  B=5  1926ms
  [WB] boundary=93/100  core_diff=2.8252  bin_diff=0.0654  ratio=43.18  prune_act=0.0000
  [WB] structure=10/16 (62%)  opp_sim=0.068
  [WB] BOUNDARY OK | CORE>BIN OK | PRUNE silent OK
  [LOGIC] mlp=-1372.9132 attn=-5.2653 div=33.9543
  [TIME] CE=106ms logic_reg=2321ms
  step  7250/8000 (global=11250)  loss=8.2939  avg=6.5129  lr=0.000010  B=4  1926ms
  [WB] boundary=93/100  core_diff=2.8251  bin_diff=0.0654  ratio=43.18  prune_act=0.0000
  [WB] structure=10/16 (62%)  opp_sim=0.068
  [WB] BOUNDARY OK | CORE>BIN OK | PRUNE silent OK
[*] stateful inference started: window=9996, sinks=4, ctx=10240
[*] sliding window configured: W=9996, sinks=4 (effective context: 10000)
  [TRACE] "水": L0[||x||=8.64 C268(+246.77--9.44) B1076(+10404.97--21.55) P448(max0.000)] L4[||x||=6.00 C268(+1551.98--2.39) B1076(+4163.91--38.01) P448(max0.000)] L7[||x||=6.00 C268(+1190.70--6.41) B1076(+13579.92--17.71) P448(max0.000)] | H=13.56/15 top3=232 235 165 
  [LOGIC] mlp=-1372.9274 attn=-5.2652 div=33.9543
  [TIME] CE=203ms logic_reg=2332ms
  step  7260/8000 (global=11260)  loss=3.7914  avg=6.5448  lr=0.000009  B=8  1926ms
  [WB] boundary=93/100  core_diff=2.8251  bin_diff=0.0654  ratio=43.18  prune_act=0.0000
  [WB] structure=10/16 (62%)  opp_sim=0.068
  [WB] BOUNDARY OK | CORE>BIN OK | PRUNE silent OK
  [LOGIC] mlp=-1372.8168 attn=-5.2648 div=33.9543
  [TIME] CE=155ms logic_reg=2527ms
  step  7270/8000 (global=11270)  loss=7.1485  avg=6.4850  lr=0.000009  B=6  1926ms
  [WB] boundary=93/100  core_diff=2.8251  bin_diff=0.0654  ratio=43.17  prune_act=0.0000
  [WB] structure=10/16 (62%)  opp_sim=0.068
  [WB] BOUNDARY OK | CORE>BIN OK | PRUNE silent OK
    [plan-I] step 8649 W_v approx_rank=17.4 (frob=10.60 max_row=0.61)
    [ortho] step 8649 L0 W_o off_diag=0.21 diag_dev=0.0735
    [plan-I] step 8649 W_v approx_rank=17.4 (frob=10.56 max_row=0.61)
    [ortho] step 8649 L1 W_o off_diag=0.21 diag_dev=0.0736
    [plan-I] step 8649 W_v approx_rank=17.4 (frob=10.67 max_row=0.61)
    [ortho] step 8649 L2 W_o off_diag=0.21 diag_dev=0.0733
    [plan-I] step 8649 W_v approx_rank=17.3 (frob=10.55 max_row=0.61)
    [ortho] step 8649 L3 W_o off_diag=0.21 diag_dev=0.0735
    [plan-I] step 8649 W_v approx_rank=17.1 (frob=10.43 max_row=0.61)
    [ortho] step 8649 L4 W_o off_diag=0.21 diag_dev=0.0736
    [plan-I] step 8649 W_v approx_rank=17.4 (frob=10.70 max_row=0.62)
    [ortho] step 8649 L5 W_o off_diag=0.21 diag_dev=0.0737
    [plan-I] step 8649 W_v approx_rank=17.1 (frob=10.49 max_row=0.61)
    [ortho] step 8649 L6 W_o off_diag=0.21 diag_dev=0.0735
    [plan-I] step 8649 W_v approx_rank=17.1 (frob=10.60 max_row=0.62)
    [ortho] step 8649 L7 W_o off_diag=0.21 diag_dev=0.0737
  [LOGIC] mlp=-1372.8187 attn=-5.2644 div=33.9543
  [TIME] CE=131ms logic_reg=2319ms
  step  7280/8000 (global=11280)  loss=8.9886  avg=6.6827  lr=0.000009  B=5  1926ms
  [WB] boundary=93/100  core_diff=2.8250  bin_diff=0.0654  ratio=43.17  prune_act=0.0000
  [WB] structure=10/16 (62%)  opp_sim=0.068
  [WB] BOUNDARY OK | CORE>BIN OK | PRUNE silent OK
  [LOGIC] mlp=-1372.8962 attn=-5.2644 div=33.9543
  [TIME] CE=156ms logic_reg=2454ms
  step  7290/8000 (global=11290)  loss=8.0763  avg=6.6804  lr=0.000009  B=6  1926ms
  [WB] boundary=93/100  core_diff=2.8250  bin_diff=0.0654  ratio=43.17  prune_act=0.0000
  [WB] structure=10/16 (62%)  opp_sim=0.068
  [WB] BOUNDARY OK | CORE>BIN OK | PRUNE silent OK
  [LOGIC] mlp=-1372.9583 attn=-5.2645 div=33.9543
  [TIME] CE=244ms logic_reg=2334ms
  step  7300/8000 (global=11300)  loss=3.7875  avg=6.6170  lr=0.000008  B=6  1926ms
  [WB] boundary=93/100  core_diff=2.8250  bin_diff=0.0654  ratio=43.17  prune_act=0.0000
  [WB] structure=10/16 (62%)  opp_sim=0.068
  [WB] BOUNDARY OK | CORE>BIN OK | PRUNE silent OK
[*] stateful inference started: window=9996, sinks=4, ctx=10240
[*] sliding window configured: W=9996, sinks=4 (effective context: 10000)
  [TRACE] "大": L0[||x||=8.45 C268(+264.83--10.51) B1076(+10063.05--25.69) P448(max0.000)] L4[||x||=6.00 C268(+1674.72--2.75) B1076(+4138.44--35.36) P448(max0.000)] L7[||x||=6.00 C268(+1249.18--5.23) B1076(+13046.99--17.35) P448(max0.000)] | H=13.52/15 top3=232 235 32609 
  [LOGIC] mlp=-1372.9618 attn=-5.2642 div=33.9543
  [TIME] CE=134ms logic_reg=2385ms
  step  7310/8000 (global=11310)  loss=7.1818  avg=6.6200  lr=0.000008  B=5  1926ms
  [WB] boundary=93/100  core_diff=2.8249  bin_diff=0.0654  ratio=43.17  prune_act=0.0000
  [WB] structure=10/16 (62%)  opp_sim=0.068
  [WB] BOUNDARY OK | CORE>BIN OK | PRUNE silent OK
  [LOGIC] mlp=-1372.8885 attn=-5.2637 div=33.9543
  [TIME] CE=134ms logic_reg=2322ms
  step  7320/8000 (global=11320)  loss=7.0907  avg=6.6042  lr=0.000008  B=5  1926ms
  [WB] boundary=93/100  core_diff=2.8248  bin_diff=0.0654  ratio=43.17  prune_act=0.0000
  [WB] structure=10/16 (62%)  opp_sim=0.068
  [WB] BOUNDARY OK | CORE>BIN OK | PRUNE silent OK
    [plan-I] step 8699 W_v approx_rank=17.4 (frob=10.60 max_row=0.61)
    [ortho] step 8699 L0 W_o off_diag=0.21 diag_dev=0.0735
    [plan-I] step 8699 W_v approx_rank=17.4 (frob=10.56 max_row=0.61)
    [ortho] step 8699 L1 W_o off_diag=0.21 diag_dev=0.0736
    [plan-I] step 8699 W_v approx_rank=17.4 (frob=10.67 max_row=0.61)
    [ortho] step 8699 L2 W_o off_diag=0.21 diag_dev=0.0733
    [plan-I] step 8699 W_v approx_rank=17.3 (frob=10.55 max_row=0.61)
    [ortho] step 8699 L3 W_o off_diag=0.21 diag_dev=0.0735
    [plan-I] step 8699 W_v approx_rank=17.1 (frob=10.43 max_row=0.61)
    [ortho] step 8699 L4 W_o off_diag=0.21 diag_dev=0.0736
    [plan-I] step 8699 W_v approx_rank=17.4 (frob=10.70 max_row=0.62)
    [ortho] step 8699 L5 W_o off_diag=0.21 diag_dev=0.0737
    [plan-I] step 8699 W_v approx_rank=17.1 (frob=10.49 max_row=0.61)
    [ortho] step 8699 L6 W_o off_diag=0.21 diag_dev=0.0735
    [plan-I] step 8699 W_v approx_rank=17.1 (frob=10.60 max_row=0.62)
    [ortho] step 8699 L7 W_o off_diag=0.21 diag_dev=0.0737
  [LOGIC] mlp=-1372.9651 attn=-5.2635 div=33.9544
  [TIME] CE=185ms logic_reg=2416ms
  step  7330/8000 (global=11330)  loss=6.6204  avg=6.5210  lr=0.000008  B=7  1926ms
  [WB] boundary=93/100  core_diff=2.8246  bin_diff=0.0654  ratio=43.16  prune_act=0.0000
  [WB] structure=10/16 (62%)  opp_sim=0.068
  [WB] BOUNDARY OK | CORE>BIN OK | PRUNE silent OK
  [LOGIC] mlp=-1372.9913 attn=-5.2633 div=33.9544
  [TIME] CE=105ms logic_reg=2418ms
  step  7340/8000 (global=11340)  loss=7.0219  avg=6.4374  lr=0.000008  B=4  1926ms
  [WB] boundary=93/100  core_diff=2.8245  bin_diff=0.0654  ratio=43.16  prune_act=0.0000
  [WB] structure=10/16 (62%)  opp_sim=0.068
  [WB] BOUNDARY OK | CORE>BIN OK | PRUNE silent OK
  [LOGIC] mlp=-1372.9767 attn=-5.2631 div=33.9544
  [TIME] CE=129ms logic_reg=2411ms
  step  7350/8000 (global=11350)  loss=4.2279  avg=6.3373  lr=0.000007  B=5  1926ms
  [WB] boundary=93/100  core_diff=2.8245  bin_diff=0.0655  ratio=43.15  prune_act=0.0000
  [WB] structure=10/16 (62%)  opp_sim=0.068
  [WB] BOUNDARY OK | CORE>BIN OK | PRUNE silent OK
[*] stateful inference started: window=9996, sinks=4, ctx=10240
[*] sliding window configured: W=9996, sinks=4 (effective context: 10000)
  [TRACE] "小": L0[||x||=8.72 C268(+264.42--9.79) B1076(+10280.64--24.57) P448(max0.000)] L4[||x||=6.00 C268(+1592.69--3.13) B1076(+4162.57--37.73) P448(max0.000)] L7[||x||=6.00 C268(+1205.33--5.82) B1076(+13556.58--17.64) P448(max0.000)] | H=13.52/15 top3=32609 232 235 
  [LOGIC] mlp=-1372.9697 attn=-5.2628 div=33.9544
  [TIME] CE=108ms logic_reg=2399ms
  step  7360/8000 (global=11360)  loss=7.8439  avg=6.2199  lr=0.000007  B=4  1926ms
  [WB] boundary=93/100  core_diff=2.8243  bin_diff=0.0655  ratio=43.15  prune_act=0.0000
  [WB] structure=10/16 (62%)  opp_sim=0.068
  [WB] BOUNDARY OK | CORE>BIN OK | PRUNE silent OK
  [LOGIC] mlp=-1372.9833 attn=-5.2627 div=33.9544
  [TIME] CE=163ms logic_reg=2409ms
  step  7370/8000 (global=11370)  loss=5.8743  avg=6.2893  lr=0.000007  B=6  1926ms
  [WB] boundary=93/100  core_diff=2.8243  bin_diff=0.0655  ratio=43.15  prune_act=0.0000
  [WB] structure=10/16 (62%)  opp_sim=0.068
  [WB] BOUNDARY OK | CORE>BIN OK | PRUNE silent OK
    [plan-I] step 8749 W_v approx_rank=17.4 (frob=10.60 max_row=0.61)
    [ortho] step 8749 L0 W_o off_diag=0.21 diag_dev=0.0735
    [plan-I] step 8749 W_v approx_rank=17.4 (frob=10.56 max_row=0.61)
    [ortho] step 8749 L1 W_o off_diag=0.21 diag_dev=0.0737
    [plan-I] step 8749 W_v approx_rank=17.4 (frob=10.67 max_row=0.61)
    [ortho] step 8749 L2 W_o off_diag=0.21 diag_dev=0.0733
    [plan-I] step 8749 W_v approx_rank=17.3 (frob=10.55 max_row=0.61)
    [ortho] step 8749 L3 W_o off_diag=0.21 diag_dev=0.0735
    [plan-I] step 8749 W_v approx_rank=17.1 (frob=10.43 max_row=0.61)
    [ortho] step 8749 L4 W_o off_diag=0.21 diag_dev=0.0736
    [plan-I] step 8749 W_v approx_rank=17.4 (frob=10.70 max_row=0.62)
    [ortho] step 8749 L5 W_o off_diag=0.21 diag_dev=0.0737
    [plan-I] step 8749 W_v approx_rank=17.1 (frob=10.49 max_row=0.61)
    [ortho] step 8749 L6 W_o off_diag=0.21 diag_dev=0.0735
    [plan-I] step 8749 W_v approx_rank=17.1 (frob=10.60 max_row=0.62)
    [ortho] step 8749 L7 W_o off_diag=0.21 diag_dev=0.0738
  [LOGIC] mlp=-1372.8962 attn=-5.2624 div=33.9544
  [TIME] CE=181ms logic_reg=2319ms
  step  7380/8000 (global=11380)  loss=4.5597  avg=6.3418  lr=0.000007  B=7  1926ms
  [WB] boundary=93/100  core_diff=2.8243  bin_diff=0.0655  ratio=43.14  prune_act=0.0000
  [WB] structure=10/16 (62%)  opp_sim=0.068
  [WB] BOUNDARY OK | CORE>BIN OK | PRUNE silent OK
  [LOGIC] mlp=-1372.9519 attn=-5.2623 div=33.9544
  [TIME] CE=160ms logic_reg=2327ms
  step  7390/8000 (global=11390)  loss=6.3459  avg=6.4046  lr=0.000006  B=6  1926ms
  [WB] boundary=93/100  core_diff=2.8243  bin_diff=0.0655  ratio=43.13  prune_act=0.0000
  [WB] structure=10/16 (62%)  opp_sim=0.068
  [WB] BOUNDARY OK | CORE>BIN OK | PRUNE silent OK
  [LOGIC] mlp=-1373.0127 attn=-5.2621 div=33.9544
  [TIME] CE=108ms logic_reg=2379ms
  step  7400/8000 (global=11400)  loss=6.7076  avg=6.4994  lr=0.000006  B=4  1926ms
  [WB] boundary=93/100  core_diff=2.8242  bin_diff=0.0655  ratio=43.13  prune_act=0.0000
  [WB] structure=10/16 (62%)  opp_sim=0.068
  [WB] BOUNDARY OK | CORE>BIN OK | PRUNE silent OK
[*] stateful inference started: window=9996, sinks=4, ctx=10240
[*] sliding window configured: W=9996, sinks=4 (effective context: 10000)
  [TRACE] "热": L0[||x||=8.85 C268(+280.86--9.31) B1076(+10372.89--23.76) P448(max0.000)] L4[||x||=6.00 C268(+1547.11--3.21) B1076(+4199.26--38.13) P448(max0.000)] L7[||x||=6.00 C268(+1173.04--6.66) B1076(+13934.13--17.55) P448(max0.000)] | H=13.55/15 top3=32609 232 235 
  [LOGIC] mlp=-1373.0065 attn=-5.2619 div=33.9544
  [TIME] CE=163ms logic_reg=2352ms
  step  7410/8000 (global=11410)  loss=6.0419  avg=6.5521  lr=0.000006  B=6  1926ms
  [WB] boundary=93/100  core_diff=2.8241  bin_diff=0.0655  ratio=43.13  prune_act=0.0000
  [WB] structure=10/16 (62%)  opp_sim=0.068
  [WB] BOUNDARY OK | CORE>BIN OK | PRUNE silent OK
  [LOGIC] mlp=-1373.0358 attn=-5.2617 div=33.9544
  [TIME] CE=169ms logic_reg=2328ms
  step  7420/8000 (global=11420)  loss=5.6305  avg=6.7109  lr=0.000006  B=6  1926ms
  [WB] boundary=93/100  core_diff=2.8241  bin_diff=0.0655  ratio=43.13  prune_act=0.0000
  [WB] structure=10/16 (62%)  opp_sim=0.068
  [WB] BOUNDARY OK | CORE>BIN OK | PRUNE silent OK
    [plan-I] step 8799 W_v approx_rank=17.4 (frob=10.60 max_row=0.61)
    [ortho] step 8799 L0 W_o off_diag=0.21 diag_dev=0.0736
    [plan-I] step 8799 W_v approx_rank=17.4 (frob=10.56 max_row=0.61)
    [ortho] step 8799 L1 W_o off_diag=0.21 diag_dev=0.0737
    [plan-I] step 8799 W_v approx_rank=17.4 (frob=10.67 max_row=0.61)
    [ortho] step 8799 L2 W_o off_diag=0.21 diag_dev=0.0733
    [plan-I] step 8799 W_v approx_rank=17.3 (frob=10.55 max_row=0.61)
    [ortho] step 8799 L3 W_o off_diag=0.21 diag_dev=0.0735
    [plan-I] step 8799 W_v approx_rank=17.1 (frob=10.43 max_row=0.61)
    [ortho] step 8799 L4 W_o off_diag=0.21 diag_dev=0.0737
    [plan-I] step 8799 W_v approx_rank=17.4 (frob=10.70 max_row=0.62)
    [ortho] step 8799 L5 W_o off_diag=0.21 diag_dev=0.0738
    [plan-I] step 8799 W_v approx_rank=17.1 (frob=10.49 max_row=0.61)
    [ortho] step 8799 L6 W_o off_diag=0.21 diag_dev=0.0736
    [plan-I] step 8799 W_v approx_rank=17.1 (frob=10.60 max_row=0.62)
    [ortho] step 8799 L7 W_o off_diag=0.21 diag_dev=0.0738
  [LOGIC] mlp=-1373.0511 attn=-5.2615 div=33.9545
  [TIME] CE=183ms logic_reg=2451ms
  step  7430/8000 (global=11430)  loss=5.1284  avg=6.8036  lr=0.000006  B=7  1926ms
  [WB] boundary=93/100  core_diff=2.8240  bin_diff=0.0655  ratio=43.13  prune_act=0.0000
  [WB] structure=10/16 (62%)  opp_sim=0.068
  [WB] BOUNDARY OK | CORE>BIN OK | PRUNE silent OK
  [LOGIC] mlp=-1373.0146 attn=-5.2611 div=33.9545
  [TIME] CE=158ms logic_reg=2334ms
  step  7440/8000 (global=11440)  loss=4.6073  avg=6.6517  lr=0.000005  B=6  1926ms
  [WB] boundary=93/100  core_diff=2.8239  bin_diff=0.0655  ratio=43.12  prune_act=0.0000
  [WB] structure=10/16 (62%)  opp_sim=0.068
  [WB] BOUNDARY OK | CORE>BIN OK | PRUNE silent OK
  [LOGIC] mlp=-1372.9647 attn=-5.2608 div=33.9545
  [TIME] CE=132ms logic_reg=2329ms
  step  7450/8000 (global=11450)  loss=7.5658  avg=6.7581  lr=0.000005  B=5  1926ms
  [WB] boundary=93/100  core_diff=2.8239  bin_diff=0.0655  ratio=43.12  prune_act=0.0000
  [WB] structure=10/16 (62%)  opp_sim=0.068
  [WB] BOUNDARY OK | CORE>BIN OK | PRUNE silent OK
[*] stateful inference started: window=9996, sinks=4, ctx=10240
[*] sliding window configured: W=9996, sinks=4 (effective context: 10000)
  [TRACE] "冷": L0[||x||=8.77 C268(+289.81--9.65) B1076(+10331.12--24.63) P448(max0.000)] L4[||x||=6.00 C268(+1571.46--3.17) B1076(+4192.69--38.04) P448(max0.000)] L7[||x||=6.00 C268(+1190.78--6.25) B1076(+13823.92--17.59) P448(max0.000)] | H=13.54/15 top3=32609 232 235 
  [LOGIC] mlp=-1372.9714 attn=-5.2605 div=33.9545
  [TIME] CE=81ms logic_reg=2412ms
  step  7460/8000 (global=11460)  loss=7.9981  avg=6.7738  lr=0.000005  B=3  1926ms
  [WB] boundary=93/100  core_diff=2.8238  bin_diff=0.0655  ratio=43.11  prune_act=0.0000
  [WB] structure=10/16 (62%)  opp_sim=0.068
  [WB] BOUNDARY OK | CORE>BIN OK | PRUNE silent OK
  [LOGIC] mlp=-1372.9948 attn=-5.2602 div=33.9545
  [TIME] CE=156ms logic_reg=2334ms
  step  7470/8000 (global=11470)  loss=8.7753  avg=6.8276  lr=0.000005  B=6  1926ms
  [WB] boundary=93/100  core_diff=2.8237  bin_diff=0.0655  ratio=43.11  prune_act=0.0000
  [WB] structure=10/16 (62%)  opp_sim=0.068
  [WB] BOUNDARY OK | CORE>BIN OK | PRUNE silent OK
    [plan-I] step 8849 W_v approx_rank=17.4 (frob=10.60 max_row=0.61)
    [ortho] step 8849 L0 W_o off_diag=0.21 diag_dev=0.0736
    [plan-I] step 8849 W_v approx_rank=17.4 (frob=10.56 max_row=0.61)
    [ortho] step 8849 L1 W_o off_diag=0.21 diag_dev=0.0737
    [plan-I] step 8849 W_v approx_rank=17.4 (frob=10.67 max_row=0.61)
    [ortho] step 8849 L2 W_o off_diag=0.21 diag_dev=0.0734
    [plan-I] step 8849 W_v approx_rank=17.3 (frob=10.55 max_row=0.61)
    [ortho] step 8849 L3 W_o off_diag=0.21 diag_dev=0.0736
    [plan-I] step 8849 W_v approx_rank=17.1 (frob=10.43 max_row=0.61)
    [ortho] step 8849 L4 W_o off_diag=0.21 diag_dev=0.0737
    [plan-I] step 8849 W_v approx_rank=17.4 (frob=10.70 max_row=0.62)
    [ortho] step 8849 L5 W_o off_diag=0.21 diag_dev=0.0738
    [plan-I] step 8849 W_v approx_rank=17.1 (frob=10.49 max_row=0.61)
    [ortho] step 8849 L6 W_o off_diag=0.21 diag_dev=0.0736
    [plan-I] step 8849 W_v approx_rank=17.1 (frob=10.60 max_row=0.62)
    [ortho] step 8849 L7 W_o off_diag=0.21 diag_dev=0.0738
  [LOGIC] mlp=-1373.0057 attn=-5.2599 div=33.9545
  [TIME] CE=132ms logic_reg=2334ms
  step  7480/8000 (global=11480)  loss=4.2742  avg=6.7104  lr=0.000005  B=5  1926ms
  [WB] boundary=93/100  core_diff=2.8237  bin_diff=0.0655  ratio=43.11  prune_act=0.0000
  [WB] structure=10/16 (62%)  opp_sim=0.068
  [WB] BOUNDARY OK | CORE>BIN OK | PRUNE silent OK
  [LOGIC] mlp=-1373.0092 attn=-5.2596 div=33.9545
  [TIME] CE=157ms logic_reg=2391ms
  step  7490/8000 (global=11490)  loss=6.7859  avg=6.6542  lr=0.000004  B=6  1926ms
  [WB] boundary=93/100  core_diff=2.8235  bin_diff=0.0655  ratio=43.11  prune_act=0.0000
  [WB] structure=10/16 (62%)  opp_sim=0.068
  [WB] BOUNDARY OK | CORE>BIN OK | PRUNE silent OK
  [LOGIC] mlp=-1373.0009 attn=-5.2593 div=33.9545
  [TIME] CE=133ms logic_reg=2323ms
  step  7500/8000 (global=11500)  loss=8.0000  avg=6.7959  lr=0.000004  B=5  1926ms
  [WB] boundary=93/100  core_diff=2.8235  bin_diff=0.0655  ratio=43.11  prune_act=0.0000
  [WB] structure=10/16 (62%)  opp_sim=0.068
  [WB] BOUNDARY OK | CORE>BIN OK | PRUNE silent OK
[*] stateful inference started: window=9996, sinks=4, ctx=10240
[*] sliding window configured: W=9996, sinks=4 (effective context: 10000)
  [TRACE] "火": L0[||x||=8.63 C268(+322.02--9.55) B1076(+10220.54--26.13) P448(max0.000)] L4[||x||=6.00 C268(+1643.65--3.26) B1076(+4179.05--36.41) P448(max0.000)] L7[||x||=6.00 C268(+1225.48--5.44) B1076(+13484.04--17.66) P448(max0.000)] | H=13.46/15 top3=32609 232 235 
  [LOGIC] mlp=-1372.9963 attn=-5.2590 div=33.9545
  [TIME] CE=156ms logic_reg=2547ms
  step  7510/8000 (global=11510)  loss=5.0768  avg=6.7118  lr=0.000004  B=6  1926ms
  [WB] boundary=93/100  core_diff=2.8234  bin_diff=0.0655  ratio=43.11  prune_act=0.0000
  [WB] structure=10/16 (62%)  opp_sim=0.068
  [WB] BOUNDARY OK | CORE>BIN OK | PRUNE silent OK
  [LOGIC] mlp=-1372.9926 attn=-5.2587 div=33.9546
  [TIME] CE=130ms logic_reg=2394ms
  step  7520/8000 (global=11520)  loss=8.8568  avg=6.6862  lr=0.000004  B=5  1926ms
  [WB] boundary=93/100  core_diff=2.8233  bin_diff=0.0655  ratio=43.11  prune_act=0.0000
  [WB] structure=10/16 (62%)  opp_sim=0.068
  [WB] BOUNDARY OK | CORE>BIN OK | PRUNE silent OK
    [plan-I] step 8899 W_v approx_rank=17.4 (frob=10.60 max_row=0.61)
    [ortho] step 8899 L0 W_o off_diag=0.21 diag_dev=0.0736
    [plan-I] step 8899 W_v approx_rank=17.4 (frob=10.56 max_row=0.61)
    [ortho] step 8899 L1 W_o off_diag=0.21 diag_dev=0.0737
    [plan-I] step 8899 W_v approx_rank=17.4 (frob=10.67 max_row=0.61)
    [ortho] step 8899 L2 W_o off_diag=0.21 diag_dev=0.0734
    [plan-I] step 8899 W_v approx_rank=17.3 (frob=10.55 max_row=0.61)
    [ortho] step 8899 L3 W_o off_diag=0.21 diag_dev=0.0736
    [plan-I] step 8899 W_v approx_rank=17.1 (frob=10.43 max_row=0.61)
    [ortho] step 8899 L4 W_o off_diag=0.21 diag_dev=0.0737
    [plan-I] step 8899 W_v approx_rank=17.4 (frob=10.70 max_row=0.62)
    [ortho] step 8899 L5 W_o off_diag=0.21 diag_dev=0.0738
    [plan-I] step 8899 W_v approx_rank=17.1 (frob=10.49 max_row=0.61)
    [ortho] step 8899 L6 W_o off_diag=0.21 diag_dev=0.0736
    [plan-I] step 8899 W_v approx_rank=17.1 (frob=10.60 max_row=0.62)
    [ortho] step 8899 L7 W_o off_diag=0.21 diag_dev=0.0738
  [LOGIC] mlp=-1372.9744 attn=-5.2584 div=33.9546
  [TIME] CE=157ms logic_reg=2344ms
  step  7530/8000 (global=11530)  loss=6.0455  avg=6.6738  lr=0.000004  B=6  1926ms
  [WB] boundary=93/100  core_diff=2.8233  bin_diff=0.0655  ratio=43.11  prune_act=0.0000
  [WB] structure=10/16 (62%)  opp_sim=0.068
  [WB] BOUNDARY OK | CORE>BIN OK | PRUNE silent OK
  [LOGIC] mlp=-1372.9248 attn=-5.2581 div=33.9546
  [TIME] CE=166ms logic_reg=2323ms
  step  7540/8000 (global=11540)  loss=7.2722  avg=6.7358  lr=0.000004  B=6  1926ms
  [WB] boundary=93/100  core_diff=2.8232  bin_diff=0.0655  ratio=43.11  prune_act=0.0000
  [WB] structure=10/16 (62%)  opp_sim=0.068
  [WB] BOUNDARY OK | CORE>BIN OK | PRUNE silent OK
  [LOGIC] mlp=-1372.8888 attn=-5.2577 div=33.9546
  [TIME] CE=132ms logic_reg=2320ms
  step  7550/8000 (global=11550)  loss=6.8862  avg=6.4631  lr=0.000003  B=5  1926ms
  [WB] boundary=93/100  core_diff=2.8231  bin_diff=0.0655  ratio=43.10  prune_act=0.0000
  [WB] structure=10/16 (62%)  opp_sim=0.068
  [WB] BOUNDARY OK | CORE>BIN OK | PRUNE silent OK
[*] stateful inference started: window=9996, sinks=4, ctx=10240
[*] sliding window configured: W=9996, sinks=4 (effective context: 10000)
  [TRACE] "水": L0[||x||=8.65 C268(+247.61--9.52) B1076(+10437.20--21.70) P448(max0.000)] L4[||x||=6.00 C268(+1546.00--2.51) B1076(+4196.65--38.09) P448(max0.000)] L7[||x||=6.00 C268(+1187.50--6.53) B1076(+13787.11--17.65) P448(max0.000)] | H=13.68/15 top3=232 235 32609 
  [LOGIC] mlp=-1372.8851 attn=-5.2574 div=33.9546
  [TIME] CE=132ms logic_reg=2321ms
  step  7560/8000 (global=11560)  loss=7.7906  avg=6.4221  lr=0.000003  B=5  1926ms
  [WB] boundary=93/100  core_diff=2.8231  bin_diff=0.0655  ratio=43.10  prune_act=0.0000
  [WB] structure=10/16 (62%)  opp_sim=0.068
  [WB] BOUNDARY OK | CORE>BIN OK | PRUNE silent OK
  [LOGIC] mlp=-1372.8958 attn=-5.2571 div=33.9546
  [TIME] CE=156ms logic_reg=2456ms
  step  7570/8000 (global=11570)  loss=5.6750  avg=6.4579  lr=0.000003  B=6  1926ms
  [WB] boundary=93/100  core_diff=2.8230  bin_diff=0.0655  ratio=43.09  prune_act=0.0000
  [WB] structure=10/16 (62%)  opp_sim=0.068
  [WB] BOUNDARY OK | CORE>BIN OK | PRUNE silent OK
    [plan-I] step 8949 W_v approx_rank=17.4 (frob=10.60 max_row=0.61)
    [ortho] step 8949 L0 W_o off_diag=0.21 diag_dev=0.0737
    [plan-I] step 8949 W_v approx_rank=17.4 (frob=10.56 max_row=0.61)
    [ortho] step 8949 L1 W_o off_diag=0.21 diag_dev=0.0738
    [plan-I] step 8949 W_v approx_rank=17.4 (frob=10.67 max_row=0.61)
    [ortho] step 8949 L2 W_o off_diag=0.21 diag_dev=0.0734
    [plan-I] step 8949 W_v approx_rank=17.3 (frob=10.55 max_row=0.61)
    [ortho] step 8949 L3 W_o off_diag=0.21 diag_dev=0.0736
    [plan-I] step 8949 W_v approx_rank=17.1 (frob=10.43 max_row=0.61)
    [ortho] step 8949 L4 W_o off_diag=0.21 diag_dev=0.0737
    [plan-I] step 8949 W_v approx_rank=17.4 (frob=10.70 max_row=0.62)
    [ortho] step 8949 L5 W_o off_diag=0.21 diag_dev=0.0738
    [plan-I] step 8949 W_v approx_rank=17.1 (frob=10.49 max_row=0.61)
    [ortho] step 8949 L6 W_o off_diag=0.21 diag_dev=0.0736
    [plan-I] step 8949 W_v approx_rank=17.1 (frob=10.60 max_row=0.62)
    [ortho] step 8949 L7 W_o off_diag=0.21 diag_dev=0.0739
  [LOGIC] mlp=-1372.9274 attn=-5.2570 div=33.9546
  [TIME] CE=106ms logic_reg=2512ms
  step  7580/8000 (global=11580)  loss=10.2307  avg=6.7287  lr=0.000003  B=4  1926ms
  [WB] boundary=93/100  core_diff=2.8230  bin_diff=0.0655  ratio=43.09  prune_act=0.0000
  [WB] structure=10/16 (62%)  opp_sim=0.068
  [WB] BOUNDARY OK | CORE>BIN OK | PRUNE silent OK
  [LOGIC] mlp=-1372.9270 attn=-5.2569 div=33.9546
  [TIME] CE=157ms logic_reg=2323ms
  step  7590/8000 (global=11590)  loss=6.3975  avg=6.6288  lr=0.000003  B=6  1926ms
  [WB] boundary=93/100  core_diff=2.8231  bin_diff=0.0655  ratio=43.09  prune_act=0.0000
  [WB] structure=10/16 (62%)  opp_sim=0.068
  [WB] BOUNDARY OK | CORE>BIN OK | PRUNE silent OK
  [LOGIC] mlp=-1372.8927 attn=-5.2566 div=33.9546
  [TIME] CE=132ms logic_reg=2454ms
  step  7600/8000 (global=11600)  loss=7.1640  avg=6.5560  lr=0.000003  B=5  1926ms
  [WB] boundary=93/100  core_diff=2.8230  bin_diff=0.0655  ratio=43.09  prune_act=0.0000
  [WB] structure=10/16 (62%)  opp_sim=0.068
  [WB] BOUNDARY OK | CORE>BIN OK | PRUNE silent OK
[*] stateful inference started: window=9996, sinks=4, ctx=10240
[*] sliding window configured: W=9996, sinks=4 (effective context: 10000)
  [TRACE] "大": L0[||x||=8.46 C268(+264.79--10.53) B1076(+10103.27--25.67) P448(max0.000)] L4[||x||=6.00 C268(+1663.59--2.76) B1076(+4168.78--35.61) P448(max0.000)] L7[||x||=6.00 C268(+1241.58--5.29) B1076(+13277.59--17.45) P448(max0.000)] | H=13.64/15 top3=232 235 32609 
  [LOGIC] mlp=-1372.8588 attn=-5.2562 div=33.9546
  [TIME] CE=230ms logic_reg=2347ms
  step  7610/8000 (global=11610)  loss=8.4048  avg=6.6903  lr=0.000003  B=6  1926ms
  [WB] boundary=93/100  core_diff=2.8230  bin_diff=0.0655  ratio=43.09  prune_act=0.0000
  [WB] structure=10/16 (62%)  opp_sim=0.068
  [WB] BOUNDARY OK | CORE>BIN OK | PRUNE silent OK
  [LOGIC] mlp=-1372.8352 attn=-5.2560 div=33.9546
  [TIME] CE=108ms logic_reg=2324ms
  step  7620/8000 (global=11620)  loss=7.2095  avg=6.9456  lr=0.000002  B=4  1926ms
  [WB] boundary=93/100  core_diff=2.8229  bin_diff=0.0655  ratio=43.08  prune_act=0.0000
  [WB] structure=10/16 (62%)  opp_sim=0.068
  [WB] BOUNDARY OK | CORE>BIN OK | PRUNE silent OK
    [plan-I] step 8999 W_v approx_rank=17.4 (frob=10.60 max_row=0.61)
    [ortho] step 8999 L0 W_o off_diag=0.21 diag_dev=0.0737
    [plan-I] step 8999 W_v approx_rank=17.4 (frob=10.56 max_row=0.61)
    [ortho] step 8999 L1 W_o off_diag=0.21 diag_dev=0.0738
    [plan-I] step 8999 W_v approx_rank=17.4 (frob=10.67 max_row=0.61)
    [ortho] step 8999 L2 W_o off_diag=0.21 diag_dev=0.0734
    [plan-I] step 8999 W_v approx_rank=17.3 (frob=10.55 max_row=0.61)
    [ortho] step 8999 L3 W_o off_diag=0.21 diag_dev=0.0736
    [plan-I] step 8999 W_v approx_rank=17.1 (frob=10.43 max_row=0.61)
    [ortho] step 8999 L4 W_o off_diag=0.21 diag_dev=0.0738
    [plan-I] step 8999 W_v approx_rank=17.4 (frob=10.70 max_row=0.62)
    [ortho] step 8999 L5 W_o off_diag=0.21 diag_dev=0.0739
    [plan-I] step 8999 W_v approx_rank=17.1 (frob=10.49 max_row=0.61)
    [ortho] step 8999 L6 W_o off_diag=0.21 diag_dev=0.0737
    [plan-I] step 8999 W_v approx_rank=17.1 (frob=10.60 max_row=0.62)
    [ortho] step 8999 L7 W_o off_diag=0.21 diag_dev=0.0739
  [LOGIC] mlp=-1372.8260 attn=-5.2557 div=33.9546
  [TIME] CE=132ms logic_reg=2320ms
  step  7630/8000 (global=11630)  loss=4.4782  avg=6.8575  lr=0.000002  B=5  1926ms
  [WB] boundary=93/100  core_diff=2.8229  bin_diff=0.0655  ratio=43.08  prune_act=0.0000
  [WB] structure=10/16 (62%)  opp_sim=0.068
  [WB] BOUNDARY OK | CORE>BIN OK | PRUNE silent OK
  [LOGIC] mlp=-1372.8174 attn=-5.2555 div=33.9546
  [TIME] CE=183ms logic_reg=2445ms
  step  7640/8000 (global=11640)  loss=7.3472  avg=6.7567  lr=0.000002  B=7  1926ms
  [WB] boundary=93/100  core_diff=2.8228  bin_diff=0.0655  ratio=43.08  prune_act=0.0000
  [WB] structure=10/16 (62%)  opp_sim=0.068
  [WB] BOUNDARY OK | CORE>BIN OK | PRUNE silent OK
  [LOGIC] mlp=-1372.7952 attn=-5.2553 div=33.9546
  [TIME] CE=158ms logic_reg=2332ms
  step  7650/8000 (global=11650)  loss=4.9854  avg=6.6577  lr=0.000002  B=6  1926ms
  [WB] boundary=93/100  core_diff=2.8228  bin_diff=0.0655  ratio=43.08  prune_act=0.0000
  [WB] structure=10/16 (62%)  opp_sim=0.068
  [WB] BOUNDARY OK | CORE>BIN OK | PRUNE silent OK
[*] stateful inference started: window=9996, sinks=4, ctx=10240
[*] sliding window configured: W=9996, sinks=4 (effective context: 10000)
  [TRACE] "小": L0[||x||=8.73 C268(+264.99--9.79) B1076(+10305.56--24.59) P448(max0.000)] L4[||x||=6.00 C268(+1589.06--3.27) B1076(+4184.69--37.75) P448(max0.000)] L7[||x||=6.00 C268(+1203.39--5.84) B1076(+13702.62--17.63) P448(max0.000)] | H=13.65/15 top3=32609 232 235 
  [LOGIC] mlp=-1372.8115 attn=-5.2551 div=33.9546
  [TIME] CE=108ms logic_reg=2331ms
  step  7660/8000 (global=11660)  loss=5.5129  avg=6.6758  lr=0.000002  B=4  1926ms
  [WB] boundary=93/100  core_diff=2.8228  bin_diff=0.0655  ratio=43.08  prune_act=0.0000
  [WB] structure=10/16 (62%)  opp_sim=0.068
  [WB] BOUNDARY OK | CORE>BIN OK | PRUNE silent OK
  [LOGIC] mlp=-1372.8264 attn=-5.2548 div=33.9546
  [TIME] CE=106ms logic_reg=2331ms
  step  7670/8000 (global=11670)  loss=8.8111  avg=6.7598  lr=0.000002  B=4  1926ms
  [WB] boundary=93/100  core_diff=2.8228  bin_diff=0.0655  ratio=43.08  prune_act=0.0000
  [WB] structure=10/16 (62%)  opp_sim=0.068
  [WB] BOUNDARY OK | CORE>BIN OK | PRUNE silent OK
    [plan-I] step 9049 W_v approx_rank=17.4 (frob=10.60 max_row=0.61)
    [ortho] step 9049 L0 W_o off_diag=0.21 diag_dev=0.0737
    [plan-I] step 9049 W_v approx_rank=17.4 (frob=10.56 max_row=0.61)
    [ortho] step 9049 L1 W_o off_diag=0.21 diag_dev=0.0738
    [plan-I] step 9049 W_v approx_rank=17.4 (frob=10.67 max_row=0.61)
    [ortho] step 9049 L2 W_o off_diag=0.21 diag_dev=0.0735
    [plan-I] step 9049 W_v approx_rank=17.3 (frob=10.55 max_row=0.61)
    [ortho] step 9049 L3 W_o off_diag=0.21 diag_dev=0.0737
    [plan-I] step 9049 W_v approx_rank=17.1 (frob=10.43 max_row=0.61)
    [ortho] step 9049 L4 W_o off_diag=0.21 diag_dev=0.0738
    [plan-I] step 9049 W_v approx_rank=17.4 (frob=10.70 max_row=0.62)
    [ortho] step 9049 L5 W_o off_diag=0.21 diag_dev=0.0739
    [plan-I] step 9049 W_v approx_rank=17.1 (frob=10.49 max_row=0.61)
    [ortho] step 9049 L6 W_o off_diag=0.21 diag_dev=0.0737
    [plan-I] step 9049 W_v approx_rank=17.1 (frob=10.60 max_row=0.62)
    [ortho] step 9049 L7 W_o off_diag=0.21 diag_dev=0.0739
  [LOGIC] mlp=-1372.8594 attn=-5.2547 div=33.9546
  [TIME] CE=181ms logic_reg=2324ms
  step  7680/8000 (global=11680)  loss=6.1230  avg=6.6738  lr=0.000002  B=7  1926ms
  [WB] boundary=93/100  core_diff=2.8228  bin_diff=0.0655  ratio=43.08  prune_act=0.0000
  [WB] structure=10/16 (62%)  opp_sim=0.068
  [WB] BOUNDARY OK | CORE>BIN OK | PRUNE silent OK
  [LOGIC] mlp=-1372.8710 attn=-5.2544 div=33.9546
  [TIME] CE=180ms logic_reg=2375ms
  step  7690/8000 (global=11690)  loss=5.5828  avg=6.5931  lr=0.000002  B=7  1926ms
  [WB] boundary=93/100  core_diff=2.8227  bin_diff=0.0655  ratio=43.08  prune_act=0.0000
  [WB] structure=10/16 (62%)  opp_sim=0.068
  [WB] BOUNDARY OK | CORE>BIN OK | PRUNE silent OK
  [LOGIC] mlp=-1372.8712 attn=-5.2542 div=33.9546
  [TIME] CE=137ms logic_reg=2324ms
  step  7700/8000 (global=11700)  loss=6.6417  avg=6.7569  lr=0.000002  B=5  1926ms
  [WB] boundary=93/100  core_diff=2.8227  bin_diff=0.0655  ratio=43.07  prune_act=0.0000
  [WB] structure=10/16 (62%)  opp_sim=0.068
  [WB] BOUNDARY OK | CORE>BIN OK | PRUNE silent OK
[*] stateful inference started: window=9996, sinks=4, ctx=10240
[*] sliding window configured: W=9996, sinks=4 (effective context: 10000)
  [TRACE] "热": L0[||x||=8.86 C268(+281.26--9.32) B1076(+10394.32--23.81) P448(max0.000)] L4[||x||=6.00 C268(+1543.78--3.32) B1076(+4218.26--38.16) P448(max0.000)] L7[||x||=6.00 C268(+1170.83--6.75) B1076(+14058.28--17.48) P448(max0.000)] | H=13.67/15 top3=32609 232 235 
  [LOGIC] mlp=-1372.8654 attn=-5.2539 div=33.9546
  [TIME] CE=130ms logic_reg=2552ms
  step  7710/8000 (global=11710)  loss=5.0141  avg=6.8014  lr=0.000001  B=5  1926ms
  [WB] boundary=93/100  core_diff=2.8227  bin_diff=0.0655  ratio=43.08  prune_act=0.0000
  [WB] structure=10/16 (62%)  opp_sim=0.068
  [WB] BOUNDARY OK | CORE>BIN OK | PRUNE silent OK
  [LOGIC] mlp=-1372.8525 attn=-5.2537 div=33.9546
  [TIME] CE=181ms logic_reg=2511ms
  step  7720/8000 (global=11720)  loss=5.0992  avg=6.8754  lr=0.000001  B=7  1926ms
  [WB] boundary=93/100  core_diff=2.8226  bin_diff=0.0655  ratio=43.07  prune_act=0.0000
  [WB] structure=10/16 (62%)  opp_sim=0.068
  [WB] BOUNDARY OK | CORE>BIN OK | PRUNE silent OK
    [plan-I] step 9099 W_v approx_rank=17.4 (frob=10.60 max_row=0.61)
    [ortho] step 9099 L0 W_o off_diag=0.21 diag_dev=0.0737
    [plan-I] step 9099 W_v approx_rank=17.4 (frob=10.56 max_row=0.61)
    [ortho] step 9099 L1 W_o off_diag=0.21 diag_dev=0.0738
    [plan-I] step 9099 W_v approx_rank=17.4 (frob=10.67 max_row=0.61)
    [ortho] step 9099 L2 W_o off_diag=0.21 diag_dev=0.0735
    [plan-I] step 9099 W_v approx_rank=17.3 (frob=10.55 max_row=0.61)
    [ortho] step 9099 L3 W_o off_diag=0.21 diag_dev=0.0737
    [plan-I] step 9099 W_v approx_rank=17.1 (frob=10.43 max_row=0.61)
    [ortho] step 9099 L4 W_o off_diag=0.21 diag_dev=0.0738
    [plan-I] step 9099 W_v approx_rank=17.4 (frob=10.70 max_row=0.62)
    [ortho] step 9099 L5 W_o off_diag=0.21 diag_dev=0.0739
    [plan-I] step 9099 W_v approx_rank=17.1 (frob=10.49 max_row=0.61)
    [ortho] step 9099 L6 W_o off_diag=0.21 diag_dev=0.0737
    [plan-I] step 9099 W_v approx_rank=17.1 (frob=10.60 max_row=0.62)
    [ortho] step 9099 L7 W_o off_diag=0.21 diag_dev=0.0739
  [LOGIC] mlp=-1372.8524 attn=-5.2534 div=33.9546
  [TIME] CE=132ms logic_reg=2332ms
  step  7730/8000 (global=11730)  loss=5.7082  avg=6.8390  lr=0.000001  B=5  1926ms
  [WB] boundary=93/100  core_diff=2.8226  bin_diff=0.0655  ratio=43.07  prune_act=0.0000
  [WB] structure=10/16 (62%)  opp_sim=0.068
  [WB] BOUNDARY OK | CORE>BIN OK | PRUNE silent OK
  [LOGIC] mlp=-1372.8545 attn=-5.2532 div=33.9546
  [TIME] CE=180ms logic_reg=2580ms
  step  7740/8000 (global=11740)  loss=9.1971  avg=6.7672  lr=0.000001  B=7  1926ms
  [WB] boundary=93/100  core_diff=2.8226  bin_diff=0.0655  ratio=43.07  prune_act=0.0000
  [WB] structure=10/16 (62%)  opp_sim=0.068
  [WB] BOUNDARY OK | CORE>BIN OK | PRUNE silent OK
  [LOGIC] mlp=-1372.8518 attn=-5.2530 div=33.9546
  [TIME] CE=157ms logic_reg=2315ms
  step  7750/8000 (global=11750)  loss=7.3567  avg=6.7518  lr=0.000001  B=6  1926ms
  [WB] boundary=93/100  core_diff=2.8226  bin_diff=0.0655  ratio=43.07  prune_act=0.0000
  [WB] structure=10/16 (62%)  opp_sim=0.068
  [WB] BOUNDARY OK | CORE>BIN OK | PRUNE silent OK
[*] stateful inference started: window=9996, sinks=4, ctx=10240
[*] sliding window configured: W=9996, sinks=4 (effective context: 10000)
  [TRACE] "冷": L0[||x||=8.78 C268(+290.07--9.63) B1076(+10349.72--24.65) P448(max0.000)] L4[||x||=6.00 C268(+1567.65--3.28) B1076(+4208.96--38.08) P448(max0.000)] L7[||x||=6.00 C268(+1187.86--6.33) B1076(+13938.34--17.56) P448(max0.000)] | H=13.67/15 top3=32609 232 235 
  [LOGIC] mlp=-1372.8396 attn=-5.2527 div=33.9546
  [TIME] CE=159ms logic_reg=2332ms
  step  7760/8000 (global=11760)  loss=6.0370  avg=6.6823  lr=0.000001  B=6  1926ms
  [WB] boundary=93/100  core_diff=2.8226  bin_diff=0.0655  ratio=43.07  prune_act=0.0000
  [WB] structure=10/16 (62%)  opp_sim=0.068
  [WB] BOUNDARY OK | CORE>BIN OK | PRUNE silent OK
  [LOGIC] mlp=-1372.8379 attn=-5.2525 div=33.9546
  [TIME] CE=178ms logic_reg=2442ms
  step  7770/8000 (global=11770)  loss=4.8214  avg=6.6400  lr=0.000001  B=7  1926ms
  [WB] boundary=93/100  core_diff=2.8226  bin_diff=0.0655  ratio=43.07  prune_act=0.0000
  [WB] structure=10/16 (62%)  opp_sim=0.068
  [WB] BOUNDARY OK | CORE>BIN OK | PRUNE silent OK
    [plan-I] step 9149 W_v approx_rank=17.4 (frob=10.60 max_row=0.61)
    [ortho] step 9149 L0 W_o off_diag=0.21 diag_dev=0.0738
    [plan-I] step 9149 W_v approx_rank=17.4 (frob=10.56 max_row=0.61)
    [ortho] step 9149 L1 W_o off_diag=0.21 diag_dev=0.0739
    [plan-I] step 9149 W_v approx_rank=17.4 (frob=10.67 max_row=0.61)
    [ortho] step 9149 L2 W_o off_diag=0.21 diag_dev=0.0735
    [plan-I] step 9149 W_v approx_rank=17.3 (frob=10.55 max_row=0.61)
    [ortho] step 9149 L3 W_o off_diag=0.21 diag_dev=0.0737
    [plan-I] step 9149 W_v approx_rank=17.1 (frob=10.43 max_row=0.61)
    [ortho] step 9149 L4 W_o off_diag=0.21 diag_dev=0.0738
    [plan-I] step 9149 W_v approx_rank=17.4 (frob=10.70 max_row=0.62)
    [ortho] step 9149 L5 W_o off_diag=0.21 diag_dev=0.0739
    [plan-I] step 9149 W_v approx_rank=17.1 (frob=10.49 max_row=0.61)
    [ortho] step 9149 L6 W_o off_diag=0.21 diag_dev=0.0737
    [plan-I] step 9149 W_v approx_rank=17.1 (frob=10.60 max_row=0.62)
    [ortho] step 9149 L7 W_o off_diag=0.21 diag_dev=0.0740
  [LOGIC] mlp=-1372.8165 attn=-5.2522 div=33.9546
  [TIME] CE=105ms logic_reg=2409ms
  step  7780/8000 (global=11780)  loss=8.8284  avg=6.5659  lr=0.000001  B=4  1926ms
  [WB] boundary=93/100  core_diff=2.8225  bin_diff=0.0655  ratio=43.07  prune_act=0.0000
  [WB] structure=10/16 (62%)  opp_sim=0.068
  [WB] BOUNDARY OK | CORE>BIN OK | PRUNE silent OK
  [LOGIC] mlp=-1372.8076 attn=-5.2520 div=33.9546
  [TIME] CE=106ms logic_reg=2538ms
  step  7790/8000 (global=11790)  loss=5.6200  avg=6.7120  lr=0.000001  B=4  1926ms
  [WB] boundary=93/100  core_diff=2.8225  bin_diff=0.0655  ratio=43.07  prune_act=0.0000
  [WB] structure=10/16 (62%)  opp_sim=0.068
  [WB] BOUNDARY OK | CORE>BIN OK | PRUNE silent OK
  [LOGIC] mlp=-1372.8077 attn=-5.2518 div=33.9546
  [TIME] CE=104ms logic_reg=2369ms
  step  7800/8000 (global=11800)  loss=9.3005  avg=6.7722  lr=0.000001  B=4  1926ms
  [WB] boundary=93/100  core_diff=2.8225  bin_diff=0.0655  ratio=43.07  prune_act=0.0000
  [WB] structure=10/16 (62%)  opp_sim=0.068
  [WB] BOUNDARY OK | CORE>BIN OK | PRUNE silent OK
[*] stateful inference started: window=9996, sinks=4, ctx=10240
[*] sliding window configured: W=9996, sinks=4 (effective context: 10000)
  [TRACE] "火": L0[||x||=8.64 C268(+322.24--9.55) B1076(+10233.38--26.17) P448(max0.000)] L4[||x||=6.00 C268(+1642.82--3.33) B1076(+4189.98--36.35) P448(max0.000)] L7[||x||=6.00 C268(+1224.87--5.43) B1076(+13554.71--17.65) P448(max0.000)] | H=13.60/15 top3=32609 232 235 
  [LOGIC] mlp=-1372.8049 attn=-5.2515 div=33.9546
  [TIME] CE=141ms logic_reg=2371ms
  step  7810/8000 (global=11810)  loss=6.0948  avg=6.6933  lr=0.000001  B=5  1926ms
  [WB] boundary=93/100  core_diff=2.8225  bin_diff=0.0655  ratio=43.07  prune_act=0.0000
  [WB] structure=10/16 (62%)  opp_sim=0.068
  [WB] BOUNDARY OK | CORE>BIN OK | PRUNE silent OK
  [LOGIC] mlp=-1372.8047 attn=-5.2513 div=33.9546
  [TIME] CE=131ms logic_reg=2348ms
  step  7820/8000 (global=11820)  loss=5.8527  avg=6.6299  lr=0.000001  B=5  1926ms
  [WB] boundary=93/100  core_diff=2.8225  bin_diff=0.0655  ratio=43.07  prune_act=0.0000
  [WB] structure=10/16 (62%)  opp_sim=0.068
  [WB] BOUNDARY OK | CORE>BIN OK | PRUNE silent OK
    [plan-I] step 9199 W_v approx_rank=17.4 (frob=10.60 max_row=0.61)
    [ortho] step 9199 L0 W_o off_diag=0.21 diag_dev=0.0738
    [plan-I] step 9199 W_v approx_rank=17.4 (frob=10.56 max_row=0.61)
    [ortho] step 9199 L1 W_o off_diag=0.21 diag_dev=0.0739
    [plan-I] step 9199 W_v approx_rank=17.4 (frob=10.67 max_row=0.61)
    [ortho] step 9199 L2 W_o off_diag=0.21 diag_dev=0.0735
    [plan-I] step 9199 W_v approx_rank=17.3 (frob=10.55 max_row=0.61)
    [ortho] step 9199 L3 W_o off_diag=0.21 diag_dev=0.0737
    [plan-I] step 9199 W_v approx_rank=17.1 (frob=10.43 max_row=0.61)
    [ortho] step 9199 L4 W_o off_diag=0.21 diag_dev=0.0739
    [plan-I] step 9199 W_v approx_rank=17.4 (frob=10.70 max_row=0.62)
    [ortho] step 9199 L5 W_o off_diag=0.21 diag_dev=0.0740
    [plan-I] step 9199 W_v approx_rank=17.1 (frob=10.49 max_row=0.61)
    [ortho] step 9199 L6 W_o off_diag=0.21 diag_dev=0.0738
    [plan-I] step 9199 W_v approx_rank=17.1 (frob=10.60 max_row=0.62)
    [ortho] step 9199 L7 W_o off_diag=0.21 diag_dev=0.0740
  [LOGIC] mlp=-1372.8068 attn=-5.2511 div=33.9546
  [TIME] CE=155ms logic_reg=2540ms
  step  7830/8000 (global=11830)  loss=6.1542  avg=6.7088  lr=0.000000  B=6  1926ms
  [WB] boundary=93/100  core_diff=2.8225  bin_diff=0.0655  ratio=43.07  prune_act=0.0000
  [WB] structure=10/16 (62%)  opp_sim=0.068
  [WB] BOUNDARY OK | CORE>BIN OK | PRUNE silent OK
  [LOGIC] mlp=-1372.8026 attn=-5.2508 div=33.9546
  [TIME] CE=161ms logic_reg=2323ms
  step  7840/8000 (global=11840)  loss=3.9561  avg=6.8869  lr=0.000000  B=6  1926ms
  [WB] boundary=93/100  core_diff=2.8225  bin_diff=0.0655  ratio=43.07  prune_act=0.0000
  [WB] structure=10/16 (62%)  opp_sim=0.068
  [WB] BOUNDARY OK | CORE>BIN OK | PRUNE silent OK
  [LOGIC] mlp=-1372.8026 attn=-5.2506 div=33.9546
  [TIME] CE=185ms logic_reg=2507ms
  step  7850/8000 (global=11850)  loss=5.0086  avg=6.9255  lr=0.000000  B=7  1926ms
  [WB] boundary=93/100  core_diff=2.8225  bin_diff=0.0655  ratio=43.07  prune_act=0.0000
  [WB] structure=10/16 (62%)  opp_sim=0.068
  [WB] BOUNDARY OK | CORE>BIN OK | PRUNE silent OK
[*] stateful inference started: window=9996, sinks=4, ctx=10240
[*] sliding window configured: W=9996, sinks=4 (effective context: 10000)
  [TRACE] "水": L0[||x||=8.65 C268(+248.30--9.58) B1076(+10443.98--21.80) P448(max0.000)] L4[||x||=6.00 C268(+1546.17--2.53) B1076(+4203.69--38.09) P448(max0.000)] L7[||x||=6.00 C268(+1187.48--6.51) B1076(+13833.32--17.64) P448(max0.000)] | H=13.80/15 top3=232 235 32609 
  [LOGIC] mlp=-1372.7992 attn=-5.2503 div=33.9546
  [TIME] CE=186ms logic_reg=2466ms
  step  7860/8000 (global=11860)  loss=5.8282  avg=6.8619  lr=0.000000  B=7  1926ms
  [WB] boundary=93/100  core_diff=2.8225  bin_diff=0.0655  ratio=43.07  prune_act=0.0000
  [WB] structure=10/16 (62%)  opp_sim=0.068
  [WB] BOUNDARY OK | CORE>BIN OK | PRUNE silent OK
  [LOGIC] mlp=-1372.7943 attn=-5.2501 div=33.9546
  [TIME] CE=110ms logic_reg=2318ms
  step  7870/8000 (global=11870)  loss=8.0848  avg=6.9039  lr=0.000000  B=4  1926ms
  [WB] boundary=93/100  core_diff=2.8225  bin_diff=0.0655  ratio=43.07  prune_act=0.0000
  [WB] structure=10/16 (62%)  opp_sim=0.068
  [WB] BOUNDARY OK | CORE>BIN OK | PRUNE silent OK
    [plan-I] step 9249 W_v approx_rank=17.4 (frob=10.60 max_row=0.61)
    [ortho] step 9249 L0 W_o off_diag=0.21 diag_dev=0.0738
    [plan-I] step 9249 W_v approx_rank=17.4 (frob=10.56 max_row=0.61)
    [ortho] step 9249 L1 W_o off_diag=0.21 diag_dev=0.0739
    [plan-I] step 9249 W_v approx_rank=17.4 (frob=10.67 max_row=0.61)
    [ortho] step 9249 L2 W_o off_diag=0.21 diag_dev=0.0736
    [plan-I] step 9249 W_v approx_rank=17.3 (frob=10.55 max_row=0.61)
    [ortho] step 9249 L3 W_o off_diag=0.21 diag_dev=0.0738
    [plan-I] step 9249 W_v approx_rank=17.1 (frob=10.43 max_row=0.61)
    [ortho] step 9249 L4 W_o off_diag=0.21 diag_dev=0.0739
    [plan-I] step 9249 W_v approx_rank=17.4 (frob=10.70 max_row=0.62)
    [ortho] step 9249 L5 W_o off_diag=0.21 diag_dev=0.0740
    [plan-I] step 9249 W_v approx_rank=17.1 (frob=10.49 max_row=0.61)
    [ortho] step 9249 L6 W_o off_diag=0.21 diag_dev=0.0738
    [plan-I] step 9249 W_v approx_rank=17.1 (frob=10.60 max_row=0.62)
    [ortho] step 9249 L7 W_o off_diag=0.21 diag_dev=0.0740
  [LOGIC] mlp=-1372.7914 attn=-5.2498 div=33.9547
  [TIME] CE=181ms logic_reg=2356ms
  step  7880/8000 (global=11880)  loss=7.8294  avg=6.9104  lr=0.000000  B=7  1926ms
  [WB] boundary=93/100  core_diff=2.8225  bin_diff=0.0655  ratio=43.07  prune_act=0.0000
  [WB] structure=10/16 (62%)  opp_sim=0.068
  [WB] BOUNDARY OK | CORE>BIN OK | PRUNE silent OK
  [LOGIC] mlp=-1372.7913 attn=-5.2496 div=33.9547
  [TIME] CE=130ms logic_reg=2502ms
  step  7890/8000 (global=11890)  loss=6.1711  avg=7.0117  lr=0.000000  B=5  1926ms
  [WB] boundary=93/100  core_diff=2.8225  bin_diff=0.0655  ratio=43.07  prune_act=0.0000
  [WB] structure=10/16 (62%)  opp_sim=0.068
  [WB] BOUNDARY OK | CORE>BIN OK | PRUNE silent OK
  [LOGIC] mlp=-1372.7897 attn=-5.2493 div=33.9546
  [TIME] CE=131ms logic_reg=2426ms
  step  7900/8000 (global=11900)  loss=8.7629  avg=6.9100  lr=0.000000  B=5  1926ms
  [WB] boundary=93/100  core_diff=2.8224  bin_diff=0.0655  ratio=43.07  prune_act=0.0000
  [WB] structure=10/16 (62%)  opp_sim=0.068
  [WB] BOUNDARY OK | CORE>BIN OK | PRUNE silent OK
[*] stateful inference started: window=9996, sinks=4, ctx=10240
[*] sliding window configured: W=9996, sinks=4 (effective context: 10000)
  [TRACE] "大": L0[||x||=8.47 C268(+264.68--10.59) B1076(+10118.55--25.62) P448(max0.000)] L4[||x||=6.00 C268(+1660.44--2.81) B1076(+4174.85--35.70) P448(max0.000)] L7[||x||=6.00 C268(+1239.90--5.30) B1076(+13328.67--17.47) P448(max0.000)] | H=13.78/15 top3=232 235 32609 
  [LOGIC] mlp=-1372.7861 attn=-5.2491 div=33.9547
  [TIME] CE=139ms logic_reg=2354ms
  step  7910/8000 (global=11910)  loss=7.6086  avg=6.9049  lr=0.000000  B=5  1926ms
  [WB] boundary=93/100  core_diff=2.8224  bin_diff=0.0655  ratio=43.07  prune_act=0.0000
  [WB] structure=10/16 (62%)  opp_sim=0.068
  [WB] BOUNDARY OK | CORE>BIN OK | PRUNE silent OK
  [LOGIC] mlp=-1372.7823 attn=-5.2488 div=33.9547
  [TIME] CE=155ms logic_reg=2396ms
  step  7920/8000 (global=11920)  loss=5.9515  avg=6.7726  lr=0.000000  B=6  1926ms
  [WB] boundary=93/100  core_diff=2.8224  bin_diff=0.0655  ratio=43.07  prune_act=0.0000
  [WB] structure=10/16 (62%)  opp_sim=0.068
  [WB] BOUNDARY OK | CORE>BIN OK | PRUNE silent OK
    [plan-I] step 9299 W_v approx_rank=17.4 (frob=10.60 max_row=0.61)
    [ortho] step 9299 L0 W_o off_diag=0.21 diag_dev=0.0738
    [plan-I] step 9299 W_v approx_rank=17.4 (frob=10.56 max_row=0.61)
    [ortho] step 9299 L1 W_o off_diag=0.21 diag_dev=0.0740
    [plan-I] step 9299 W_v approx_rank=17.4 (frob=10.67 max_row=0.61)
    [ortho] step 9299 L2 W_o off_diag=0.21 diag_dev=0.0736
    [plan-I] step 9299 W_v approx_rank=17.3 (frob=10.55 max_row=0.61)
    [ortho] step 9299 L3 W_o off_diag=0.21 diag_dev=0.0738
    [plan-I] step 9299 W_v approx_rank=17.1 (frob=10.43 max_row=0.61)
    [ortho] step 9299 L4 W_o off_diag=0.21 diag_dev=0.0739
    [plan-I] step 9299 W_v approx_rank=17.4 (frob=10.70 max_row=0.62)
    [ortho] step 9299 L5 W_o off_diag=0.21 diag_dev=0.0740
    [plan-I] step 9299 W_v approx_rank=17.1 (frob=10.49 max_row=0.61)
    [ortho] step 9299 L6 W_o off_diag=0.21 diag_dev=0.0738
    [plan-I] step 9299 W_v approx_rank=17.1 (frob=10.60 max_row=0.62)
    [ortho] step 9299 L7 W_o off_diag=0.21 diag_dev=0.0740
  [LOGIC] mlp=-1372.7795 attn=-5.2486 div=33.9547
  [TIME] CE=180ms logic_reg=2339ms
  step  7930/8000 (global=11930)  loss=5.9424  avg=6.7073  lr=0.000000  B=7  1926ms
  [WB] boundary=93/100  core_diff=2.8224  bin_diff=0.0655  ratio=43.07  prune_act=0.0000
  [WB] structure=10/16 (62%)  opp_sim=0.068
  [WB] BOUNDARY OK | CORE>BIN OK | PRUNE silent OK
  [LOGIC] mlp=-1372.7773 attn=-5.2484 div=33.9546
  [TIME] CE=158ms logic_reg=2406ms
  step  7940/8000 (global=11940)  loss=5.7341  avg=6.8073  lr=0.000000  B=6  1926ms
  [WB] boundary=93/100  core_diff=2.8224  bin_diff=0.0655  ratio=43.07  prune_act=0.0000
  [WB] structure=10/16 (62%)  opp_sim=0.068
  [WB] BOUNDARY OK | CORE>BIN OK | PRUNE silent OK
  [LOGIC] mlp=-1372.7748 attn=-5.2481 div=33.9547
  [TIME] CE=161ms logic_reg=2372ms
  step  7950/8000 (global=11950)  loss=4.7549  avg=6.7982  lr=0.000000  B=6  1926ms
  [WB] boundary=93/100  core_diff=2.8224  bin_diff=0.0655  ratio=43.07  prune_act=0.0000
  [WB] structure=10/16 (62%)  opp_sim=0.068
  [WB] BOUNDARY OK | CORE>BIN OK | PRUNE silent OK
[*] stateful inference started: window=9996, sinks=4, ctx=10240
[*] sliding window configured: W=9996, sinks=4 (effective context: 10000)
  [TRACE] "小": L0[||x||=8.73 C268(+265.05--9.79) B1076(+10310.77--24.59) P448(max0.000)] L4[||x||=6.00 C268(+1587.62--3.30) B1076(+4188.80--37.76) P448(max0.000)] L7[||x||=6.00 C268(+1202.69--5.86) B1076(+13733.55--17.62) P448(max0.000)] | H=13.78/15 top3=32609 232 235 
  [LOGIC] mlp=-1372.7719 attn=-5.2478 div=33.9546
  [TIME] CE=167ms logic_reg=2342ms
  step  7960/8000 (global=11960)  loss=6.5234  avg=6.8102  lr=0.000000  B=6  1926ms
  [WB] boundary=93/100  core_diff=2.8224  bin_diff=0.0655  ratio=43.07  prune_act=0.0000
  [WB] structure=10/16 (62%)  opp_sim=0.068
  [WB] BOUNDARY OK | CORE>BIN OK | PRUNE silent OK
  [LOGIC] mlp=-1372.7693 attn=-5.2476 div=33.9547
  [TIME] CE=358ms logic_reg=2360ms
  step  7970/8000 (global=11970)  loss=6.3935  avg=6.7031  lr=0.000000  B=5  1926ms
  [WB] boundary=93/100  core_diff=2.8224  bin_diff=0.0655  ratio=43.07  prune_act=0.0000
  [WB] structure=10/16 (62%)  opp_sim=0.068
  [WB] BOUNDARY OK | CORE>BIN OK | PRUNE silent OK
    [plan-I] step 9349 W_v approx_rank=17.4 (frob=10.60 max_row=0.61)
    [ortho] step 9349 L0 W_o off_diag=0.21 diag_dev=0.0739
    [plan-I] step 9349 W_v approx_rank=17.4 (frob=10.56 max_row=0.61)
    [ortho] step 9349 L1 W_o off_diag=0.21 diag_dev=0.0740
    [plan-I] step 9349 W_v approx_rank=17.4 (frob=10.67 max_row=0.61)
    [ortho] step 9349 L2 W_o off_diag=0.21 diag_dev=0.0736
    [plan-I] step 9349 W_v approx_rank=17.3 (frob=10.55 max_row=0.61)
    [ortho] step 9349 L3 W_o off_diag=0.21 diag_dev=0.0738
    [plan-I] step 9349 W_v approx_rank=17.1 (frob=10.43 max_row=0.61)
    [ortho] step 9349 L4 W_o off_diag=0.21 diag_dev=0.0739
    [plan-I] step 9349 W_v approx_rank=17.4 (frob=10.70 max_row=0.62)
    [ortho] step 9349 L5 W_o off_diag=0.21 diag_dev=0.0740
    [plan-I] step 9349 W_v approx_rank=17.1 (frob=10.49 max_row=0.61)
    [ortho] step 9349 L6 W_o off_diag=0.21 diag_dev=0.0738
    [plan-I] step 9349 W_v approx_rank=17.1 (frob=10.60 max_row=0.62)
    [ortho] step 9349 L7 W_o off_diag=0.21 diag_dev=0.0741
  [LOGIC] mlp=-1372.7676 attn=-5.2474 div=33.9547
  [TIME] CE=131ms logic_reg=2317ms
  step  7980/8000 (global=11980)  loss=9.9034  avg=6.7947  lr=0.000000  B=5  1926ms
  [WB] boundary=93/100  core_diff=2.8224  bin_diff=0.0655  ratio=43.07  prune_act=0.0000
  [WB] structure=10/16 (62%)  opp_sim=0.068
  [WB] BOUNDARY OK | CORE>BIN OK | PRUNE silent OK
  [LOGIC] mlp=-1372.7654 attn=-5.2471 div=33.9547
  [TIME] CE=158ms logic_reg=2314ms
  step  7990/8000 (global=11990)  loss=6.1041  avg=6.9073  lr=0.000000  B=6  1926ms
  [WB] boundary=93/100  core_diff=2.8224  bin_diff=0.0655  ratio=43.07  prune_act=0.0000
  [WB] structure=10/16 (62%)  opp_sim=0.068
  [WB] BOUNDARY OK | CORE>BIN OK | PRUNE silent OK
  step  7999/8000 (global=11999)  loss=6.4680  avg=6.9380  lr=0.000000  B=5  1926ms

[*] STE training done in 15410.8s (1926.3 ms/step)
[*] Best recent loss: 5.9024

[*] Saving trained weights to model_large_dialogue.ste...
[*] Saved 154491928 bytes
=== Post-Training Whitebox Analysis (surface) ===

=== LAL Whitebox Probe (step checkpoint) ===
Model: 8L, 448 embd, 1792 mlp

--- Embedding Concept Boundary ---

        热  冷  大  小  上  下  亮  暗  重  轻  快  慢  湿  干
  热  +1.00 +0.13 +0.29 +0.29 +0.31 +0.28 +0.89 +0.13 +0.23 +0.27 +0.27 +0.26 +0.25 +0.32
  冷  +0.13 +1.00 +0.27 +0.33 +0.32 +0.32 +0.19 +0.36 +0.29 +0.29 +0.32 +0.31 +0.32 +0.37
  大  +0.29 +0.27 +1.00 +0.12 +0.30 +0.29 +0.30 +0.29 +0.31 +0.36 +0.30 +0.35 +0.33 +0.30
  小  +0.29 +0.33 +0.12 +1.00 +0.28 +0.35 +0.27 +0.35 +0.30 +0.30 +0.29 +0.27 +0.33 +0.26
  上  +0.31 +0.32 +0.30 +0.28 +1.00 +0.02 +0.35 +0.20 +0.22 +0.23 +0.25 +0.27 +0.29 +0.29
  下  +0.28 +0.32 +0.29 +0.35 +0.02 +1.00 +0.29 +0.37 +0.30 +0.35 +0.30 +0.28 +0.27 +0.35
  亮  +0.89 +0.19 +0.30 +0.27 +0.35 +0.29 +1.00 +0.04 +0.24 +0.31 +0.28 +0.30 +0.25 +0.32
  暗  +0.13 +0.36 +0.29 +0.35 +0.20 +0.37 +0.04 +1.00 +0.33 +0.30 +0.30 +0.27 +0.36 +0.29
  重  +0.23 +0.29 +0.31 +0.30 +0.22 +0.30 +0.24 +0.33 +1.00 +0.07 +0.30 +0.25 +0.27 +0.28
  轻  +0.27 +0.29 +0.36 +0.30 +0.23 +0.35 +0.31 +0.30 +0.07 +1.00 +0.33 +0.36 +0.33 +0.29
  快  +0.27 +0.32 +0.30 +0.29 +0.25 +0.30 +0.28 +0.30 +0.30 +0.33 +1.00 +0.02 +0.33 +0.30
  慢  +0.26 +0.31 +0.35 +0.27 +0.27 +0.28 +0.30 +0.27 +0.25 +0.36 +0.02 +1.00 +0.26 +0.30
  湿  +0.25 +0.32 +0.33 +0.33 +0.29 +0.27 +0.25 +0.36 +0.27 +0.33 +0.33 +0.26 +1.00 +0.09
  干  +0.32 +0.37 +0.30 +0.26 +0.29 +0.35 +0.32 +0.29 +0.28 +0.29 +0.30 +0.30 +0.09 +1.00

  Opposite pairs (boundary clarity):
    热 vs 冷: +0.1257 CLEAR
    大 vs 小: +0.1194 CLEAR
    上 vs 下: +0.0174 CLEAR
    亮 vs 暗: +0.0411 CLEAR
    重 vs 轻: +0.0652 CLEAR
    快 vs 慢: +0.0239 CLEAR
    湿 vs 干: +0.0865 CLEAR

  Boundary score: 93/100 (STRONG)

--- CORE Activation (simulated, layer 0) ---

  热 vs 冷: CORE diff=2.6553 act=2.0770 OK | BIN diff=0.0276 | PRUNE act=0.0000
  大 vs 小: CORE diff=2.8316 act=2.1355 OK | BIN diff=0.0597 | PRUNE act=0.0000
  上 vs 下: CORE diff=2.8102 act=2.7932 OK | BIN diff=0.0240 | PRUNE act=0.0000
  亮 vs 暗: CORE diff=2.8035 act=1.8888 OK | BIN diff=0.0824 | PRUNE act=0.0000
  重 vs 轻: CORE diff=2.8882 act=2.0778 OK | BIN diff=0.1587 | PRUNE act=0.0000
  快 vs 慢: CORE diff=2.8404 act=2.4037 OK | BIN diff=0.0354 | PRUNE act=0.0000
  湿 vs 干: CORE diff=2.9278 act=2.2136 OK | BIN diff=0.0710 | PRUNE act=0.0000

--- Weight Structure ---

  L0 mlp: CORE=3.3502 BIN=0.8095 PRUNE=0.0000 OK | attn: CORE=0.5769 BIN=0.5777 PRUNE=0.0000 X
  L1 mlp: CORE=3.1775 BIN=0.6575 PRUNE=0.0000 OK | attn: CORE=0.5770 BIN=0.5778 PRUNE=0.0000 X
  ... (layers 2-6) ...
  L7 mlp: CORE=3.0222 BIN=0.9807 PRUNE=0.0000 OK | attn: CORE=0.5784 BIN=0.5779 PRUNE=0.0000 OK

  Structure: 62% OK (10/16)

--- Embedding Concept Boundary ---

        热  冷  大  小  上  下  亮  暗  重  轻  快  慢  湿  干
  热  +1.00 +0.13 +0.29 +0.29 +0.31 +0.28 +0.89 +0.13 +0.23 +0.27 +0.27 +0.26 +0.25 +0.32
  冷  +0.13 +1.00 +0.27 +0.33 +0.32 +0.32 +0.19 +0.36 +0.29 +0.29 +0.32 +0.31 +0.32 +0.37
  大  +0.29 +0.27 +1.00 +0.12 +0.30 +0.29 +0.30 +0.29 +0.31 +0.36 +0.30 +0.35 +0.33 +0.30
  小  +0.29 +0.33 +0.12 +1.00 +0.28 +0.35 +0.27 +0.35 +0.30 +0.30 +0.29 +0.27 +0.33 +0.26
  上  +0.31 +0.32 +0.30 +0.28 +1.00 +0.02 +0.35 +0.20 +0.22 +0.23 +0.25 +0.27 +0.29 +0.29
  下  +0.28 +0.32 +0.29 +0.35 +0.02 +1.00 +0.29 +0.37 +0.30 +0.35 +0.30 +0.28 +0.27 +0.35
  亮  +0.89 +0.19 +0.30 +0.27 +0.35 +0.29 +1.00 +0.04 +0.24 +0.31 +0.28 +0.30 +0.25 +0.32
  暗  +0.13 +0.36 +0.29 +0.35 +0.20 +0.37 +0.04 +1.00 +0.33 +0.30 +0.30 +0.27 +0.36 +0.29
  重  +0.23 +0.29 +0.31 +0.30 +0.22 +0.30 +0.24 +0.33 +1.00 +0.07 +0.30 +0.25 +0.27 +0.28
  轻  +0.27 +0.29 +0.36 +0.30 +0.23 +0.35 +0.31 +0.30 +0.07 +1.00 +0.33 +0.36 +0.33 +0.29
  快  +0.27 +0.32 +0.30 +0.29 +0.25 +0.30 +0.28 +0.30 +0.30 +0.33 +1.00 +0.02 +0.33 +0.30
  慢  +0.26 +0.31 +0.35 +0.27 +0.27 +0.28 +0.30 +0.27 +0.25 +0.36 +0.02 +1.00 +0.26 +0.30
  湿  +0.25 +0.32 +0.33 +0.33 +0.29 +0.27 +0.25 +0.36 +0.27 +0.33 +0.33 +0.26 +1.00 +0.09
  干  +0.32 +0.37 +0.30 +0.26 +0.29 +0.35 +0.32 +0.29 +0.28 +0.29 +0.30 +0.30 +0.09 +1.00

  Opposite pairs (boundary clarity):
    热 vs 冷: +0.1257 CLEAR
    大 vs 小: +0.1194 CLEAR
    上 vs 下: +0.0174 CLEAR
    亮 vs 暗: +0.0411 CLEAR
    重 vs 轻: +0.0652 CLEAR
    快 vs 慢: +0.0239 CLEAR
    湿 vs 干: +0.0865 CLEAR

  Boundary score: 93/100 (STRONG)

--- Concept Similarity (mid-layer weights) ---

  Embedding similarity:
        热  冷  大  小  上  下  亮  暗  重  轻  快  慢  湿  干
  热  +1.00 +0.13 +0.29 +0.29 +0.31 +0.28 +0.89 +0.13 +0.23 +0.27 +0.27 +0.26 +0.25 +0.32
  冷  +0.13 +1.00 +0.27 +0.33 +0.32 +0.32 +0.19 +0.36 +0.29 +0.29 +0.32 +0.31 +0.32 +0.37
  大  +0.29 +0.27 +1.00 +0.12 +0.30 +0.29 +0.30 +0.29 +0.31 +0.36 +0.30 +0.35 +0.33 +0.30
  小  +0.29 +0.33 +0.12 +1.00 +0.28 +0.35 +0.27 +0.35 +0.30 +0.30 +0.29 +0.27 +0.33 +0.26
  上  +0.31 +0.32 +0.30 +0.28 +1.00 +0.02 +0.35 +0.20 +0.22 +0.23 +0.25 +0.27 +0.29 +0.29
  下  +0.28 +0.32 +0.29 +0.35 +0.02 +1.00 +0.29 +0.37 +0.30 +0.35 +0.30 +0.28 +0.27 +0.35
  亮  +0.89 +0.19 +0.30 +0.27 +0.35 +0.29 +1.00 +0.04 +0.24 +0.31 +0.28 +0.30 +0.25 +0.32
  暗  +0.13 +0.36 +0.29 +0.35 +0.20 +0.37 +0.04 +1.00 +0.33 +0.30 +0.30 +0.27 +0.36 +0.29
  重  +0.23 +0.29 +0.31 +0.30 +0.22 +0.30 +0.24 +0.33 +1.00 +0.07 +0.30 +0.25 +0.27 +0.28
  轻  +0.27 +0.29 +0.36 +0.30 +0.23 +0.35 +0.31 +0.30 +0.07 +1.00 +0.33 +0.36 +0.33 +0.29
  快  +0.27 +0.32 +0.30 +0.29 +0.25 +0.30 +0.28 +0.30 +0.30 +0.33 +1.00 +0.02 +0.33 +0.30
  慢  +0.26 +0.31 +0.35 +0.27 +0.27 +0.28 +0.30 +0.27 +0.25 +0.36 +0.02 +1.00 +0.26 +0.30
  湿  +0.25 +0.32 +0.33 +0.33 +0.29 +0.27 +0.25 +0.36 +0.27 +0.33 +0.33 +0.26 +1.00 +0.09
  干  +0.32 +0.37 +0.30 +0.26 +0.29 +0.35 +0.32 +0.29 +0.28 +0.29 +0.30 +0.30 +0.09 +1.00


========================================
  DEEP WHITEBOX DIAGNOSIS
  (explaining WHY generation is garbage)
========================================

--- 1. Embedding Space Differentiation ---

  Embedding norms:
    热=0.579 冷=0.619 大=0.602 小=0.608 上=0.582 下=0.596 亮=0.586 暗=0.599 火=0.600 水=0.640 

  Avg cosine similarity:
    Opposite pairs (should be LOW):  0.1279
    Unrelated pairs (should be ~0):  0.3490
    Gap (unrelated - opposite):       0.2210  [WEAK] unrelated concepts too similar — space not spread out

--- 2. CORE Activation Magnitude ---

  Layer 0 mlp activation (for '热'):
    CORE  : max=5.3623 avg=2.0770  (n=268)
    BINARY: max=137.7572 avg=11.7616  (n=1076)
    CORE diff (热 vs 冷): 2.6553 (127.8% of avg)
    [OK]

--- 3. Weight Norm Layering (CORE > BINARY > PRUNE?) ---

  L0: CORE=3.3502 BIN=0.8095 PRUNE=0.0000  [OK layered]
  L1: CORE=3.1775 BIN=0.6575 PRUNE=0.0000  [OK layered]
  L2: CORE=3.4490 BIN=0.6881 PRUNE=0.0000  [OK layered]
  L3: CORE=3.1243 BIN=0.6351 PRUNE=0.0000  [OK layered]
  L4: CORE=2.8232 BIN=0.6077 PRUNE=0.0000  [OK layered]
  L5: CORE=3.3827 BIN=0.5728 PRUNE=0.0000  [OK layered]
  L6: CORE=4.1347 BIN=0.7270 PRUNE=0.0000  [OK layered]
  L7: CORE=3.0222 BIN=0.9807 PRUNE=0.0000  [OK layered]

--- 4. Logits Distribution (mode collapse check) ---

  Prompt '热' → top-5 next-token logits:
    token 32609 '就' logit=6.3546
    token 232 '�' logit=6.2959
    token 235 '�' logit=6.1017
    token 165 '�' logit=6.0410
    token 31874 '的' logit=5.8751

  Logit range: 10.9883 (max=6.3546 min=-4.6336)
  Softmax entropy: 13.8102 bits (uniform would be 15.00)
  [OK]

========================================
  DIAGNOSIS SUMMARY
========================================
  If generation is garbage, likely causes:
  1. Embeddings not spread (Section 1) → tokens sampled near-randomly
  2. CORE activation too weak (Section 2) → model can't distinguish inputs
  3. Weight norms not layered (Section 3) → logic mask is cosmetic
  4. Logits collapsed/flat (Section 4) → repetitive or random output
  Fix: train more steps, or increase logic_guided_regularization lr
========================================


========================================
  RELATION PROBE (concept relationships)
========================================

  relation          rel_sim  unrel_sim  score   status
  --------          -------  ---------  -----   ------
  fire→hot        +0.8925   +0.2405     +0.6521  OK
  water→cold      +0.9058   +0.2368     +0.6690  OK
  ice→cold        +0.7321   -0.0827     +0.8148  OK
  sun→bright      +0.6974   -0.1998     +0.8972  OK
  snow→cold       +0.9042   +0.2250     +0.6791  OK
  cat→animal      +0.6947   +0.0099     +0.6848  OK
  fish→animal     +0.9031   +0.3498     +0.5533  OK
  flower→plant    +0.9037   +0.4003     +0.5035  OK
  tree→plant      +0.9033   +0.3637     +0.5396  OK
  fire→red        +0.3837   +0.3586     +0.0250  OK
  water→blue      +0.9085   +0.4432     +0.4652  OK
  fire→light      +0.9221   +0.2336     +0.6885  OK
  rain→water      +0.9067   +0.3253     +0.5814  OK
  wind→cloud      +0.9055   +0.3208     +0.5847  OK

  Average:  rel_sim=0.8259  unrel_sim=0.2304  score=0.5956  (14/14 correct)

  [RELATION] STRONG — model learns concept relations

  --- Layer-wise relation amplification (火→热 vs 火→冷) ---
  Layer    sim(火,热)  sim(火,冷)  gap     status
  -----    ----------  ----------  ---     ------
========================================

========================================
  LAYER-BY-LAYER COLLAPSE DIAGNOSIS
  (火 vs 水 — cosine similarity per layer)
========================================

Layer         cosine_sim    l2_dist       ||a||       
-----         ----------    -------       ------      
emb           0.996648      0.715074      8.737836    
L0            0.997871      0.391599      6.000000    
L1            0.998636      0.313287      6.000000    
L2            0.999083      0.256996      6.000002    
L3            0.999339      0.218201      6.000000    
L4            0.999506      0.188601      6.000001    
L5            0.999614      0.166829      5.999998    
L6            0.999683      0.150965      6.000000    
L7            0.999775      0.127353      6.000000    
final_ln      0.999840      (final_ln output)

  (1.0=identical, 0.0=orthogonal)

--- L0 Weight Check ---
  L0 norm1_w[0:5]: 1.4173 2.0000 1.6511 1.6126 2.0000 
  L0 norm1_w mean: 1.6902
  L0 norm1_b[0:5]: -0.4788 -0.3529 0.0299 -0.1039 0.6063 

--- L0 Deep Diagnosis (norm1_out + V) ---
  embedding (火vs水) cosine: 0.996648  ||火||=8.7378 ||水||=8.7259
  norm1_out   (火vs水) cosine: 0.997353  ||火||=44.7878 ||水||=44.7342
  V=attn_v    (火vs水) cosine: 0.997135  ||火||=21.7444 ||水||=21.6050

  norm1_out 火 [0:5]: -1.1845 -1.3472 0.7110 0.5379 4.0375 
  norm1_out 水 [0:5]: -1.1354 -1.1325 0.7263 0.8524 4.2824 
  V 火        [0:5]: -0.9126 -0.7675 0.0000 0.1736 0.0724 
  V 水        [0:5]: -1.0660 -0.7381 0.0000 0.0531 0.0557 

  attn_q (QKV merged) weights: mean=0.000017 min=-0.047245 max=0.047246 n=602112
  (如果 V 火vs水 cosine 高, 但 norm1_out cosine 低, 说明 W_v 把不同输入映射到相似输出)


========================================
  INFERENCE CIRCUIT TRACE (User Prompts)
========================================

  === Trace: "你好" (4 tokens) ===
[*] stateful inference started: window=9996, sinks=4, ctx=10240
[*] sliding window configured: W=9996, sinks=4 (effective context: 10000)
  [INPUT] last token=32084

  --- L0: ||x||=6.4582 K=1.0000 ---
    GATE: CORE=268(+1695.251 --1.895) BIN=1076(+7913.165 --30.257) PRUNE=448(max0.0000)
    GELU: 936/1792 active (52.2%) sum=9608.415

  --- L1: ||x||=6.0000 K=1.0000 ---
    GATE: CORE=268(+2350.670 --3.150) BIN=1076(+5094.400 --41.940) PRUNE=448(max0.0000)
    GELU: 913/1792 active (50.9%) sum=7445.052

  --- L2: ||x||=6.0000 K=1.0000 ---
    GATE: CORE=268(+2212.982 --1.971) BIN=1076(+4146.241 --67.521) PRUNE=448(max0.0000)
    GELU: 716/1792 active (40.0%) sum=6359.196

  --- L3: ||x||=6.0000 K=1.0000 ---
    GATE: CORE=268(+2123.657 --2.622) BIN=1076(+4091.499 --31.499) PRUNE=448(max0.0000)
    GELU: 1028/1792 active (57.4%) sum=6215.143

  --- L4: ||x||=6.0000 K=1.0000 ---
    GATE: CORE=268(+1636.453 --3.216) BIN=1076(+3563.389 --16.602) PRUNE=448(max0.0000)
    GELU: 1126/1792 active (62.8%) sum=5199.830

  --- L5: ||x||=6.0000 K=1.0000 ---
    GATE: CORE=268(+1968.494 --2.106) BIN=1076(+3943.120 --13.724) PRUNE=448(max0.0000)
    GELU: 1151/1792 active (64.2%) sum=5911.591

  --- L6: ||x||=6.0000 K=1.0000 ---
    GATE: CORE=268(+1723.726 --2.757) BIN=1076(+8230.458 --14.284) PRUNE=448(max0.0000)
    GELU: 1112/1792 active (62.1%) sum=9954.163

  --- L7: ||x||=6.0000 K=1.0000 ---
    GATE: CORE=268(+1276.524 --3.405) BIN=1076(+12438.153 --14.463) PRUNE=448(max0.0000)
    GELU: 1064/1792 active (59.4%) sum=13714.670

  [OUT] entropy=13.23/15.00 bits (88.2% random)

  === Trace: "鸟为什么天上飞" (5 tokens) ===
[*] stateful inference started: window=9996, sinks=4, ctx=10240
[*] sliding window configured: W=9996, sinks=4 (effective context: 10000)
  [INPUT] last token=32737

  --- L0: ||x||=6.7948 K=1.0000 ---
    GATE: CORE=268(+1559.302 --1.841) BIN=1076(+8343.516 --29.656) PRUNE=448(max0.0000)
    GELU: 922/1792 active (51.5%) sum=9902.816

  --- L1: ||x||=6.0000 K=1.0000 ---
    GATE: CORE=268(+2151.973 --2.188) BIN=1076(+5233.217 --42.161) PRUNE=448(max0.0000)
    GELU: 890/1792 active (49.7%) sum=7385.178

  --- L2: ||x||=6.0000 K=1.0000 ---
    GATE: CORE=268(+2014.879 --2.817) BIN=1076(+4303.697 --91.529) PRUNE=448(max0.0000)
    GELU: 498/1792 active (27.8%) sum=6318.537

  --- L3: ||x||=6.0000 K=1.0000 ---
    GATE: CORE=268(+1974.779 --2.857) BIN=1076(+3972.769 --38.786) PRUNE=448(max0.0000)
    GELU: 968/1792 active (54.0%) sum=5947.536

  --- L4: ||x||=6.0000 K=1.0000 ---
    GATE: CORE=268(+1535.272 --3.582) BIN=1076(+3570.594 --20.605) PRUNE=448(max0.0000)
    GELU: 1090/1792 active (60.8%) sum=5105.830

  --- L5: ||x||=6.0000 K=1.0000 ---
    GATE: CORE=268(+1927.890 --2.334) BIN=1076(+3764.186 --14.368) PRUNE=448(max0.0000)
    GELU: 1138/1792 active (63.5%) sum=5692.056

  --- L6: ||x||=6.0000 K=1.0000 ---
    GATE: CORE=268(+1721.365 --2.538) BIN=1076(+8547.450 --14.917) PRUNE=448(max0.0000)
    GELU: 1112/1792 active (62.1%) sum=10268.821

  --- L7: ||x||=6.0000 K=1.0000 ---
    GATE: CORE=268(+1164.208 --3.977) BIN=1076(+13598.065 --15.928) PRUNE=448(max0.0000)
    GELU: 1056/1792 active (58.9%) sum=14762.253

  [OUT] entropy=13.34/15.00 bits (88.9% random)
[*] stateful inference started: window=9996, sinks=4, ctx=10240
[*] sliding window configured: W=9996, sinks=4 (effective context: 10000)
[*] stateful inference started: window=9996, sinks=4, ctx=10240
[*] sliding window configured: W=9996, sinks=4 (effective context: 10000)
  [CMP] 你好 vs 鸟为什么天上飞:
  [CMP]  L  | CORE_a  CORE_b  diff  | BIN_a   BIN_b   diff  | ||x||_a ||x||_b
  [CMP] L0  | 6.3326  5.8252  0.5075 | 7.3824  7.7818  0.3994 | 6.458   6.795
  [CMP] L1  | 8.7829  8.0379  0.7450 | 4.7736  4.9028  0.1292 | 6.000   6.000
  [CMP] L2  | 8.2647  7.5287  0.7360 | 3.9161  4.0848  0.1686 | 6.000   6.000
  [CMP] L3  | 7.9339  7.3792  0.5546 | 3.8318  3.7282  0.1036 | 6.000   6.000
  [CMP] L4  | 6.1182  5.7420  0.3762 | 3.3271  3.3375  0.0104 | 6.000   6.000
  [CMP] L5  | 7.3530  7.2023  0.1507 | 3.6774  3.5117  0.1657 | 6.000   6.000
  [CMP] L6  | 6.4421  6.4325  0.0096 | 7.6624  7.9576  0.2952 | 6.000   6.000
  [CMP] L7  | 4.7759  4.3589  0.4170 | 11.5731  12.6524  1.0793 | 6.000   6.000
  [CMP] CORE diff should > BIN diff for differentiation

[*] Done
