[*] Loaded 32768 vocab pieces from tokenizer/chinese_bpe.vocab
=== LAL STE Whitebox-Supervised Training ===

[*] Method: Straight-Through Estimator + CORE/BINARY/PRUNE Logic Guidance
[*]   forward:  CORE = w_float * core_gain * K     (精确计算)
[*]             BINARY = sign(w) * alpha * K       (二值符号)
[*]             PRUNE = 0                           (静默剪枝)
[*]   backward: STE through w_float (CORE+BINARY), PRUNE 无梯度
[*]   update:   Adam on w_float
[*] Logic Guidance (每步,全层):
[*]             CORE  → maximize |act(a) - act(b)|  (差异化反义词)
[*]             BINARY → minimize (act(a) - act(b))^2 (收敛共性)
[*]             PRUNE → skip (保持静默)
[*] Whitebox probe: every 10 steps observe CORE/BINARY/PRUNE circuit

[*] Loaded 69990 samples from data/general_bpe.bin
[*] Using Phase 0.5: 6L test (6L/512d) (~18M params, vocab=32768)
[*] Generated Phase 0.5: 6L test (6L/512d) weights: 6 layers, 512 embd, ~18M params
[*] Logic mask: Phase 1: Growing (20/65/15) (CORE=20% PRUNE=15%)
[*] loaded 76 tensors
[*] binarizing 6 layers (logic-guided)...
    [logic] CORE=409 (20%), BINARY=1332 (65%), PRUNE=307 (15%)
[*] done
[*] freed 24 weight tensors (75 MB) after binarization
[*] Model loaded: 6 layers, 512 embd, k_cache=YES
[*] Resuming from model_v13d.ste...
[*] Resumed g_opt_step = 3600 (Adam bias correction preserved)
[*] Resumed weights loaded successfully


=== LAL STE Training (B=8, max_pos=64, steps=2000, start_step=3600, total_sched=5600, logic_lr=1.0000) ===
[*] STE: forward=sign(w), backward=w_float gradient
[*] Whitebox probe every 10 steps
[*] Semantic regularization every step

  [LOGIC] loss=-1040.4227
  step     0/2000 (global=3600)  loss=5.7805  avg=5.7805  lr=0.000230  B=32  24753ms
  [WB] boundary=92/100  core_diff=2.3230  bin_diff=0.0019  ratio=1208.26  prune_act=0.0000
  [WB] structure=6/12 (50%)  opp_sim=0.081
  [WB] BOUNDARY OK | CORE>BIN OK | PRUNE silent OK
  [LOGIC] loss=-1035.2922
  step    10/2000 (global=3610)  loss=6.0811  avg=5.9850  lr=0.000228  B=32  25200ms
  [WB] boundary=92/100  core_diff=2.3380  bin_diff=0.0036  ratio=651.67  prune_act=0.0000
  [WB] structure=6/12 (50%)  opp_sim=0.083
  [WB] BOUNDARY OK | CORE>BIN OK | PRUNE silent OK
  [LOGIC] loss=-1039.3386
  step    20/2000 (global=3620)  loss=5.2489  avg=6.0939  lr=0.000226  B=32  25177ms
  [WB] boundary=92/100  core_diff=2.3406  bin_diff=0.0024  ratio=990.77  prune_act=0.0000
  [WB] structure=6/12 (50%)  opp_sim=0.083
  [WB] BOUNDARY OK | CORE>BIN OK | PRUNE silent OK
  [LOGIC] loss=-1035.1162
  step    30/2000 (global=3630)  loss=6.3636  avg=6.1443  lr=0.000224  B=32  25241ms
  [WB] boundary=92/100  core_diff=2.3526  bin_diff=0.0045  ratio=521.51  prune_act=0.0000
  [WB] structure=6/12 (50%)  opp_sim=0.084
  [WB] BOUNDARY OK | CORE>BIN OK | PRUNE silent OK
  [LOGIC] loss=-1042.6938
  step    40/2000 (global=3640)  loss=5.9393  avg=6.1655  lr=0.000222  B=32  25104ms
  [WB] boundary=92/100  core_diff=2.3480  bin_diff=0.0021  ratio=1138.45  prune_act=0.0000
  [WB] structure=6/12 (50%)  opp_sim=0.084
  [WB] BOUNDARY OK | CORE>BIN OK | PRUNE silent OK
    [plan-I] step 3649 W_v approx_rank=22.4 (frob=22.57 max_row=1.01)
    [ortho] step 3649 L0 W_v off_diag=2.61 diag_dev=0.0336
    [ortho] step 3649 L0 W_o off_diag=2.30 diag_dev=0.0082
    [plan-I] step 3649 W_v approx_rank=22.4 (frob=22.55 max_row=1.01)
    [ortho] step 3649 L1 W_v off_diag=1.90 diag_dev=0.0425
    [ortho] step 3649 L1 W_o off_diag=2.33 diag_dev=0.0074
    [plan-I] step 3649 W_v approx_rank=22.4 (frob=22.56 max_row=1.01)
    [ortho] step 3649 L2 W_v off_diag=2.47 diag_dev=0.0346
    [ortho] step 3649 L2 W_o off_diag=2.35 diag_dev=0.0071
    [plan-I] step 3649 W_v approx_rank=22.5 (frob=22.55 max_row=1.00)
    [ortho] step 3649 L3 W_v off_diag=2.05 diag_dev=0.0458
    [ortho] step 3649 L3 W_o off_diag=2.32 diag_dev=0.0067
    [plan-I] step 3649 W_v approx_rank=22.4 (frob=22.54 max_row=1.01)
    [ortho] step 3649 L4 W_v off_diag=1.87 diag_dev=0.0496
    [ortho] step 3649 L4 W_o off_diag=2.28 diag_dev=0.0070
    [plan-I] step 3649 W_v approx_rank=22.5 (frob=22.55 max_row=1.00)
    [ortho] step 3649 L5 W_v off_diag=2.03 diag_dev=0.0471
    [ortho] step 3649 L5 W_o off_diag=1.71 diag_dev=0.0051
  [LOGIC] loss=-1034.1995
  step    50/2000 (global=3650)  loss=5.4594  avg=6.1166  lr=0.000220  B=32  25119ms
  [WB] boundary=92/100  core_diff=2.3201  bin_diff=0.0028  ratio=814.74  prune_act=0.0000
  [WB] structure=6/12 (50%)  opp_sim=0.083
  [WB] BOUNDARY OK | CORE>BIN OK | PRUNE silent OK
[*] stateful inference started: window=9996, sinks=4, ctx=10240
[*] sliding window configured: W=9996, sinks=4 (effective context: 10000)
  [TRACE] "冷": L0[||x||=4.16 C409(+99.77--15.04) B1332(+6925.76--60.43) P307(max0.000)] L3[||x||=5.02 C409(+113.82--18.60) B1332(+6822.89--61.95) P307(max0.000)] L5[||x||=5.50 C409(+139.32--19.30) B1332(+8244.51--62.25) P307(max0.000)] | H=9.93/15 top3=232 233 234 
  [LOGIC] loss=-1027.5442
  step    60/2000 (global=3660)  loss=5.9584  avg=6.1356  lr=0.000218  B=32  24970ms
  [WB] boundary=91/100  core_diff=2.3112  bin_diff=0.0045  ratio=519.13  prune_act=0.0000
  [WB] structure=6/12 (50%)  opp_sim=0.087
  [WB] BOUNDARY OK | CORE>BIN OK | PRUNE silent OK
  [LOGIC] loss=-1031.1381
  step    70/2000 (global=3670)  loss=5.8108  avg=6.1457  lr=0.000216  B=32  25004ms
  [WB] boundary=91/100  core_diff=2.3031  bin_diff=0.0034  ratio=669.46  prune_act=0.0000
  [WB] structure=6/12 (50%)  opp_sim=0.088
  [WB] BOUNDARY OK | CORE>BIN OK | PRUNE silent OK
  [LOGIC] loss=-1035.8108
  step    80/2000 (global=3680)  loss=6.5800  avg=6.1947  lr=0.000214  B=32  24939ms
  [WB] boundary=91/100  core_diff=2.3247  bin_diff=0.0029  ratio=797.52  prune_act=0.0000
  [WB] structure=6/12 (50%)  opp_sim=0.089
  [WB] BOUNDARY OK | CORE>BIN OK | PRUNE silent OK
  [LOGIC] loss=-1027.2917
  step    90/2000 (global=3690)  loss=5.5175  avg=6.2020  lr=0.000212  B=32  24893ms
  [WB] boundary=91/100  core_diff=2.3113  bin_diff=0.0033  ratio=692.69  prune_act=0.0000
  [WB] structure=6/12 (50%)  opp_sim=0.090
  [WB] BOUNDARY OK | CORE>BIN OK | PRUNE silent OK
    [plan-I] step 3699 W_v approx_rank=22.5 (frob=22.55 max_row=1.00)
    [ortho] step 3699 L0 W_v off_diag=1.69 diag_dev=0.0472
    [ortho] step 3699 L0 W_o off_diag=1.42 diag_dev=0.0052
    [plan-I] step 3699 W_v approx_rank=22.5 (frob=22.54 max_row=1.00)
    [ortho] step 3699 L1 W_v off_diag=1.50 diag_dev=0.0491
    [ortho] step 3699 L1 W_o off_diag=1.44 diag_dev=0.0049
    [plan-I] step 3699 W_v approx_rank=22.4 (frob=22.55 max_row=1.00)
    [ortho] step 3699 L2 W_v off_diag=1.73 diag_dev=0.0459
    [ortho] step 3699 L2 W_o off_diag=1.43 diag_dev=0.0047
    [plan-I] step 3699 W_v approx_rank=22.4 (frob=22.53 max_row=1.00)
    [ortho] step 3699 L3 W_v off_diag=1.40 diag_dev=0.0545
    [ortho] step 3699 L3 W_o off_diag=1.43 diag_dev=0.0048
    [plan-I] step 3699 W_v approx_rank=22.5 (frob=22.54 max_row=1.00)
    [ortho] step 3699 L4 W_v off_diag=1.49 diag_dev=0.0544
    [ortho] step 3699 L4 W_o off_diag=1.42 diag_dev=0.0049
    [plan-I] step 3699 W_v approx_rank=22.5 (frob=22.53 max_row=1.00)
    [ortho] step 3699 L5 W_v off_diag=1.28 diag_dev=0.0592
    [ortho] step 3699 L5 W_o off_diag=1.11 diag_dev=0.0038
  [LOGIC] loss=-1025.6218
  step   100/2000 (global=3700)  loss=5.4656  avg=6.1387  lr=0.000210  B=32  24927ms
  [WB] boundary=91/100  core_diff=2.2871  bin_diff=0.0021  ratio=1067.33  prune_act=0.0000
  [WB] structure=6/12 (50%)  opp_sim=0.090
  [WB] BOUNDARY OK | CORE>BIN OK | PRUNE silent OK
[*] stateful inference started: window=9996, sinks=4, ctx=10240
[*] sliding window configured: W=9996, sinks=4 (effective context: 10000)
  [TRACE] "火": L0[||x||=4.19 C409(+131.45--26.97) B1332(+6936.55--59.74) P307(max0.000)] L3[||x||=5.07 C409(+111.81--30.78) B1332(+6844.34--62.29) P307(max0.000)] L5[||x||=5.55 C409(+109.54--28.14) B1332(+8220.98--61.96) P307(max0.000)] | H=10.54/15 top3=232 233 234 
  [LOGIC] loss=-1017.8720
  step   110/2000 (global=3710)  loss=5.7428  avg=6.1398  lr=0.000208  B=32  24991ms
  [WB] boundary=91/100  core_diff=2.2824  bin_diff=0.0044  ratio=520.71  prune_act=0.0000
  [WB] structure=6/12 (50%)  opp_sim=0.091
  [WB] BOUNDARY OK | CORE>BIN OK | PRUNE silent OK
  [LOGIC] loss=-1019.8034
  step   120/2000 (global=3720)  loss=6.6209  avg=6.1649  lr=0.000206  B=32  24969ms
  [WB] boundary=91/100  core_diff=2.2831  bin_diff=0.0024  ratio=967.21  prune_act=0.0000
  [WB] structure=6/12 (50%)  opp_sim=0.091
  [WB] BOUNDARY OK | CORE>BIN OK | PRUNE silent OK
  [LOGIC] loss=-1029.7463
  step   130/2000 (global=3730)  loss=6.4484  avg=6.1709  lr=0.000204  B=32  24947ms
  [WB] boundary=91/100  core_diff=2.2967  bin_diff=0.0039  ratio=593.04  prune_act=0.0000
  [WB] structure=6/12 (50%)  opp_sim=0.090
  [WB] BOUNDARY OK | CORE>BIN OK | PRUNE silent OK
  [LOGIC] loss=-1030.4189
  step   140/2000 (global=3740)  loss=5.7261  avg=6.1065  lr=0.000202  B=32  24941ms
  [WB] boundary=91/100  core_diff=2.3057  bin_diff=0.0031  ratio=754.28  prune_act=0.0000
  [WB] structure=6/12 (50%)  opp_sim=0.090
  [WB] BOUNDARY OK | CORE>BIN OK | PRUNE silent OK
    [plan-I] step 3749 W_v approx_rank=22.5 (frob=22.54 max_row=1.00)
    [ortho] step 3749 L0 W_v off_diag=1.14 diag_dev=0.0533
    [ortho] step 3749 L0 W_o off_diag=0.99 diag_dev=0.0038
    [plan-I] step 3749 W_v approx_rank=22.5 (frob=22.53 max_row=1.00)
    [ortho] step 3749 L1 W_v off_diag=1.08 diag_dev=0.0577
    [ortho] step 3749 L1 W_o off_diag=0.98 diag_dev=0.0036
    [plan-I] step 3749 W_v approx_rank=22.5 (frob=22.54 max_row=1.00)
    [ortho] step 3749 L2 W_v off_diag=1.23 diag_dev=0.0530
    [ortho] step 3749 L2 W_o off_diag=0.97 diag_dev=0.0036
    [plan-I] step 3749 W_v approx_rank=22.5 (frob=22.53 max_row=1.00)
    [ortho] step 3749 L3 W_v off_diag=1.07 diag_dev=0.0612
    [ortho] step 3749 L3 W_o off_diag=1.00 diag_dev=0.0034
    [plan-I] step 3749 W_v approx_rank=22.5 (frob=22.53 max_row=1.00)
    [ortho] step 3749 L4 W_v off_diag=1.08 diag_dev=0.0622
    [ortho] step 3749 L4 W_o off_diag=0.98 diag_dev=0.0035
    [plan-I] step 3749 W_v approx_rank=22.5 (frob=22.53 max_row=1.00)
    [ortho] step 3749 L5 W_v off_diag=1.11 diag_dev=0.0613
    [ortho] step 3749 L5 W_o off_diag=0.74 diag_dev=0.0027
  [LOGIC] loss=-1032.2474
  step   150/2000 (global=3750)  loss=6.6196  avg=6.0712  lr=0.000200  B=32  24968ms
  [WB] boundary=91/100  core_diff=2.3142  bin_diff=0.0023  ratio=1025.68  prune_act=0.0000
  [WB] structure=6/12 (50%)  opp_sim=0.090
  [WB] BOUNDARY OK | CORE>BIN OK | PRUNE silent OK
[*] stateful inference started: window=9996, sinks=4, ctx=10240
[*] sliding window configured: W=9996, sinks=4 (effective context: 10000)
  [TRACE] "水": L0[||x||=4.31 C409(+128.45--24.12) B1332(+6785.86--60.41) P307(max0.000)] L3[||x||=5.01 C409(+128.90--27.81) B1332(+6611.35--61.89) P307(max0.000)] L5[||x||=5.42 C409(+124.29--29.75) B1332(+8031.64--62.01) P307(max0.000)] | H=10.38/15 top3=232 233 183 
  [LOGIC] loss=-1030.5615
  step   160/2000 (global=3760)  loss=5.7877  avg=6.0419  lr=0.000198  B=32  24988ms
  [WB] boundary=91/100  core_diff=2.3032  bin_diff=0.0031  ratio=739.97  prune_act=0.0000
  [WB] structure=6/12 (50%)  opp_sim=0.088
  [WB] BOUNDARY OK | CORE>BIN OK | PRUNE silent OK
  [LOGIC] loss=-1030.5920
  step   170/2000 (global=3770)  loss=5.8529  avg=6.0240  lr=0.000196  B=32  25012ms
  [WB] boundary=91/100  core_diff=2.2998  bin_diff=0.0051  ratio=449.57  prune_act=0.0000
  [WB] structure=6/12 (50%)  opp_sim=0.087
  [WB] BOUNDARY OK | CORE>BIN OK | PRUNE silent OK
  [LOGIC] loss=-1030.5801
  step   180/2000 (global=3780)  loss=6.4993  avg=6.0150  lr=0.000194  B=32  25001ms
  [WB] boundary=91/100  core_diff=2.2926  bin_diff=0.0044  ratio=523.96  prune_act=0.0000
  [WB] structure=6/12 (50%)  opp_sim=0.086
  [WB] BOUNDARY OK | CORE>BIN OK | PRUNE silent OK
  [LOGIC] loss=-1029.0385
  step   190/2000 (global=3790)  loss=7.4552  avg=6.0205  lr=0.000192  B=32  24979ms
  [WB] boundary=92/100  core_diff=2.2926  bin_diff=0.0062  ratio=367.09  prune_act=0.0000
  [WB] structure=6/12 (50%)  opp_sim=0.085
  [WB] BOUNDARY OK | CORE>BIN OK | PRUNE silent OK
    [plan-I] step 3799 W_v approx_rank=22.5 (frob=22.53 max_row=1.00)
    [ortho] step 3799 L0 W_v off_diag=1.03 diag_dev=0.0571
    [ortho] step 3799 L0 W_o off_diag=0.61 diag_dev=0.0028
    [plan-I] step 3799 W_v approx_rank=22.5 (frob=22.53 max_row=1.00)
    [ortho] step 3799 L1 W_v off_diag=1.07 diag_dev=0.0568
    [ortho] step 3799 L1 W_o off_diag=0.58 diag_dev=0.0025
    [plan-I] step 3799 W_v approx_rank=22.5 (frob=22.53 max_row=1.00)
    [ortho] step 3799 L2 W_v off_diag=1.00 diag_dev=0.0584
    [ortho] step 3799 L2 W_o off_diag=0.61 diag_dev=0.0025
    [plan-I] step 3799 W_v approx_rank=22.5 (frob=22.53 max_row=1.00)
    [ortho] step 3799 L3 W_v off_diag=0.98 diag_dev=0.0621
    [ortho] step 3799 L3 W_o off_diag=0.63 diag_dev=0.0022
    [plan-I] step 3799 W_v approx_rank=22.5 (frob=22.52 max_row=1.00)
    [ortho] step 3799 L4 W_v off_diag=0.91 diag_dev=0.0639
    [ortho] step 3799 L4 W_o off_diag=0.63 diag_dev=0.0025
    [plan-I] step 3799 W_v approx_rank=22.5 (frob=22.52 max_row=1.00)
    [ortho] step 3799 L5 W_v off_diag=0.90 diag_dev=0.0642
    [ortho] step 3799 L5 W_o off_diag=0.48 diag_dev=0.0018
  [LOGIC] loss=-1030.7635
  step   200/2000 (global=3800)  loss=5.8178  avg=6.0345  lr=0.000190  B=32  24950ms
  [WB] boundary=92/100  core_diff=2.2904  bin_diff=0.0054  ratio=422.94  prune_act=0.0000
  [WB] structure=6/12 (50%)  opp_sim=0.084
  [WB] BOUNDARY OK | CORE>BIN OK | PRUNE silent OK
[*] stateful inference started: window=9996, sinks=4, ctx=10240
[*] sliding window configured: W=9996, sinks=4 (effective context: 10000)
  [TRACE] "大": L0[||x||=4.60 C409(+356.90--15.54) B1332(+6809.89--60.03) P307(max0.000)] L3[||x||=5.34 C409(+331.48--13.34) B1332(+6588.46--61.71) P307(max0.000)] L5[||x||=5.71 C409(+311.83--15.78) B1332(+8115.75--62.37) P307(max0.000)] | H=7.34/15 top3=232 31974 32705 
  [LOGIC] loss=-1033.0725
  step   210/2000 (global=3810)  loss=6.9977  avg=6.0503  lr=0.000188  B=32  24923ms
  [WB] boundary=92/100  core_diff=2.3003  bin_diff=0.0039  ratio=596.54  prune_act=0.0000
  [WB] structure=6/12 (50%)  opp_sim=0.084
  [WB] BOUNDARY OK | CORE>BIN OK | PRUNE silent OK
  [LOGIC] loss=-1036.4098
  step   220/2000 (global=3820)  loss=5.7205  avg=6.1042  lr=0.000186  B=32  24910ms
  [WB] boundary=92/100  core_diff=2.3029  bin_diff=0.0036  ratio=640.56  prune_act=0.0000
  [WB] structure=6/12 (50%)  opp_sim=0.084
  [WB] BOUNDARY OK | CORE>BIN OK | PRUNE silent OK
  [LOGIC] loss=-1033.3889
  step   230/2000 (global=3830)  loss=5.5618  avg=6.0759  lr=0.000185  B=32  24932ms
  [WB] boundary=92/100  core_diff=2.2926  bin_diff=0.0040  ratio=577.93  prune_act=0.0000
  [WB] structure=6/12 (50%)  opp_sim=0.085
  [WB] BOUNDARY OK | CORE>BIN OK | PRUNE silent OK
  [LOGIC] loss=-1031.2021
  step   240/2000 (global=3840)  loss=7.0589  avg=6.1314  lr=0.000183  B=32  24936ms
  [WB] boundary=92/100  core_diff=2.2872  bin_diff=0.0034  ratio=672.16  prune_act=0.0000
  [WB] structure=6/12 (50%)  opp_sim=0.085
  [WB] BOUNDARY OK | CORE>BIN OK | PRUNE silent OK
    [plan-I] step 3849 W_v approx_rank=22.5 (frob=22.53 max_row=1.00)
    [ortho] step 3849 L0 W_v off_diag=0.88 diag_dev=0.0608
    [ortho] step 3849 L0 W_o off_diag=0.71 diag_dev=0.0030
    [plan-I] step 3849 W_v approx_rank=22.5 (frob=22.53 max_row=1.00)
    [ortho] step 3849 L1 W_v off_diag=0.84 diag_dev=0.0620
    [ortho] step 3849 L1 W_o off_diag=0.70 diag_dev=0.0026
    [plan-I] step 3849 W_v approx_rank=22.5 (frob=22.53 max_row=1.00)
    [ortho] step 3849 L2 W_v off_diag=0.98 diag_dev=0.0585
    [ortho] step 3849 L2 W_o off_diag=0.71 diag_dev=0.0026
    [plan-I] step 3849 W_v approx_rank=22.5 (frob=22.52 max_row=1.00)
    [ortho] step 3849 L3 W_v off_diag=0.86 diag_dev=0.0642
    [ortho] step 3849 L3 W_o off_diag=0.72 diag_dev=0.0025
    [plan-I] step 3849 W_v approx_rank=22.5 (frob=22.52 max_row=1.00)
    [ortho] step 3849 L4 W_v off_diag=0.87 diag_dev=0.0639
    [ortho] step 3849 L4 W_o off_diag=0.73 diag_dev=0.0027
    [plan-I] step 3849 W_v approx_rank=22.5 (frob=22.52 max_row=1.00)
    [ortho] step 3849 L5 W_v off_diag=0.81 diag_dev=0.0675
    [ortho] step 3849 L5 W_o off_diag=0.49 diag_dev=0.0019
  [LOGIC] loss=-1029.7799
  step   250/2000 (global=3850)  loss=6.4559  avg=6.1031  lr=0.000181  B=32  24928ms
  [WB] boundary=92/100  core_diff=2.2838  bin_diff=0.0027  ratio=830.71  prune_act=0.0000
  [WB] structure=6/12 (50%)  opp_sim=0.084
  [WB] BOUNDARY OK | CORE>BIN OK | PRUNE silent OK
[*] stateful inference started: window=9996, sinks=4, ctx=10240
[*] sliding window configured: W=9996, sinks=4 (effective context: 10000)
  [TRACE] "小": L0[||x||=4.28 C409(+93.52--14.67) B1332(+6622.86--59.98) P307(max0.000)] L3[||x||=5.05 C409(+96.50--19.57) B1332(+6325.40--61.62) P307(max0.000)] L5[||x||=5.43 C409(+127.92--16.49) B1332(+7817.28--62.20) P307(max0.000)] | H=10.57/15 top3=232 235 233 
  [LOGIC] loss=-1021.4529
  step   260/2000 (global=3860)  loss=5.7091  avg=6.0643  lr=0.000179  B=32  24924ms
  [WB] boundary=92/100  core_diff=2.2839  bin_diff=0.0026  ratio=863.64  prune_act=0.0000
  [WB] structure=6/12 (50%)  opp_sim=0.084
  [WB] BOUNDARY OK | CORE>BIN OK | PRUNE silent OK
  [LOGIC] loss=-1031.9752
  step   270/2000 (global=3870)  loss=5.6103  avg=5.9870  lr=0.000177  B=32  24967ms
  [WB] boundary=92/100  core_diff=2.2889  bin_diff=0.0039  ratio=592.00  prune_act=0.0000
  [WB] structure=6/12 (50%)  opp_sim=0.084
  [WB] BOUNDARY OK | CORE>BIN OK | PRUNE silent OK
  [LOGIC] loss=-1035.3237
  step   280/2000 (global=3880)  loss=5.2027  avg=5.9365  lr=0.000175  B=32  24968ms
  [WB] boundary=92/100  core_diff=2.2937  bin_diff=0.0046  ratio=498.60  prune_act=0.0000
  [WB] structure=6/12 (50%)  opp_sim=0.085
  [WB] BOUNDARY OK | CORE>BIN OK | PRUNE silent OK
  [LOGIC] loss=-1036.8580
  step   290/2000 (global=3890)  loss=5.9853  avg=5.9495  lr=0.000173  B=32  24978ms
  [WB] boundary=92/100  core_diff=2.2904  bin_diff=0.0031  ratio=739.53  prune_act=0.0000
  [WB] structure=6/12 (50%)  opp_sim=0.085
  [WB] BOUNDARY OK | CORE>BIN OK | PRUNE silent OK
    [plan-I] step 3899 W_v approx_rank=22.5 (frob=22.52 max_row=1.00)
    [ortho] step 3899 L0 W_v off_diag=0.80 diag_dev=0.0638
    [ortho] step 3899 L0 W_o off_diag=0.46 diag_dev=0.0020
    [plan-I] step 3899 W_v approx_rank=22.5 (frob=22.52 max_row=1.00)
    [ortho] step 3899 L1 W_v off_diag=0.75 diag_dev=0.0679
    [ortho] step 3899 L1 W_o off_diag=0.45 diag_dev=0.0018
    [plan-I] step 3899 W_v approx_rank=22.5 (frob=22.53 max_row=1.00)
    [ortho] step 3899 L2 W_v off_diag=0.92 diag_dev=0.0612
    [ortho] step 3899 L2 W_o off_diag=0.48 diag_dev=0.0018
    [plan-I] step 3899 W_v approx_rank=22.5 (frob=22.52 max_row=1.00)
    [ortho] step 3899 L3 W_v off_diag=0.80 diag_dev=0.0668
    [ortho] step 3899 L3 W_o off_diag=0.48 diag_dev=0.0018
    [plan-I] step 3899 W_v approx_rank=22.5 (frob=22.52 max_row=1.00)
    [ortho] step 3899 L4 W_v off_diag=0.77 diag_dev=0.0691
    [ortho] step 3899 L4 W_o off_diag=0.48 diag_dev=0.0018
    [plan-I] step 3899 W_v approx_rank=22.5 (frob=22.52 max_row=1.00)
    [ortho] step 3899 L5 W_v off_diag=0.75 diag_dev=0.0717
    [ortho] step 3899 L5 W_o off_diag=0.40 diag_dev=0.0013
  [LOGIC] loss=-1034.1057
  step   300/2000 (global=3900)  loss=5.9178  avg=5.9570  lr=0.000171  B=28  24962ms
  [WB] boundary=91/100  core_diff=2.2805  bin_diff=0.0035  ratio=646.48  prune_act=0.0000
  [WB] structure=6/12 (50%)  opp_sim=0.085
  [WB] BOUNDARY OK | CORE>BIN OK | PRUNE silent OK
[*] stateful inference started: window=9996, sinks=4, ctx=10240
[*] sliding window configured: W=9996, sinks=4 (effective context: 10000)
  [TRACE] "热": L0[||x||=4.31 C409(+379.41--14.18) B1332(+6295.81--59.97) P307(max0.000)] L3[||x||=4.97 C409(+316.31--14.99) B1332(+6016.91--61.41) P307(max0.000)] L5[||x||=5.30 C409(+290.84--16.52) B1332(+7548.14--61.98) P307(max0.000)] | H=10.21/15 top3=233 232 32705 
  [LOGIC] loss=-1030.9626
  step   310/2000 (global=3910)  loss=6.2836  avg=5.9843  lr=0.000169  B=32  24947ms
  [WB] boundary=92/100  core_diff=2.2776  bin_diff=0.0025  ratio=898.33  prune_act=0.0000
  [WB] structure=6/12 (50%)  opp_sim=0.085
  [WB] BOUNDARY OK | CORE>BIN OK | PRUNE silent OK
  [LOGIC] loss=-1033.3850
  step   320/2000 (global=3920)  loss=6.0866  avg=5.9480  lr=0.000168  B=32  24953ms
  [WB] boundary=91/100  core_diff=2.2776  bin_diff=0.0018  ratio=1258.70  prune_act=0.0000
  [WB] structure=6/12 (50%)  opp_sim=0.085
  [WB] BOUNDARY OK | CORE>BIN OK | PRUNE silent OK
  [LOGIC] loss=-1032.5768
  step   330/2000 (global=3930)  loss=6.2185  avg=6.0219  lr=0.000166  B=32  24961ms
  [WB] boundary=91/100  core_diff=2.2738  bin_diff=0.0022  ratio=1032.54  prune_act=0.0000
  [WB] structure=6/12 (50%)  opp_sim=0.086
  [WB] BOUNDARY OK | CORE>BIN OK | PRUNE silent OK
  [LOGIC] loss=-1026.6206
  step   340/2000 (global=3940)  loss=7.1415  avg=6.0365  lr=0.000164  B=32  24979ms
  [WB] boundary=91/100  core_diff=2.2684  bin_diff=0.0034  ratio=662.80  prune_act=0.0000
  [WB] structure=6/12 (50%)  opp_sim=0.086
  [WB] BOUNDARY OK | CORE>BIN OK | PRUNE silent OK
    [plan-I] step 3949 W_v approx_rank=22.5 (frob=22.52 max_row=1.00)
    [ortho] step 3949 L0 W_v off_diag=0.80 diag_dev=0.0645
    [ortho] step 3949 L0 W_o off_diag=0.31 diag_dev=0.0015
    [plan-I] step 3949 W_v approx_rank=22.5 (frob=22.52 max_row=1.00)
    [ortho] step 3949 L1 W_v off_diag=0.77 diag_dev=0.0669
    [ortho] step 3949 L1 W_o off_diag=0.32 diag_dev=0.0013
    [plan-I] step 3949 W_v approx_rank=22.5 (frob=22.52 max_row=1.00)
    [ortho] step 3949 L2 W_v off_diag=0.82 diag_dev=0.0636
    [ortho] step 3949 L2 W_o off_diag=0.32 diag_dev=0.0013
    [plan-I] step 3949 W_v approx_rank=22.5 (frob=22.52 max_row=1.00)
    [ortho] step 3949 L3 W_v off_diag=0.77 diag_dev=0.0685
    [ortho] step 3949 L3 W_o off_diag=0.33 diag_dev=0.0013
    [plan-I] step 3949 W_v approx_rank=22.6 (frob=22.52 max_row=1.00)
    [ortho] step 3949 L4 W_v off_diag=0.74 diag_dev=0.0707
    [ortho] step 3949 L4 W_o off_diag=0.32 diag_dev=0.0013
    [plan-I] step 3949 W_v approx_rank=22.5 (frob=22.52 max_row=1.00)
    [ortho] step 3949 L5 W_v off_diag=0.77 diag_dev=0.0679
    [ortho] step 3949 L5 W_o off_diag=0.28 diag_dev=0.0010
  [LOGIC] loss=-1031.6156
  step   350/2000 (global=3950)  loss=6.9100  avg=6.0609  lr=0.000162  B=32  24979ms
  [WB] boundary=91/100  core_diff=2.2773  bin_diff=0.0023  ratio=996.85  prune_act=0.0000
  [WB] structure=6/12 (50%)  opp_sim=0.086
  [WB] BOUNDARY OK | CORE>BIN OK | PRUNE silent OK
[*] stateful inference started: window=9996, sinks=4, ctx=10240
[*] sliding window configured: W=9996, sinks=4 (effective context: 10000)
  [TRACE] "冷": L0[||x||=4.28 C409(+97.49--16.16) B1332(+6085.39--60.05) P307(max0.000)] L3[||x||=4.86 C409(+117.91--18.02) B1332(+5812.63--61.02) P307(max0.000)] L5[||x||=5.16 C409(+139.69--17.95) B1332(+7365.28--62.06) P307(max0.000)] | H=10.50/15 top3=233 232 32705 
  [LOGIC] loss=-1029.0142
  step   360/2000 (global=3960)  loss=6.6462  avg=6.0985  lr=0.000160  B=32  24971ms
  [WB] boundary=91/100  core_diff=2.2775  bin_diff=0.0016  ratio=1402.11  prune_act=0.0000
  [WB] structure=6/12 (50%)  opp_sim=0.086
  [WB] BOUNDARY OK | CORE>BIN OK | PRUNE silent OK
  [LOGIC] loss=-1035.5049
  step   370/2000 (global=3970)  loss=6.5700  avg=6.0979  lr=0.000159  B=32  24962ms
  [WB] boundary=91/100  core_diff=2.2767  bin_diff=0.0015  ratio=1481.87  prune_act=0.0000
  [WB] structure=6/12 (50%)  opp_sim=0.086
  [WB] BOUNDARY OK | CORE>BIN OK | PRUNE silent OK
  [LOGIC] loss=-1034.6984
  step   380/2000 (global=3980)  loss=5.3336  avg=6.1772  lr=0.000157  B=32  24958ms
  [WB] boundary=91/100  core_diff=2.2794  bin_diff=0.0023  ratio=985.76  prune_act=0.0000
  [WB] structure=6/12 (50%)  opp_sim=0.086
  [WB] BOUNDARY OK | CORE>BIN OK | PRUNE silent OK
  [LOGIC] loss=-1032.3450
  step   390/2000 (global=3990)  loss=5.9648  avg=6.1358  lr=0.000155  B=32  24959ms
  [WB] boundary=91/100  core_diff=2.2694  bin_diff=0.0029  ratio=794.42  prune_act=0.0000
  [WB] structure=6/12 (50%)  opp_sim=0.087
  [WB] BOUNDARY OK | CORE>BIN OK | PRUNE silent OK
    [plan-I] step 3999 W_v approx_rank=22.5 (frob=22.53 max_row=1.00)
    [ortho] step 3999 L0 W_v off_diag=0.80 diag_dev=0.0626
    [ortho] step 3999 L0 W_o off_diag=0.29 diag_dev=0.0016
    [plan-I] step 3999 W_v approx_rank=22.5 (frob=22.52 max_row=1.00)
    [ortho] step 3999 L1 W_v off_diag=0.76 diag_dev=0.0683
    [ortho] step 3999 L1 W_o off_diag=0.29 diag_dev=0.0012
    [plan-I] step 3999 W_v approx_rank=22.5 (frob=22.53 max_row=1.00)
    [ortho] step 3999 L2 W_v off_diag=0.84 diag_dev=0.0617
    [ortho] step 3999 L2 W_o off_diag=0.30 diag_dev=0.0012
    [plan-I] step 3999 W_v approx_rank=22.5 (frob=22.52 max_row=1.00)
    [ortho] step 3999 L3 W_v off_diag=0.72 diag_dev=0.0724
    [ortho] step 3999 L3 W_o off_diag=0.31 diag_dev=0.0012
    [plan-I] step 3999 W_v approx_rank=22.5 (frob=22.52 max_row=1.00)
    [ortho] step 3999 L4 W_v off_diag=0.79 diag_dev=0.0674
    [ortho] step 3999 L4 W_o off_diag=0.32 diag_dev=0.0013
    [plan-I] step 3999 W_v approx_rank=22.5 (frob=22.52 max_row=1.00)
    [ortho] step 3999 L5 W_v off_diag=0.73 diag_dev=0.0705
    [ortho] step 3999 L5 W_o off_diag=0.31 diag_dev=0.0011
  [LOGIC] loss=-1028.3279
  step   400/2000 (global=4000)  loss=5.4594  avg=6.1172  lr=0.000153  B=32  24970ms
  [WB] boundary=91/100  core_diff=2.2580  bin_diff=0.0026  ratio=872.01  prune_act=0.0000
  [WB] structure=6/12 (50%)  opp_sim=0.087
  [WB] BOUNDARY OK | CORE>BIN OK | PRUNE silent OK
[*] stateful inference started: window=9996, sinks=4, ctx=10240
[*] sliding window configured: W=9996, sinks=4 (effective context: 10000)
  [TRACE] "火": L0[||x||=4.27 C409(+135.02--25.92) B1332(+5944.71--59.15) P307(max0.000)] L3[||x||=4.92 C409(+149.61--29.99) B1332(+5625.95--60.83) P307(max0.000)] L5[||x||=5.23 C409(+135.89--27.49) B1332(+7196.82--62.17) P307(max0.000)] | H=10.52/15 top3=233 232 183 
  [LOGIC] loss=-1025.8473
  step   410/2000 (global=4010)  loss=5.7398  avg=6.0949  lr=0.000151  B=32  24972ms
  [WB] boundary=91/100  core_diff=2.2502  bin_diff=0.0026  ratio=871.49  prune_act=0.0000
  [WB] structure=6/12 (50%)  opp_sim=0.086
  [WB] BOUNDARY OK | CORE>BIN OK | PRUNE silent OK
  [LOGIC] loss=-1029.4442
  step   420/2000 (global=4020)  loss=5.7139  avg=6.0971  lr=0.000150  B=32  24980ms
  [WB] boundary=91/100  core_diff=2.2525  bin_diff=0.0031  ratio=731.78  prune_act=0.0000
  [WB] structure=6/12 (50%)  opp_sim=0.086
  [WB] BOUNDARY OK | CORE>BIN OK | PRUNE silent OK
  [LOGIC] loss=-1028.6483
  step   430/2000 (global=4030)  loss=5.7724  avg=6.0420  lr=0.000148  B=32  24998ms
  [WB] boundary=91/100  core_diff=2.2525  bin_diff=0.0035  ratio=645.49  prune_act=0.0000
  [WB] structure=6/12 (50%)  opp_sim=0.086
  [WB] BOUNDARY OK | CORE>BIN OK | PRUNE silent OK
  [LOGIC] loss=-1025.2959
  step   440/2000 (global=4040)  loss=5.7484  avg=6.0075  lr=0.000146  B=32  24976ms
  [WB] boundary=91/100  core_diff=2.2503  bin_diff=0.0037  ratio=610.10  prune_act=0.0000
  [WB] structure=6/12 (50%)  opp_sim=0.086
  [WB] BOUNDARY OK | CORE>BIN OK | PRUNE silent OK
    [plan-I] step 4049 W_v approx_rank=22.5 (frob=22.52 max_row=1.00)
    [ortho] step 4049 L0 W_v off_diag=0.78 diag_dev=0.0651
    [ortho] step 4049 L0 W_o off_diag=0.29 diag_dev=0.0015
    [plan-I] step 4049 W_v approx_rank=22.5 (frob=22.52 max_row=1.00)
    [ortho] step 4049 L1 W_v off_diag=0.77 diag_dev=0.0666
    [ortho] step 4049 L1 W_o off_diag=0.28 diag_dev=0.0012
    [plan-I] step 4049 W_v approx_rank=22.5 (frob=22.52 max_row=1.00)
    [ortho] step 4049 L2 W_v off_diag=0.79 diag_dev=0.0648
    [ortho] step 4049 L2 W_o off_diag=0.29 diag_dev=0.0011
    [plan-I] step 4049 W_v approx_rank=22.5 (frob=22.52 max_row=1.00)
    [ortho] step 4049 L3 W_v off_diag=0.74 diag_dev=0.0681
    [ortho] step 4049 L3 W_o off_diag=0.30 diag_dev=0.0012
    [plan-I] step 4049 W_v approx_rank=22.5 (frob=22.52 max_row=1.00)
    [ortho] step 4049 L4 W_v off_diag=0.73 diag_dev=0.0692
    [ortho] step 4049 L4 W_o off_diag=0.29 diag_dev=0.0011
    [plan-I] step 4049 W_v approx_rank=22.5 (frob=22.52 max_row=1.00)
    [ortho] step 4049 L5 W_v off_diag=0.77 diag_dev=0.0684
    [ortho] step 4049 L5 W_o off_diag=0.25 diag_dev=0.0010
  [LOGIC] loss=-1029.6462
  step   450/2000 (global=4050)  loss=5.5330  avg=6.0541  lr=0.000144  B=32  24960ms
  [WB] boundary=91/100  core_diff=2.2532  bin_diff=0.0027  ratio=821.05  prune_act=0.0000
  [WB] structure=6/12 (50%)  opp_sim=0.086
  [WB] BOUNDARY OK | CORE>BIN OK | PRUNE silent OK
[*] stateful inference started: window=9996, sinks=4, ctx=10240
[*] sliding window configured: W=9996, sinks=4 (effective context: 10000)
  [TRACE] "水": L0[||x||=4.37 C409(+132.74--23.15) B1332(+5705.40--60.04) P307(max0.000)] L3[||x||=4.96 C409(+130.08--24.82) B1332(+5401.07--60.27) P307(max0.000)] L5[||x||=5.25 C409(+134.63--25.93) B1332(+7003.95--61.63) P307(max0.000)] | H=10.18/15 top3=232 32705 233 
  [LOGIC] loss=-1029.9667
  step   460/2000 (global=4060)  loss=5.3274  avg=6.0468  lr=0.000143  B=32  24964ms
  [WB] boundary=91/100  core_diff=2.2526  bin_diff=0.0040  ratio=565.30  prune_act=0.0000
  [WB] structure=6/12 (50%)  opp_sim=0.086
  [WB] BOUNDARY OK | CORE>BIN OK | PRUNE silent OK
  [LOGIC] loss=-1028.1995
  step   470/2000 (global=4070)  loss=5.7975  avg=6.0732  lr=0.000141  B=32  24962ms
  [WB] boundary=91/100  core_diff=2.2440  bin_diff=0.0042  ratio=532.86  prune_act=0.0000
  [WB] structure=6/12 (50%)  opp_sim=0.086
  [WB] BOUNDARY OK | CORE>BIN OK | PRUNE silent OK
  [LOGIC] loss=-1026.6681
  step   480/2000 (global=4080)  loss=5.2514  avg=6.0594  lr=0.000139  B=32  24970ms
  [WB] boundary=91/100  core_diff=2.2429  bin_diff=0.0037  ratio=601.64  prune_act=0.0000
  [WB] structure=6/12 (50%)  opp_sim=0.087
  [WB] BOUNDARY OK | CORE>BIN OK | PRUNE silent OK
  [LOGIC] loss=-1028.6412
  step   490/2000 (global=4090)  loss=5.9386  avg=6.0738  lr=0.000137  B=32  24961ms
  [WB] boundary=91/100  core_diff=2.2518  bin_diff=0.0033  ratio=684.53  prune_act=0.0000
  [WB] structure=6/12 (50%)  opp_sim=0.086
  [WB] BOUNDARY OK | CORE>BIN OK | PRUNE silent OK
    [plan-I] step 4099 W_v approx_rank=22.5 (frob=22.52 max_row=1.00)
    [ortho] step 4099 L0 W_v off_diag=0.66 diag_dev=0.0712
    [ortho] step 4099 L0 W_o off_diag=0.20 diag_dev=0.0009
    [plan-I] step 4099 W_v approx_rank=22.5 (frob=22.52 max_row=1.00)
    [ortho] step 4099 L1 W_v off_diag=0.66 diag_dev=0.0704
    [ortho] step 4099 L1 W_o off_diag=0.20 diag_dev=0.0008
    [plan-I] step 4099 W_v approx_rank=22.5 (frob=22.52 max_row=1.00)
    [ortho] step 4099 L2 W_v off_diag=0.71 diag_dev=0.0662
    [ortho] step 4099 L2 W_o off_diag=0.21 diag_dev=0.0008
    [plan-I] step 4099 W_v approx_rank=22.5 (frob=22.51 max_row=1.00)
    [ortho] step 4099 L3 W_v off_diag=0.67 diag_dev=0.0742
    [ortho] step 4099 L3 W_o off_diag=0.20 diag_dev=0.0008
    [plan-I] step 4099 W_v approx_rank=22.5 (frob=22.52 max_row=1.00)
    [ortho] step 4099 L4 W_v off_diag=0.66 diag_dev=0.0711
    [ortho] step 4099 L4 W_o off_diag=0.21 diag_dev=0.0008
    [plan-I] step 4099 W_v approx_rank=22.5 (frob=22.51 max_row=1.00)
    [ortho] step 4099 L5 W_v off_diag=0.66 diag_dev=0.0736
    [ortho] step 4099 L5 W_o off_diag=0.18 diag_dev=0.0006
  [LOGIC] loss=-1028.6443
  step   500/2000 (global=4100)  loss=6.6453  avg=6.1094  lr=0.000136  B=32  24968ms
  [WB] boundary=91/100  core_diff=2.2467  bin_diff=0.0040  ratio=560.93  prune_act=0.0000
  [WB] structure=6/12 (50%)  opp_sim=0.086
  [WB] BOUNDARY OK | CORE>BIN OK | PRUNE silent OK
[*] stateful inference started: window=9996, sinks=4, ctx=10240
[*] sliding window configured: W=9996, sinks=4 (effective context: 10000)
  [TRACE] "大": L0[||x||=4.62 C409(+352.84--15.80) B1332(+5687.72--59.54) P307(max0.000)] L3[||x||=5.16 C409(+334.02--13.97) B1332(+5395.62--60.48) P307(max0.000)] L5[||x||=5.40 C409(+317.77--16.73) B1332(+7073.15--62.04) P307(max0.000)] | H=6.94/15 top3=232 31974 32705 
  [LOGIC] loss=-1024.1000
  step   510/2000 (global=4110)  loss=6.6787  avg=6.0630  lr=0.000134  B=32  24974ms
  [WB] boundary=91/100  core_diff=2.2400  bin_diff=0.0042  ratio=529.50  prune_act=0.0000
  [WB] structure=6/12 (50%)  opp_sim=0.086
  [WB] BOUNDARY OK | CORE>BIN OK | PRUNE silent OK
  [LOGIC] loss=-1027.7566
  step   520/2000 (global=4120)  loss=6.4364  avg=6.0592  lr=0.000132  B=32  24978ms
  [WB] boundary=91/100  core_diff=2.2455  bin_diff=0.0030  ratio=752.90  prune_act=0.0000
  [WB] structure=6/12 (50%)  opp_sim=0.086
  [WB] BOUNDARY OK | CORE>BIN OK | PRUNE silent OK
  [LOGIC] loss=-1025.6537
  step   530/2000 (global=4130)  loss=6.0758  avg=6.0447  lr=0.000131  B=32  24976ms
  [WB] boundary=91/100  core_diff=2.2386  bin_diff=0.0022  ratio=1030.21  prune_act=0.0000
  [WB] structure=6/12 (50%)  opp_sim=0.086
  [WB] BOUNDARY OK | CORE>BIN OK | PRUNE silent OK
  [LOGIC] loss=-1025.5341
  step   540/2000 (global=4140)  loss=6.6268  avg=6.0998  lr=0.000129  B=28  24978ms
  [WB] boundary=91/100  core_diff=2.2375  bin_diff=0.0026  ratio=855.14  prune_act=0.0000
  [WB] structure=6/12 (50%)  opp_sim=0.086
  [WB] BOUNDARY OK | CORE>BIN OK | PRUNE silent OK
    [plan-I] step 4149 W_v approx_rank=22.5 (frob=22.52 max_row=1.00)
    [ortho] step 4149 L0 W_v off_diag=0.66 diag_dev=0.0704
    [ortho] step 4149 L0 W_o off_diag=0.15 diag_dev=0.0008
    [plan-I] step 4149 W_v approx_rank=22.6 (frob=22.52 max_row=1.00)
    [ortho] step 4149 L1 W_v off_diag=0.64 diag_dev=0.0722
    [ortho] step 4149 L1 W_o off_diag=0.14 diag_dev=0.0006
    [plan-I] step 4149 W_v approx_rank=22.5 (frob=22.52 max_row=1.00)
    [ortho] step 4149 L2 W_v off_diag=0.67 diag_dev=0.0697
    [ortho] step 4149 L2 W_o off_diag=0.15 diag_dev=0.0006
    [plan-I] step 4149 W_v approx_rank=22.6 (frob=22.51 max_row=1.00)
    [ortho] step 4149 L3 W_v off_diag=0.64 diag_dev=0.0770
    [ortho] step 4149 L3 W_o off_diag=0.14 diag_dev=0.0005
    [plan-I] step 4149 W_v approx_rank=22.5 (frob=22.51 max_row=1.00)
    [ortho] step 4149 L4 W_v off_diag=0.63 diag_dev=0.0767
    [ortho] step 4149 L4 W_o off_diag=0.14 diag_dev=0.0006
    [plan-I] step 4149 W_v approx_rank=22.6 (frob=22.51 max_row=1.00)
    [ortho] step 4149 L5 W_v off_diag=0.64 diag_dev=0.0747
    [ortho] step 4149 L5 W_o off_diag=0.12 diag_dev=0.0004
  [LOGIC] loss=-1025.3481
  step   550/2000 (global=4150)  loss=5.4687  avg=6.0793  lr=0.000127  B=32  24977ms
  [WB] boundary=91/100  core_diff=2.2380  bin_diff=0.0029  ratio=766.26  prune_act=0.0000
  [WB] structure=6/12 (50%)  opp_sim=0.085
  [WB] BOUNDARY OK | CORE>BIN OK | PRUNE silent OK
[*] stateful inference started: window=9996, sinks=4, ctx=10240
[*] sliding window configured: W=9996, sinks=4 (effective context: 10000)
  [TRACE] "小": L0[||x||=4.29 C409(+71.83--16.13) B1332(+5536.81--59.50) P307(max0.000)] L3[||x||=4.91 C409(+81.20--23.11) B1332(+5261.21--60.04) P307(max0.000)] L5[||x||=5.21 C409(+104.36--22.07) B1332(+6952.59--61.52) P307(max0.000)] | H=10.69/15 top3=232 233 184 
  [LOGIC] loss=-1024.8120
  step   560/2000 (global=4160)  loss=6.0576  avg=6.0228  lr=0.000126  B=32  24986ms
  [WB] boundary=92/100  core_diff=2.2335  bin_diff=0.0038  ratio=590.87  prune_act=0.0000
  [WB] structure=6/12 (50%)  opp_sim=0.085
  [WB] BOUNDARY OK | CORE>BIN OK | PRUNE silent OK
  [LOGIC] loss=-1026.1171
  step   570/2000 (global=4170)  loss=6.5569  avg=6.0018  lr=0.000124  B=32  24984ms
  [WB] boundary=92/100  core_diff=2.2318  bin_diff=0.0039  ratio=572.30  prune_act=0.0000
  [WB] structure=6/12 (50%)  opp_sim=0.085
  [WB] BOUNDARY OK | CORE>BIN OK | PRUNE silent OK
  [LOGIC] loss=-1027.8193
  step   580/2000 (global=4180)  loss=6.2534  avg=6.0267  lr=0.000122  B=32  24973ms
  [WB] boundary=91/100  core_diff=2.2449  bin_diff=0.0040  ratio=554.87  prune_act=0.0000
  [WB] structure=6/12 (50%)  opp_sim=0.085
  [WB] BOUNDARY OK | CORE>BIN OK | PRUNE silent OK
  [LOGIC] loss=-1027.4197
  step   590/2000 (global=4190)  loss=5.1719  avg=6.0412  lr=0.000121  B=32  24971ms
  [WB] boundary=91/100  core_diff=2.2498  bin_diff=0.0040  ratio=564.02  prune_act=0.0000
  [WB] structure=6/12 (50%)  opp_sim=0.085
  [WB] BOUNDARY OK | CORE>BIN OK | PRUNE silent OK
    [plan-I] step 4199 W_v approx_rank=22.5 (frob=22.52 max_row=1.00)
    [ortho] step 4199 L0 W_v off_diag=0.66 diag_dev=0.0712
    [ortho] step 4199 L0 W_o off_diag=0.18 diag_dev=0.0009
    [plan-I] step 4199 W_v approx_rank=22.6 (frob=22.52 max_row=1.00)
    [ortho] step 4199 L1 W_v off_diag=0.67 diag_dev=0.0707
    [ortho] step 4199 L1 W_o off_diag=0.19 diag_dev=0.0007
    [plan-I] step 4199 W_v approx_rank=22.5 (frob=22.52 max_row=1.00)
    [ortho] step 4199 L2 W_v off_diag=0.69 diag_dev=0.0676
    [ortho] step 4199 L2 W_o off_diag=0.19 diag_dev=0.0008
    [plan-I] step 4199 W_v approx_rank=22.5 (frob=22.51 max_row=1.00)
    [ortho] step 4199 L3 W_v off_diag=0.65 diag_dev=0.0737
    [ortho] step 4199 L3 W_o off_diag=0.19 diag_dev=0.0007
    [plan-I] step 4199 W_v approx_rank=22.6 (frob=22.51 max_row=1.00)
    [ortho] step 4199 L4 W_v off_diag=0.64 diag_dev=0.0745
    [ortho] step 4199 L4 W_o off_diag=0.20 diag_dev=0.0008
    [plan-I] step 4199 W_v approx_rank=22.6 (frob=22.51 max_row=1.00)
    [ortho] step 4199 L5 W_v off_diag=0.65 diag_dev=0.0741
    [ortho] step 4199 L5 W_o off_diag=0.15 diag_dev=0.0005
  [LOGIC] loss=-1025.6432
  step   600/2000 (global=4200)  loss=5.7183  avg=6.0234  lr=0.000119  B=32  24975ms
  [WB] boundary=91/100  core_diff=2.2428  bin_diff=0.0040  ratio=564.93  prune_act=0.0000
  [WB] structure=6/12 (50%)  opp_sim=0.085
  [WB] BOUNDARY OK | CORE>BIN OK | PRUNE silent OK
[*] stateful inference started: window=9996, sinks=4, ctx=10240
[*] sliding window configured: W=9996, sinks=4 (effective context: 10000)
  [TRACE] "热": L0[||x||=4.31 C409(+371.81--14.42) B1332(+5268.53--59.67) P307(max0.000)] L3[||x||=4.86 C409(+322.89--14.74) B1332(+4951.44--59.65) P307(max0.000)] L5[||x||=5.15 C409(+294.80--16.39) B1332(+6569.01--60.76) P307(max0.000)] | H=10.52/15 top3=232 32705 233 
  [LOGIC] loss=-1024.3546
  step   610/2000 (global=4210)  loss=5.6762  avg=5.9513  lr=0.000118  B=32  24966ms
  [WB] boundary=91/100  core_diff=2.2327  bin_diff=0.0035  ratio=633.71  prune_act=0.0000
  [WB] structure=6/12 (50%)  opp_sim=0.086
  [WB] BOUNDARY OK | CORE>BIN OK | PRUNE silent OK
  [LOGIC] loss=-1023.7655
  step   620/2000 (global=4220)  loss=6.7172  avg=6.0238  lr=0.000116  B=32  24960ms
  [WB] boundary=91/100  core_diff=2.2378  bin_diff=0.0030  ratio=752.17  prune_act=0.0000
  [WB] structure=6/12 (50%)  opp_sim=0.086
  [WB] BOUNDARY OK | CORE>BIN OK | PRUNE silent OK
  [LOGIC] loss=-1022.0982
  step   630/2000 (global=4230)  loss=5.9673  avg=6.0375  lr=0.000114  B=32  24963ms
  [WB] boundary=91/100  core_diff=2.2414  bin_diff=0.0041  ratio=541.61  prune_act=0.0000
  [WB] structure=6/12 (50%)  opp_sim=0.086
  [WB] BOUNDARY OK | CORE>BIN OK | PRUNE silent OK
  [LOGIC] loss=-1026.1454
  step   640/2000 (global=4240)  loss=5.9855  avg=6.0136  lr=0.000113  B=32  24959ms
  [WB] boundary=91/100  core_diff=2.2412  bin_diff=0.0049  ratio=456.66  prune_act=0.0000
  [WB] structure=6/12 (50%)  opp_sim=0.086
  [WB] BOUNDARY OK | CORE>BIN OK | PRUNE silent OK
    [plan-I] step 4249 W_v approx_rank=22.5 (frob=22.52 max_row=1.00)
    [ortho] step 4249 L0 W_v off_diag=0.66 diag_dev=0.0693
    [ortho] step 4249 L0 W_o off_diag=0.15 diag_dev=0.0007
    [plan-I] step 4249 W_v approx_rank=22.6 (frob=22.52 max_row=1.00)
    [ortho] step 4249 L1 W_v off_diag=0.66 diag_dev=0.0721
    [ortho] step 4249 L1 W_o off_diag=0.15 diag_dev=0.0006
    [plan-I] step 4249 W_v approx_rank=22.5 (frob=22.52 max_row=1.00)
    [ortho] step 4249 L2 W_v off_diag=0.68 diag_dev=0.0696
    [ortho] step 4249 L2 W_o off_diag=0.15 diag_dev=0.0006
    [plan-I] step 4249 W_v approx_rank=22.6 (frob=22.51 max_row=1.00)
    [ortho] step 4249 L3 W_v off_diag=0.64 diag_dev=0.0759
    [ortho] step 4249 L3 W_o off_diag=0.14 diag_dev=0.0006
    [plan-I] step 4249 W_v approx_rank=22.6 (frob=22.51 max_row=1.00)
    [ortho] step 4249 L4 W_v off_diag=0.64 diag_dev=0.0747
    [ortho] step 4249 L4 W_o off_diag=0.15 diag_dev=0.0006
    [plan-I] step 4249 W_v approx_rank=22.6 (frob=22.51 max_row=1.00)
    [ortho] step 4249 L5 W_v off_diag=0.66 diag_dev=0.0727
    [ortho] step 4249 L5 W_o off_diag=0.13 diag_dev=0.0005
  [LOGIC] loss=-1029.1276
  step   650/2000 (global=4250)  loss=5.4548  avg=5.9814  lr=0.000111  B=32  24959ms
  [WB] boundary=91/100  core_diff=2.2431  bin_diff=0.0045  ratio=494.21  prune_act=0.0000
  [WB] structure=6/12 (50%)  opp_sim=0.085
  [WB] BOUNDARY OK | CORE>BIN OK | PRUNE silent OK
[*] stateful inference started: window=9996, sinks=4, ctx=10240
[*] sliding window configured: W=9996, sinks=4 (effective context: 10000)
  [TRACE] "冷": L0[||x||=4.28 C409(+98.63--17.38) B1332(+5110.75--59.59) P307(max0.000)] L3[||x||=4.82 C409(+131.43--20.66) B1332(+4798.46--59.17) P307(max0.000)] L5[||x||=5.10 C409(+148.44--19.72) B1332(+6426.41--60.32) P307(max0.000)] | H=10.44/15 top3=232 233 131 
  [LOGIC] loss=-1024.4690
  step   660/2000 (global=4260)  loss=6.4092  avg=6.0148  lr=0.000110  B=32  24962ms
  [WB] boundary=91/100  core_diff=2.2371  bin_diff=0.0035  ratio=637.33  prune_act=0.0000
  [WB] structure=6/12 (50%)  opp_sim=0.085
  [WB] BOUNDARY OK | CORE>BIN OK | PRUNE silent OK
  [LOGIC] loss=-1019.9174
  step   670/2000 (global=4270)  loss=6.0073  avg=6.0723  lr=0.000108  B=32  24964ms
  [WB] boundary=91/100  core_diff=2.2337  bin_diff=0.0039  ratio=579.07  prune_act=0.0000
  [WB] structure=6/12 (50%)  opp_sim=0.085
  [WB] BOUNDARY OK | CORE>BIN OK | PRUNE silent OK
  [LOGIC] loss=-1020.6992
  step   680/2000 (global=4280)  loss=6.2819  avg=6.0541  lr=0.000107  B=32  24972ms
  [WB] boundary=91/100  core_diff=2.2285  bin_diff=0.0035  ratio=644.59  prune_act=0.0000
  [WB] structure=6/12 (50%)  opp_sim=0.085
  [WB] BOUNDARY OK | CORE>BIN OK | PRUNE silent OK
  [LOGIC] loss=-1020.9499
  step   690/2000 (global=4290)  loss=6.8266  avg=6.0010  lr=0.000105  B=32  24974ms
  [WB] boundary=91/100  core_diff=2.2291  bin_diff=0.0033  ratio=680.93  prune_act=0.0000
  [WB] structure=6/12 (50%)  opp_sim=0.085
  [WB] BOUNDARY OK | CORE>BIN OK | PRUNE silent OK
    [plan-I] step 4299 W_v approx_rank=22.6 (frob=22.52 max_row=1.00)
    [ortho] step 4299 L0 W_v off_diag=0.64 diag_dev=0.0723
    [ortho] step 4299 L0 W_o off_diag=0.11 diag_dev=0.0005
    [plan-I] step 4299 W_v approx_rank=22.5 (frob=22.51 max_row=1.00)
    [ortho] step 4299 L1 W_v off_diag=0.64 diag_dev=0.0724
    [ortho] step 4299 L1 W_o off_diag=0.11 diag_dev=0.0005
    [plan-I] step 4299 W_v approx_rank=22.6 (frob=22.52 max_row=1.00)
    [ortho] step 4299 L2 W_v off_diag=0.66 diag_dev=0.0710
    [ortho] step 4299 L2 W_o off_diag=0.11 diag_dev=0.0004
    [plan-I] step 4299 W_v approx_rank=22.6 (frob=22.51 max_row=1.00)
    [ortho] step 4299 L3 W_v off_diag=0.63 diag_dev=0.0763
    [ortho] step 4299 L3 W_o off_diag=0.11 diag_dev=0.0004
    [plan-I] step 4299 W_v approx_rank=22.6 (frob=22.51 max_row=1.00)
    [ortho] step 4299 L4 W_v off_diag=0.64 diag_dev=0.0734
    [ortho] step 4299 L4 W_o off_diag=0.11 diag_dev=0.0004
    [plan-I] step 4299 W_v approx_rank=22.6 (frob=22.51 max_row=1.00)
    [ortho] step 4299 L5 W_v off_diag=0.63 diag_dev=0.0730
    [ortho] step 4299 L5 W_o off_diag=0.10 diag_dev=0.0003
  [LOGIC] loss=-1025.2537
  step   700/2000 (global=4300)  loss=5.5749  avg=5.9954  lr=0.000104  B=32  24978ms
  [WB] boundary=91/100  core_diff=2.2337  bin_diff=0.0028  ratio=792.91  prune_act=0.0000
  [WB] structure=6/12 (50%)  opp_sim=0.085
  [WB] BOUNDARY OK | CORE>BIN OK | PRUNE silent OK
[*] stateful inference started: window=9996, sinks=4, ctx=10240
[*] sliding window configured: W=9996, sinks=4 (effective context: 10000)
  [TRACE] "火": L0[||x||=4.26 C409(+133.90--25.88) B1332(+5030.28--58.70) P307(max0.000)] L3[||x||=4.81 C409(+148.97--29.38) B1332(+4752.26--58.80) P307(max0.000)] L5[||x||=5.09 C409(+137.11--27.73) B1332(+6382.71--60.38) P307(max0.000)] | H=10.46/15 top3=232 233 131 
  [LOGIC] loss=-1025.8386
  step   710/2000 (global=4310)  loss=5.8162  avg=5.9835  lr=0.000102  B=32  24973ms
  [WB] boundary=92/100  core_diff=2.2350  bin_diff=0.0032  ratio=697.65  prune_act=0.0000
  [WB] structure=6/12 (50%)  opp_sim=0.085
  [WB] BOUNDARY OK | CORE>BIN OK | PRUNE silent OK
  [LOGIC] loss=-1024.3678
  step   720/2000 (global=4320)  loss=5.7737  avg=5.9975  lr=0.000100  B=32  24968ms
  [WB] boundary=92/100  core_diff=2.2318  bin_diff=0.0031  ratio=722.73  prune_act=0.0000
  [WB] structure=6/12 (50%)  opp_sim=0.085
  [WB] BOUNDARY OK | CORE>BIN OK | PRUNE silent OK
  [LOGIC] loss=-1021.1071
  step   730/2000 (global=4330)  loss=5.8878  avg=5.9184  lr=0.000099  B=32  24960ms
  [WB] boundary=92/100  core_diff=2.2229  bin_diff=0.0020  ratio=1128.43  prune_act=0.0000
  [WB] structure=6/12 (50%)  opp_sim=0.085
  [WB] BOUNDARY OK | CORE>BIN OK | PRUNE silent OK
  [LOGIC] loss=-1020.7230
  step   740/2000 (global=4340)  loss=6.0370  avg=5.9860  lr=0.000097  B=32  24959ms
  [WB] boundary=92/100  core_diff=2.2232  bin_diff=0.0023  ratio=981.81  prune_act=0.0000
  [WB] structure=6/12 (50%)  opp_sim=0.085
  [WB] BOUNDARY OK | CORE>BIN OK | PRUNE silent OK
    [plan-I] step 4349 W_v approx_rank=22.6 (frob=22.51 max_row=1.00)
    [ortho] step 4349 L0 W_v off_diag=0.62 diag_dev=0.0776
    [ortho] step 4349 L0 W_o off_diag=0.08 diag_dev=0.0004
    [plan-I] step 4349 W_v approx_rank=22.5 (frob=22.51 max_row=1.00)
    [ortho] step 4349 L1 W_v off_diag=0.61 diag_dev=0.0777
    [ortho] step 4349 L1 W_o off_diag=0.08 diag_dev=0.0003
    [plan-I] step 4349 W_v approx_rank=22.5 (frob=22.51 max_row=1.00)
    [ortho] step 4349 L2 W_v off_diag=0.63 diag_dev=0.0741
    [ortho] step 4349 L2 W_o off_diag=0.08 diag_dev=0.0003
    [plan-I] step 4349 W_v approx_rank=22.6 (frob=22.51 max_row=1.00)
    [ortho] step 4349 L3 W_v off_diag=0.61 diag_dev=0.0799
    [ortho] step 4349 L3 W_o off_diag=0.08 diag_dev=0.0003
    [plan-I] step 4349 W_v approx_rank=22.6 (frob=22.51 max_row=1.00)
    [ortho] step 4349 L4 W_v off_diag=0.62 diag_dev=0.0758
    [ortho] step 4349 L4 W_o off_diag=0.08 diag_dev=0.0003
    [plan-I] step 4349 W_v approx_rank=22.6 (frob=22.51 max_row=1.00)
    [ortho] step 4349 L5 W_v off_diag=0.62 diag_dev=0.0761
    [ortho] step 4349 L5 W_o off_diag=0.07 diag_dev=0.0002
  [LOGIC] loss=-1019.8214
  step   750/2000 (global=4350)  loss=6.6408  avg=6.0027  lr=0.000096  B=32  24958ms
  [WB] boundary=92/100  core_diff=2.2192  bin_diff=0.0026  ratio=861.13  prune_act=0.0000
  [WB] structure=6/12 (50%)  opp_sim=0.085
  [WB] BOUNDARY OK | CORE>BIN OK | PRUNE silent OK
[*] stateful inference started: window=9996, sinks=4, ctx=10240
[*] sliding window configured: W=9996, sinks=4 (effective context: 10000)
  [TRACE] "水": L0[||x||=4.36 C409(+132.72--22.36) B1332(+4822.71--59.38) P307(max0.000)] L3[||x||=4.97 C409(+130.13--25.41) B1332(+4540.70--58.08) P307(max0.000)] L5[||x||=5.26 C409(+134.31--27.09) B1332(+6132.66--59.94) P307(max0.000)] | H=10.15/15 top3=232 32705 176 
  [LOGIC] loss=-1020.1046
  step   760/2000 (global=4360)  loss=6.9294  avg=5.9572  lr=0.000095  B=32  24960ms
  [WB] boundary=92/100  core_diff=2.2206  bin_diff=0.0024  ratio=943.76  prune_act=0.0000
  [WB] structure=6/12 (50%)  opp_sim=0.085
  [WB] BOUNDARY OK | CORE>BIN OK | PRUNE silent OK
  [LOGIC] loss=-1019.1068
  step   770/2000 (global=4370)  loss=6.5023  avg=6.0148  lr=0.000093  B=32  24957ms
  [WB] boundary=92/100  core_diff=2.2201  bin_diff=0.0026  ratio=838.37  prune_act=0.0000
  [WB] structure=6/12 (50%)  opp_sim=0.085
  [WB] BOUNDARY OK | CORE>BIN OK | PRUNE silent OK
  [LOGIC] loss=-1016.6470
  step   780/2000 (global=4380)  loss=6.5876  avg=6.0273  lr=0.000092  B=32  24951ms
  [WB] boundary=91/100  core_diff=2.2178  bin_diff=0.0024  ratio=935.88  prune_act=0.0000
  [WB] structure=6/12 (50%)  opp_sim=0.085
  [WB] BOUNDARY OK | CORE>BIN OK | PRUNE silent OK
  [LOGIC] loss=-1015.9862
  step   790/2000 (global=4390)  loss=6.6484  avg=6.0807  lr=0.000090  B=32  24950ms
  [WB] boundary=91/100  core_diff=2.2160  bin_diff=0.0025  ratio=899.92  prune_act=0.0000
  [WB] structure=6/12 (50%)  opp_sim=0.085
  [WB] BOUNDARY OK | CORE>BIN OK | PRUNE silent OK
    [plan-I] step 4399 W_v approx_rank=22.6 (frob=22.51 max_row=1.00)
    [ortho] step 4399 L0 W_v off_diag=0.62 diag_dev=0.0772
    [ortho] step 4399 L0 W_o off_diag=0.06 diag_dev=0.0003
    [plan-I] step 4399 W_v approx_rank=22.6 (frob=22.51 max_row=1.00)
    [ortho] step 4399 L1 W_v off_diag=0.61 diag_dev=0.0757
    [ortho] step 4399 L1 W_o off_diag=0.07 diag_dev=0.0003
    [plan-I] step 4399 W_v approx_rank=22.5 (frob=22.51 max_row=1.00)
    [ortho] step 4399 L2 W_v off_diag=0.62 diag_dev=0.0741
    [ortho] step 4399 L2 W_o off_diag=0.07 diag_dev=0.0003
    [plan-I] step 4399 W_v approx_rank=22.5 (frob=22.51 max_row=1.00)
    [ortho] step 4399 L3 W_v off_diag=0.61 diag_dev=0.0777
    [ortho] step 4399 L3 W_o off_diag=0.07 diag_dev=0.0002
    [plan-I] step 4399 W_v approx_rank=22.6 (frob=22.51 max_row=1.00)
    [ortho] step 4399 L4 W_v off_diag=0.61 diag_dev=0.0778
    [ortho] step 4399 L4 W_o off_diag=0.07 diag_dev=0.0003
    [plan-I] step 4399 W_v approx_rank=22.6 (frob=22.51 max_row=1.00)
    [ortho] step 4399 L5 W_v off_diag=0.64 diag_dev=0.0754
    [ortho] step 4399 L5 W_o off_diag=0.05 diag_dev=0.0002
  [LOGIC] loss=-1017.9709
  step   800/2000 (global=4400)  loss=4.9780  avg=6.0465  lr=0.000089  B=28  24950ms
  [WB] boundary=91/100  core_diff=2.2155  bin_diff=0.0021  ratio=1048.54  prune_act=0.0000
  [WB] structure=6/12 (50%)  opp_sim=0.085
  [WB] BOUNDARY OK | CORE>BIN OK | PRUNE silent OK
[*] stateful inference started: window=9996, sinks=4, ctx=10240
[*] sliding window configured: W=9996, sinks=4 (effective context: 10000)
  [TRACE] "大": L0[||x||=4.61 C409(+337.27--16.96) B1332(+4916.23--59.18) P307(max0.000)] L3[||x||=5.21 C409(+311.19--16.05) B1332(+4658.63--58.57) P307(max0.000)] L5[||x||=5.48 C409(+290.44--18.83) B1332(+6332.97--60.50) P307(max0.000)] | H=6.59/15 top3=232 32705 31974 
  [LOGIC] loss=-1019.1979
  step   810/2000 (global=4410)  loss=6.0244  avg=6.0973  lr=0.000087  B=32  24959ms
  [WB] boundary=91/100  core_diff=2.2170  bin_diff=0.0020  ratio=1106.03  prune_act=0.0000
  [WB] structure=6/12 (50%)  opp_sim=0.085
  [WB] BOUNDARY OK | CORE>BIN OK | PRUNE silent OK
  [LOGIC] loss=-1019.4384
  step   820/2000 (global=4420)  loss=5.4680  avg=6.0674  lr=0.000086  B=32  24957ms
  [WB] boundary=91/100  core_diff=2.2206  bin_diff=0.0021  ratio=1052.94  prune_act=0.0000
  [WB] structure=6/12 (50%)  opp_sim=0.085
  [WB] BOUNDARY OK | CORE>BIN OK | PRUNE silent OK
  [LOGIC] loss=-1018.7056
  step   830/2000 (global=4430)  loss=7.0588  avg=6.1019  lr=0.000085  B=32  24943ms
  [WB] boundary=91/100  core_diff=2.2183  bin_diff=0.0036  ratio=616.76  prune_act=0.0000
  [WB] structure=6/12 (50%)  opp_sim=0.085
  [WB] BOUNDARY OK | CORE>BIN OK | PRUNE silent OK
  [LOGIC] loss=-1018.1147
  step   840/2000 (global=4440)  loss=6.1148  avg=6.1070  lr=0.000083  B=32  24945ms
  [WB] boundary=91/100  core_diff=2.2191  bin_diff=0.0039  ratio=565.56  prune_act=0.0000
  [WB] structure=6/12 (50%)  opp_sim=0.085
  [WB] BOUNDARY OK | CORE>BIN OK | PRUNE silent OK
    [plan-I] step 4449 W_v approx_rank=22.6 (frob=22.51 max_row=1.00)
    [ortho] step 4449 L0 W_v off_diag=0.62 diag_dev=0.0734
    [ortho] step 4449 L0 W_o off_diag=0.07 diag_dev=0.0003
    [plan-I] step 4449 W_v approx_rank=22.6 (frob=22.51 max_row=1.00)
    [ortho] step 4449 L1 W_v off_diag=0.62 diag_dev=0.0752
    [ortho] step 4449 L1 W_o off_diag=0.07 diag_dev=0.0003
    [plan-I] step 4449 W_v approx_rank=22.6 (frob=22.51 max_row=1.00)
    [ortho] step 4449 L2 W_v off_diag=0.63 diag_dev=0.0743
    [ortho] step 4449 L2 W_o off_diag=0.07 diag_dev=0.0003
    [plan-I] step 4449 W_v approx_rank=22.6 (frob=22.51 max_row=1.00)
    [ortho] step 4449 L3 W_v off_diag=0.61 diag_dev=0.0786
    [ortho] step 4449 L3 W_o off_diag=0.07 diag_dev=0.0002
    [plan-I] step 4449 W_v approx_rank=22.6 (frob=22.51 max_row=1.00)
    [ortho] step 4449 L4 W_v off_diag=0.62 diag_dev=0.0785
    [ortho] step 4449 L4 W_o off_diag=0.07 diag_dev=0.0003
    [plan-I] step 4449 W_v approx_rank=22.5 (frob=22.51 max_row=1.00)
    [ortho] step 4449 L5 W_v off_diag=0.62 diag_dev=0.0776
    [ortho] step 4449 L5 W_o off_diag=0.05 diag_dev=0.0002
  [LOGIC] loss=-1019.5643
  step   850/2000 (global=4450)  loss=6.4679  avg=6.0787  lr=0.000082  B=32  24946ms
  [WB] boundary=91/100  core_diff=2.2222  bin_diff=0.0037  ratio=601.63  prune_act=0.0000
  [WB] structure=6/12 (50%)  opp_sim=0.085
  [WB] BOUNDARY OK | CORE>BIN OK | PRUNE silent OK
[*] stateful inference started: window=9996, sinks=4, ctx=10240
[*] sliding window configured: W=9996, sinks=4 (effective context: 10000)
  [TRACE] "小": L0[||x||=4.29 C409(+63.68--16.03) B1332(+4806.20--59.08) P307(max0.000)] L3[||x||=4.90 C409(+72.76--21.26) B1332(+4537.24--58.24) P307(max0.000)] L5[||x||=5.20 C409(+81.57--19.23) B1332(+6189.89--60.00) P307(max0.000)] | H=10.73/15 top3=232 233 131 
  [LOGIC] loss=-1020.1427
  step   860/2000 (global=4460)  loss=6.3342  avg=6.0730  lr=0.000080  B=32  24953ms
  [WB] boundary=91/100  core_diff=2.2244  bin_diff=0.0039  ratio=568.31  prune_act=0.0000
  [WB] structure=6/12 (50%)  opp_sim=0.085
  [WB] BOUNDARY OK | CORE>BIN OK | PRUNE silent OK
  [LOGIC] loss=-1019.9534
  step   870/2000 (global=4470)  loss=6.3568  avg=6.0360  lr=0.000079  B=32  24945ms
  [WB] boundary=92/100  core_diff=2.2219  bin_diff=0.0041  ratio=541.64  prune_act=0.0000
  [WB] structure=6/12 (50%)  opp_sim=0.085
  [WB] BOUNDARY OK | CORE>BIN OK | PRUNE silent OK
  [LOGIC] loss=-1018.7960
  step   880/2000 (global=4480)  loss=5.1229  avg=6.0088  lr=0.000078  B=32  24947ms
  [WB] boundary=92/100  core_diff=2.2195  bin_diff=0.0037  ratio=597.35  prune_act=0.0000
  [WB] structure=6/12 (50%)  opp_sim=0.084
  [WB] BOUNDARY OK | CORE>BIN OK | PRUNE silent OK
  [LOGIC] loss=-1015.9323
  step   890/2000 (global=4490)  loss=6.1032  avg=5.9938  lr=0.000076  B=32  24950ms
  [WB] boundary=92/100  core_diff=2.2191  bin_diff=0.0032  ratio=691.25  prune_act=0.0000
  [WB] structure=6/12 (50%)  opp_sim=0.084
  [WB] BOUNDARY OK | CORE>BIN OK | PRUNE silent OK
    [plan-I] step 4499 W_v approx_rank=22.6 (frob=22.51 max_row=1.00)
    [ortho] step 4499 L0 W_v off_diag=0.61 diag_dev=0.0739
    [ortho] step 4499 L0 W_o off_diag=0.05 diag_dev=0.0002
    [plan-I] step 4499 W_v approx_rank=22.6 (frob=22.51 max_row=1.00)
    [ortho] step 4499 L1 W_v off_diag=0.62 diag_dev=0.0750
    [ortho] step 4499 L1 W_o off_diag=0.06 diag_dev=0.0002
    [plan-I] step 4499 W_v approx_rank=22.5 (frob=22.51 max_row=1.00)
    [ortho] step 4499 L2 W_v off_diag=0.61 diag_dev=0.0746
    [ortho] step 4499 L2 W_o off_diag=0.06 diag_dev=0.0002
    [plan-I] step 4499 W_v approx_rank=22.6 (frob=22.51 max_row=1.00)
    [ortho] step 4499 L3 W_v off_diag=0.61 diag_dev=0.0787
    [ortho] step 4499 L3 W_o off_diag=0.06 diag_dev=0.0002
    [plan-I] step 4499 W_v approx_rank=22.6 (frob=22.51 max_row=1.00)
    [ortho] step 4499 L4 W_v off_diag=0.61 diag_dev=0.0788
    [ortho] step 4499 L4 W_o off_diag=0.06 diag_dev=0.0002
    [plan-I] step 4499 W_v approx_rank=22.6 (frob=22.51 max_row=1.00)
    [ortho] step 4499 L5 W_v off_diag=0.61 diag_dev=0.0789
    [ortho] step 4499 L5 W_o off_diag=0.04 diag_dev=0.0002
  [LOGIC] loss=-1018.2101
  step   900/2000 (global=4500)  loss=6.9233  avg=5.9887  lr=0.000075  B=32  24949ms
  [WB] boundary=92/100  core_diff=2.2210  bin_diff=0.0028  ratio=790.67  prune_act=0.0000
  [WB] structure=6/12 (50%)  opp_sim=0.084
  [WB] BOUNDARY OK | CORE>BIN OK | PRUNE silent OK
[*] stateful inference started: window=9996, sinks=4, ctx=10240
[*] sliding window configured: W=9996, sinks=4 (effective context: 10000)
  [TRACE] "热": L0[||x||=4.31 C409(+362.22--14.69) B1332(+4607.56--59.14) P307(max0.000)] L3[||x||=4.92 C409(+312.73--15.14) B1332(+4306.59--57.96) P307(max0.000)] L5[||x||=5.21 C409(+284.30--17.00) B1332(+5941.04--58.74) P307(max0.000)] | H=10.78/15 top3=232 32705 233 
  [LOGIC] loss=-1020.3713
  step   910/2000 (global=4510)  loss=5.1977  avg=6.0118  lr=0.000074  B=32  24941ms
  [WB] boundary=92/100  core_diff=2.2247  bin_diff=0.0029  ratio=776.13  prune_act=0.0000
  [WB] structure=6/12 (50%)  opp_sim=0.084
  [WB] BOUNDARY OK | CORE>BIN OK | PRUNE silent OK
  [LOGIC] loss=-1020.2181
  step   920/2000 (global=4520)  loss=5.7869  avg=6.0175  lr=0.000072  B=32  24939ms
  [WB] boundary=92/100  core_diff=2.2250  bin_diff=0.0027  ratio=813.85  prune_act=0.0000
  [WB] structure=6/12 (50%)  opp_sim=0.084
  [WB] BOUNDARY OK | CORE>BIN OK | PRUNE silent OK
  [LOGIC] loss=-1018.1725
  step   930/2000 (global=4530)  loss=5.0274  avg=5.9862  lr=0.000071  B=32  24941ms
  [WB] boundary=92/100  core_diff=2.2265  bin_diff=0.0030  ratio=735.27  prune_act=0.0000
  [WB] structure=6/12 (50%)  opp_sim=0.084
  [WB] BOUNDARY OK | CORE>BIN OK | PRUNE silent OK
  [LOGIC] loss=-1016.8269
  step   940/2000 (global=4540)  loss=6.2606  avg=6.0180  lr=0.000070  B=32  24938ms
  [WB] boundary=92/100  core_diff=2.2229  bin_diff=0.0026  ratio=859.36  prune_act=0.0000
  [WB] structure=6/12 (50%)  opp_sim=0.084
  [WB] BOUNDARY OK | CORE>BIN OK | PRUNE silent OK
    [plan-I] step 4549 W_v approx_rank=22.6 (frob=22.51 max_row=1.00)
    [ortho] step 4549 L0 W_v off_diag=0.61 diag_dev=0.0781
    [ortho] step 4549 L0 W_o off_diag=0.04 diag_dev=0.0002
    [plan-I] step 4549 W_v approx_rank=22.6 (frob=22.51 max_row=1.00)
    [ortho] step 4549 L1 W_v off_diag=0.60 diag_dev=0.0755
    [ortho] step 4549 L1 W_o off_diag=0.04 diag_dev=0.0001
    [plan-I] step 4549 W_v approx_rank=22.5 (frob=22.51 max_row=1.00)
    [ortho] step 4549 L2 W_v off_diag=0.61 diag_dev=0.0729
    [ortho] step 4549 L2 W_o off_diag=0.04 diag_dev=0.0001
    [plan-I] step 4549 W_v approx_rank=22.6 (frob=22.51 max_row=1.00)
    [ortho] step 4549 L3 W_v off_diag=0.61 diag_dev=0.0816
    [ortho] step 4549 L3 W_o off_diag=0.04 diag_dev=0.0001
    [plan-I] step 4549 W_v approx_rank=22.6 (frob=22.51 max_row=1.00)
    [ortho] step 4549 L4 W_v off_diag=0.61 diag_dev=0.0763
    [ortho] step 4549 L4 W_o off_diag=0.04 diag_dev=0.0001
    [plan-I] step 4549 W_v approx_rank=22.6 (frob=22.51 max_row=1.00)
    [ortho] step 4549 L5 W_v off_diag=0.61 diag_dev=0.0790
    [ortho] step 4549 L5 W_o off_diag=0.03 diag_dev=0.0001
  [LOGIC] loss=-1014.5888
  step   950/2000 (global=4550)  loss=6.2013  avg=6.0456  lr=0.000069  B=32  24934ms
  [WB] boundary=92/100  core_diff=2.2185  bin_diff=0.0027  ratio=837.04  prune_act=0.0000
  [WB] structure=6/12 (50%)  opp_sim=0.084
  [WB] BOUNDARY OK | CORE>BIN OK | PRUNE silent OK
[*] stateful inference started: window=9996, sinks=4, ctx=10240
[*] sliding window configured: W=9996, sinks=4 (effective context: 10000)
  [TRACE] "冷": L0[||x||=4.29 C409(+96.52--16.93) B1332(+4550.84--59.08) P307(max0.000)] L3[||x||=4.90 C409(+122.72--17.11) B1332(+4290.61--57.90) P307(max0.000)] L5[||x||=5.21 C409(+140.40--17.96) B1332(+5977.21--58.85) P307(max0.000)] | H=10.40/15 top3=232 233 32705 
  [LOGIC] loss=-1015.8118
  step   960/2000 (global=4560)  loss=5.8137  avg=6.0236  lr=0.000067  B=32  24937ms
  [WB] boundary=92/100  core_diff=2.2177  bin_diff=0.0025  ratio=885.92  prune_act=0.0000
  [WB] structure=6/12 (50%)  opp_sim=0.084
  [WB] BOUNDARY OK | CORE>BIN OK | PRUNE silent OK
  [LOGIC] loss=-1017.4062
  step   970/2000 (global=4570)  loss=6.0994  avg=5.9867  lr=0.000066  B=32  24943ms
  [WB] boundary=92/100  core_diff=2.2218  bin_diff=0.0029  ratio=757.36  prune_act=0.0000
  [WB] structure=6/12 (50%)  opp_sim=0.084
  [WB] BOUNDARY OK | CORE>BIN OK | PRUNE silent OK
  [LOGIC] loss=-1018.0847
  step   980/2000 (global=4580)  loss=6.3640  avg=5.9829  lr=0.000065  B=32  24941ms
  [WB] boundary=92/100  core_diff=2.2252  bin_diff=0.0032  ratio=698.57  prune_act=0.0000
  [WB] structure=6/12 (50%)  opp_sim=0.083
  [WB] BOUNDARY OK | CORE>BIN OK | PRUNE silent OK
  [LOGIC] loss=-1019.9382
  step   990/2000 (global=4590)  loss=6.7034  avg=6.0122  lr=0.000064  B=32  24940ms
  [WB] boundary=92/100  core_diff=2.2300  bin_diff=0.0033  ratio=681.24  prune_act=0.0000
  [WB] structure=6/12 (50%)  opp_sim=0.083
  [WB] BOUNDARY OK | CORE>BIN OK | PRUNE silent OK
    [plan-I] step 4599 W_v approx_rank=22.6 (frob=22.51 max_row=1.00)
    [ortho] step 4599 L0 W_v off_diag=0.61 diag_dev=0.0764
    [ortho] step 4599 L0 W_o off_diag=0.04 diag_dev=0.0002
    [plan-I] step 4599 W_v approx_rank=22.6 (frob=22.51 max_row=1.00)
    [ortho] step 4599 L1 W_v off_diag=0.61 diag_dev=0.0757
    [ortho] step 4599 L1 W_o off_diag=0.04 diag_dev=0.0001
    [plan-I] step 4599 W_v approx_rank=22.6 (frob=22.51 max_row=1.00)
    [ortho] step 4599 L2 W_v off_diag=0.61 diag_dev=0.0770
    [ortho] step 4599 L2 W_o off_diag=0.04 diag_dev=0.0001
    [plan-I] step 4599 W_v approx_rank=22.6 (frob=22.51 max_row=1.00)
    [ortho] step 4599 L3 W_v off_diag=0.61 diag_dev=0.0806
    [ortho] step 4599 L3 W_o off_diag=0.04 diag_dev=0.0001
    [plan-I] step 4599 W_v approx_rank=22.6 (frob=22.51 max_row=1.00)
    [ortho] step 4599 L4 W_v off_diag=0.61 diag_dev=0.0790
    [ortho] step 4599 L4 W_o off_diag=0.03 diag_dev=0.0001
    [plan-I] step 4599 W_v approx_rank=22.6 (frob=22.51 max_row=1.00)
    [ortho] step 4599 L5 W_v off_diag=0.61 diag_dev=0.0782
    [ortho] step 4599 L5 W_o off_diag=0.03 diag_dev=0.0001
  [LOGIC] loss=-1019.8497
  step  1000/2000 (global=4600)  loss=6.4334  avg=6.0729  lr=0.000062  B=32  24938ms
  [WB] boundary=92/100  core_diff=2.2291  bin_diff=0.0032  ratio=693.51  prune_act=0.0000
  [WB] structure=6/12 (50%)  opp_sim=0.083
  [WB] BOUNDARY OK | CORE>BIN OK | PRUNE silent OK
[*] stateful inference started: window=9996, sinks=4, ctx=10240
[*] sliding window configured: W=9996, sinks=4 (effective context: 10000)
  [TRACE] "火": L0[||x||=4.26 C409(+134.81--26.02) B1332(+4526.00--58.14) P307(max0.000)] L3[||x||=4.84 C409(+142.08--30.01) B1332(+4255.33--57.46) P307(max0.000)] L5[||x||=5.13 C409(+128.60--28.80) B1332(+5924.19--59.04) P307(max0.000)] | H=10.74/15 top3=232 234 233 
  [LOGIC] loss=-1019.7252
  step  1010/2000 (global=4610)  loss=6.5139  avg=6.0919  lr=0.000061  B=32  24943ms
  [WB] boundary=92/100  core_diff=2.2283  bin_diff=0.0033  ratio=684.16  prune_act=0.0000
  [WB] structure=6/12 (50%)  opp_sim=0.083
  [WB] BOUNDARY OK | CORE>BIN OK | PRUNE silent OK
  [LOGIC] loss=-1017.3580
  step  1020/2000 (global=4620)  loss=6.0118  avg=6.0640  lr=0.000060  B=32  24941ms
  [WB] boundary=92/100  core_diff=2.2243  bin_diff=0.0032  ratio=691.17  prune_act=0.0000
  [WB] structure=6/12 (50%)  opp_sim=0.083
  [WB] BOUNDARY OK | CORE>BIN OK | PRUNE silent OK
  [LOGIC] loss=-1015.8031
  step  1030/2000 (global=4630)  loss=5.9559  avg=6.1263  lr=0.000059  B=32  24938ms
  [WB] boundary=92/100  core_diff=2.2220  bin_diff=0.0029  ratio=764.63  prune_act=0.0000
  [WB] structure=6/12 (50%)  opp_sim=0.083
  [WB] BOUNDARY OK | CORE>BIN OK | PRUNE silent OK
  [LOGIC] loss=-1015.1257
  step  1040/2000 (global=4640)  loss=6.7525  avg=6.1358  lr=0.000058  B=32  24941ms
  [WB] boundary=92/100  core_diff=2.2215  bin_diff=0.0023  ratio=965.95  prune_act=0.0000
  [WB] structure=6/12 (50%)  opp_sim=0.083
  [WB] BOUNDARY OK | CORE>BIN OK | PRUNE silent OK
    [plan-I] step 4649 W_v approx_rank=22.6 (frob=22.51 max_row=1.00)
    [ortho] step 4649 L0 W_v off_diag=0.61 diag_dev=0.0785
    [ortho] step 4649 L0 W_o off_diag=0.04 diag_dev=0.0002
    [plan-I] step 4649 W_v approx_rank=22.6 (frob=22.51 max_row=1.00)
    [ortho] step 4649 L1 W_v off_diag=0.60 diag_dev=0.0776
    [ortho] step 4649 L1 W_o off_diag=0.04 diag_dev=0.0001
    [plan-I] step 4649 W_v approx_rank=22.5 (frob=22.51 max_row=1.00)
    [ortho] step 4649 L2 W_v off_diag=0.61 diag_dev=0.0759
    [ortho] step 4649 L2 W_o off_diag=0.04 diag_dev=0.0001
    [plan-I] step 4649 W_v approx_rank=22.6 (frob=22.51 max_row=1.00)
    [ortho] step 4649 L3 W_v off_diag=0.60 diag_dev=0.0801
    [ortho] step 4649 L3 W_o off_diag=0.04 diag_dev=0.0001
    [plan-I] step 4649 W_v approx_rank=22.6 (frob=22.51 max_row=1.00)
    [ortho] step 4649 L4 W_v off_diag=0.60 diag_dev=0.0795
    [ortho] step 4649 L4 W_o off_diag=0.04 diag_dev=0.0001
    [plan-I] step 4649 W_v approx_rank=22.6 (frob=22.51 max_row=1.00)
    [ortho] step 4649 L5 W_v off_diag=0.60 diag_dev=0.0793
    [ortho] step 4649 L5 W_o off_diag=0.02 diag_dev=0.0001
  [LOGIC] loss=-1015.1395
  step  1050/2000 (global=4650)  loss=5.4185  avg=6.1247  lr=0.000056  B=32  24938ms
  [WB] boundary=92/100  core_diff=2.2218  bin_diff=0.0022  ratio=994.89  prune_act=0.0000
  [WB] structure=6/12 (50%)  opp_sim=0.082
  [WB] BOUNDARY OK | CORE>BIN OK | PRUNE silent OK
[*] stateful inference started: window=9996, sinks=4, ctx=10240
[*] sliding window configured: W=9996, sinks=4 (effective context: 10000)
  [TRACE] "水": L0[||x||=4.36 C409(+131.47--22.13) B1332(+4362.49--58.88) P307(max0.000)] L3[||x||=4.96 C409(+132.66--24.17) B1332(+4129.37--57.13) P307(max0.000)] L5[||x||=5.26 C409(+137.90--25.36) B1332(+5796.87--58.68) P307(max0.000)] | H=10.52/15 top3=232 32705 176 
  [LOGIC] loss=-1015.8503
  step  1060/2000 (global=4660)  loss=4.6386  avg=6.0271  lr=0.000055  B=32  24938ms
  [WB] boundary=92/100  core_diff=2.2203  bin_diff=0.0020  ratio=1119.54  prune_act=0.0000
  [WB] structure=6/12 (50%)  opp_sim=0.082
  [WB] BOUNDARY OK | CORE>BIN OK | PRUNE silent OK
  [LOGIC] loss=-1015.0389
  step  1070/2000 (global=4670)  loss=5.3619  avg=6.0007  lr=0.000054  B=32  24941ms
  [WB] boundary=92/100  core_diff=2.2173  bin_diff=0.0019  ratio=1139.71  prune_act=0.0000
  [WB] structure=6/12 (50%)  opp_sim=0.082
  [WB] BOUNDARY OK | CORE>BIN OK | PRUNE silent OK
  [LOGIC] loss=-1013.8376
  step  1080/2000 (global=4680)  loss=5.9119  avg=6.0485  lr=0.000053  B=32  24936ms
  [WB] boundary=92/100  core_diff=2.2157  bin_diff=0.0023  ratio=981.56  prune_act=0.0000
  [WB] structure=6/12 (50%)  opp_sim=0.082
  [WB] BOUNDARY OK | CORE>BIN OK | PRUNE silent OK
  [LOGIC] loss=-1013.4627
  step  1090/2000 (global=4690)  loss=6.0552  avg=6.0493  lr=0.000052  B=32  24934ms
  [WB] boundary=92/100  core_diff=2.2149  bin_diff=0.0027  ratio=835.24  prune_act=0.0000
  [WB] structure=6/12 (50%)  opp_sim=0.082
  [WB] BOUNDARY OK | CORE>BIN OK | PRUNE silent OK
    [plan-I] step 4699 W_v approx_rank=22.6 (frob=22.51 max_row=1.00)
    [ortho] step 4699 L0 W_v off_diag=0.60 diag_dev=0.0780
    [ortho] step 4699 L0 W_o off_diag=0.02 diag_dev=0.0001
    [plan-I] step 4699 W_v approx_rank=22.6 (frob=22.51 max_row=1.00)
    [ortho] step 4699 L1 W_v off_diag=0.60 diag_dev=0.0778
    [ortho] step 4699 L1 W_o off_diag=0.02 diag_dev=0.0001
    [plan-I] step 4699 W_v approx_rank=22.6 (frob=22.51 max_row=1.00)
    [ortho] step 4699 L2 W_v off_diag=0.60 diag_dev=0.0787
    [ortho] step 4699 L2 W_o off_diag=0.02 diag_dev=0.0001
    [plan-I] step 4699 W_v approx_rank=22.6 (frob=22.51 max_row=1.00)
    [ortho] step 4699 L3 W_v off_diag=0.60 diag_dev=0.0804
    [ortho] step 4699 L3 W_o off_diag=0.02 diag_dev=0.0001
    [plan-I] step 4699 W_v approx_rank=22.6 (frob=22.51 max_row=1.00)
    [ortho] step 4699 L4 W_v off_diag=0.60 diag_dev=0.0806
    [ortho] step 4699 L4 W_o off_diag=0.02 diag_dev=0.0001
    [plan-I] step 4699 W_v approx_rank=22.6 (frob=22.51 max_row=1.00)
    [ortho] step 4699 L5 W_v off_diag=0.60 diag_dev=0.0811
    [ortho] step 4699 L5 W_o off_diag=0.02 diag_dev=0.0001
  [LOGIC] loss=-1013.2524
  step  1100/2000 (global=4700)  loss=5.9761  avg=6.0191  lr=0.000051  B=32  24933ms
  [WB] boundary=92/100  core_diff=2.2138  bin_diff=0.0026  ratio=859.32  prune_act=0.0000
  [WB] structure=6/12 (50%)  opp_sim=0.082
  [WB] BOUNDARY OK | CORE>BIN OK | PRUNE silent OK
[*] stateful inference started: window=9996, sinks=4, ctx=10240
[*] sliding window configured: W=9996, sinks=4 (effective context: 10000)
  [TRACE] "大": L0[||x||=4.59 C409(+334.05--17.22) B1332(+4485.71--58.60) P307(max0.000)] L3[||x||=5.20 C409(+302.55--16.40) B1332(+4259.73--57.51) P307(max0.000)] L5[||x||=5.50 C409(+283.66--19.13) B1332(+5978.20--59.26) P307(max0.000)] | H=7.20/15 top3=232 32705 31974 
  [LOGIC] loss=-1012.5833
  step  1110/2000 (global=4710)  loss=6.5892  avg=6.0028  lr=0.000050  B=28  24927ms
  [WB] boundary=92/100  core_diff=2.2119  bin_diff=0.0026  ratio=851.41  prune_act=0.0000
  [WB] structure=6/12 (50%)  opp_sim=0.082
  [WB] BOUNDARY OK | CORE>BIN OK | PRUNE silent OK
  [LOGIC] loss=-1011.8229
  step  1120/2000 (global=4720)  loss=6.3566  avg=6.0319  lr=0.000049  B=32  24927ms
  [WB] boundary=92/100  core_diff=2.2099  bin_diff=0.0023  ratio=955.18  prune_act=0.0000
  [WB] structure=6/12 (50%)  opp_sim=0.082
  [WB] BOUNDARY OK | CORE>BIN OK | PRUNE silent OK
  [LOGIC] loss=-1011.6801
  step  1130/2000 (global=4730)  loss=6.3334  avg=6.0650  lr=0.000048  B=32  24930ms
  [WB] boundary=92/100  core_diff=2.2092  bin_diff=0.0020  ratio=1098.82  prune_act=0.0000
  [WB] structure=6/12 (50%)  opp_sim=0.082
  [WB] BOUNDARY OK | CORE>BIN OK | PRUNE silent OK
  [LOGIC] loss=-1011.3401
  step  1140/2000 (global=4740)  loss=5.6816  avg=6.0358  lr=0.000046  B=32  24925ms
  [WB] boundary=92/100  core_diff=2.2082  bin_diff=0.0021  ratio=1068.52  prune_act=0.0000
  [WB] structure=6/12 (50%)  opp_sim=0.081
  [WB] BOUNDARY OK | CORE>BIN OK | PRUNE silent OK
    [plan-I] step 4749 W_v approx_rank=22.6 (frob=22.51 max_row=1.00)
    [ortho] step 4749 L0 W_v off_diag=0.60 diag_dev=0.0820
    [ortho] step 4749 L0 W_o off_diag=0.02 diag_dev=0.0001
    [plan-I] step 4749 W_v approx_rank=22.6 (frob=22.51 max_row=1.00)
    [ortho] step 4749 L1 W_v off_diag=0.60 diag_dev=0.0799
    [ortho] step 4749 L1 W_o off_diag=0.02 diag_dev=0.0001
    [plan-I] step 4749 W_v approx_rank=22.6 (frob=22.51 max_row=1.00)
    [ortho] step 4749 L2 W_v off_diag=0.60 diag_dev=0.0775
    [ortho] step 4749 L2 W_o off_diag=0.02 diag_dev=0.0001
    [plan-I] step 4749 W_v approx_rank=22.6 (frob=22.51 max_row=1.00)
    [ortho] step 4749 L3 W_v off_diag=0.59 diag_dev=0.0820
    [ortho] step 4749 L3 W_o off_diag=0.02 diag_dev=0.0001
    [plan-I] step 4749 W_v approx_rank=22.6 (frob=22.51 max_row=1.00)
    [ortho] step 4749 L4 W_v off_diag=0.60 diag_dev=0.0797
    [ortho] step 4749 L4 W_o off_diag=0.02 diag_dev=0.0001
    [plan-I] step 4749 W_v approx_rank=22.5 (frob=22.51 max_row=1.00)
    [ortho] step 4749 L5 W_v off_diag=0.59 diag_dev=0.0812
    [ortho] step 4749 L5 W_o off_diag=0.01 diag_dev=0.0000
  [LOGIC] loss=-1011.2997
  step  1150/2000 (global=4750)  loss=5.0212  avg=6.0100  lr=0.000045  B=32  24922ms
  [WB] boundary=92/100  core_diff=2.2069  bin_diff=0.0020  ratio=1125.93  prune_act=0.0000
  [WB] structure=6/12 (50%)  opp_sim=0.081
  [WB] BOUNDARY OK | CORE>BIN OK | PRUNE silent OK
[*] stateful inference started: window=9996, sinks=4, ctx=10240
[*] sliding window configured: W=9996, sinks=4 (effective context: 10000)
  [TRACE] "小": L0[||x||=4.28 C409(+57.94--15.80) B1332(+4451.56--58.55) P307(max0.000)] L3[||x||=4.96 C409(+64.17--22.44) B1332(+4233.92--57.31) P307(max0.000)] L5[||x||=5.31 C409(+68.78--20.47) B1332(+5946.79--59.06) P307(max0.000)] | H=10.91/15 top3=232 233 234 
  [LOGIC] loss=-1009.2136
  step  1160/2000 (global=4760)  loss=5.4921  avg=5.9521  lr=0.000044  B=32  24922ms
  [WB] boundary=92/100  core_diff=2.2038  bin_diff=0.0018  ratio=1211.73  prune_act=0.0000
  [WB] structure=6/12 (50%)  opp_sim=0.081
  [WB] BOUNDARY OK | CORE>BIN OK | PRUNE silent OK
  [LOGIC] loss=-1008.0493
  step  1170/2000 (global=4770)  loss=6.0163  avg=5.9489  lr=0.000043  B=32  24918ms
  [WB] boundary=92/100  core_diff=2.2015  bin_diff=0.0021  ratio=1069.04  prune_act=0.0000
  [WB] structure=6/12 (50%)  opp_sim=0.081
  [WB] BOUNDARY OK | CORE>BIN OK | PRUNE silent OK
  [LOGIC] loss=-1008.5096
  step  1180/2000 (global=4780)  loss=5.9433  avg=5.9276  lr=0.000042  B=32  24922ms
  [WB] boundary=92/100  core_diff=2.2017  bin_diff=0.0019  ratio=1152.97  prune_act=0.0000
  [WB] structure=6/12 (50%)  opp_sim=0.081
  [WB] BOUNDARY OK | CORE>BIN OK | PRUNE silent OK
  [LOGIC] loss=-1008.1561
  step  1190/2000 (global=4790)  loss=6.0471  avg=5.9180  lr=0.000041  B=32  24923ms
  [WB] boundary=92/100  core_diff=2.2014  bin_diff=0.0019  ratio=1175.07  prune_act=0.0000
  [WB] structure=6/12 (50%)  opp_sim=0.081
  [WB] BOUNDARY OK | CORE>BIN OK | PRUNE silent OK
    [plan-I] step 4799 W_v approx_rank=22.6 (frob=22.51 max_row=1.00)
    [ortho] step 4799 L0 W_v off_diag=0.59 diag_dev=0.0799
    [ortho] step 4799 L0 W_o off_diag=0.01 diag_dev=0.0001
    [plan-I] step 4799 W_v approx_rank=22.6 (frob=22.51 max_row=1.00)
    [ortho] step 4799 L1 W_v off_diag=0.59 diag_dev=0.0796
    [ortho] step 4799 L1 W_o off_diag=0.01 diag_dev=0.0000
    [plan-I] step 4799 W_v approx_rank=22.6 (frob=22.51 max_row=1.00)
    [ortho] step 4799 L2 W_v off_diag=0.60 diag_dev=0.0803
    [ortho] step 4799 L2 W_o off_diag=0.01 diag_dev=0.0000
    [plan-I] step 4799 W_v approx_rank=22.6 (frob=22.51 max_row=1.00)
    [ortho] step 4799 L3 W_v off_diag=0.60 diag_dev=0.0807
    [ortho] step 4799 L3 W_o off_diag=0.01 diag_dev=0.0000
    [plan-I] step 4799 W_v approx_rank=22.6 (frob=22.51 max_row=1.00)
    [ortho] step 4799 L4 W_v off_diag=0.60 diag_dev=0.0798
    [ortho] step 4799 L4 W_o off_diag=0.01 diag_dev=0.0000
    [plan-I] step 4799 W_v approx_rank=22.6 (frob=22.51 max_row=1.00)
    [ortho] step 4799 L5 W_v off_diag=0.60 diag_dev=0.0796
    [ortho] step 4799 L5 W_o off_diag=0.01 diag_dev=0.0000
  [LOGIC] loss=-1007.8700
  step  1200/2000 (global=4800)  loss=6.6404  avg=5.9600  lr=0.000040  B=32  24926ms
  [WB] boundary=92/100  core_diff=2.2018  bin_diff=0.0017  ratio=1258.78  prune_act=0.0000
  [WB] structure=6/12 (50%)  opp_sim=0.081
  [WB] BOUNDARY OK | CORE>BIN OK | PRUNE silent OK
[*] stateful inference started: window=9996, sinks=4, ctx=10240
[*] sliding window configured: W=9996, sinks=4 (effective context: 10000)
  [TRACE] "热": L0[||x||=4.30 C409(+354.30--14.99) B1332(+4312.54--58.73) P307(max0.000)] L3[||x||=5.00 C409(+300.10--15.30) B1332(+4100.35--56.95) P307(max0.000)] L5[||x||=5.36 C409(+271.99--17.48) B1332(+5806.89--58.34) P307(max0.000)] | H=10.92/15 top3=232 32705 233 
  [LOGIC] loss=-1008.6886
  step  1210/2000 (global=4810)  loss=5.7251  avg=5.9804  lr=0.000039  B=32  24929ms
  [WB] boundary=92/100  core_diff=2.2048  bin_diff=0.0018  ratio=1244.49  prune_act=0.0000
  [WB] structure=6/12 (50%)  opp_sim=0.081
  [WB] BOUNDARY OK | CORE>BIN OK | PRUNE silent OK
  [LOGIC] loss=-1009.6829
  step  1220/2000 (global=4820)  loss=7.1718  avg=6.0366  lr=0.000038  B=32  24923ms
  [WB] boundary=92/100  core_diff=2.2046  bin_diff=0.0020  ratio=1096.53  prune_act=0.0000
  [WB] structure=6/12 (50%)  opp_sim=0.081
  [WB] BOUNDARY OK | CORE>BIN OK | PRUNE silent OK
  [LOGIC] loss=-1009.9057
  step  1230/2000 (global=4830)  loss=6.2187  avg=6.0945  lr=0.000037  B=32  24923ms
  [WB] boundary=92/100  core_diff=2.2054  bin_diff=0.0021  ratio=1073.17  prune_act=0.0000
  [WB] structure=6/12 (50%)  opp_sim=0.081
  [WB] BOUNDARY OK | CORE>BIN OK | PRUNE silent OK
  [LOGIC] loss=-1009.8070
  step  1240/2000 (global=4840)  loss=6.1627  avg=6.0982  lr=0.000036  B=32  24924ms
  [WB] boundary=92/100  core_diff=2.2048  bin_diff=0.0023  ratio=953.38  prune_act=0.0000
  [WB] structure=6/12 (50%)  opp_sim=0.081
  [WB] BOUNDARY OK | CORE>BIN OK | PRUNE silent OK
    [plan-I] step 4849 W_v approx_rank=22.6 (frob=22.51 max_row=1.00)
    [ortho] step 4849 L0 W_v off_diag=0.59 diag_dev=0.0796
    [ortho] step 4849 L0 W_o off_diag=0.01 diag_dev=0.0000
    [plan-I] step 4849 W_v approx_rank=22.6 (frob=22.51 max_row=1.00)
    [ortho] step 4849 L1 W_v off_diag=0.60 diag_dev=0.0781
    [ortho] step 4849 L1 W_o off_diag=0.01 diag_dev=0.0000
    [plan-I] step 4849 W_v approx_rank=22.6 (frob=22.51 max_row=1.00)
    [ortho] step 4849 L2 W_v off_diag=0.60 diag_dev=0.0777
    [ortho] step 4849 L2 W_o off_diag=0.01 diag_dev=0.0000
    [plan-I] step 4849 W_v approx_rank=22.6 (frob=22.51 max_row=1.00)
    [ortho] step 4849 L3 W_v off_diag=0.60 diag_dev=0.0781
    [ortho] step 4849 L3 W_o off_diag=0.01 diag_dev=0.0000
    [plan-I] step 4849 W_v approx_rank=22.6 (frob=22.51 max_row=1.00)
    [ortho] step 4849 L4 W_v off_diag=0.60 diag_dev=0.0809
    [ortho] step 4849 L4 W_o off_diag=0.01 diag_dev=0.0000
    [plan-I] step 4849 W_v approx_rank=22.6 (frob=22.51 max_row=1.00)
    [ortho] step 4849 L5 W_v off_diag=0.60 diag_dev=0.0813
    [ortho] step 4849 L5 W_o off_diag=0.01 diag_dev=0.0000
  [LOGIC] loss=-1010.0897
  step  1250/2000 (global=4850)  loss=4.7658  avg=6.1010  lr=0.000036  B=32  24922ms
  [WB] boundary=92/100  core_diff=2.2055  bin_diff=0.0027  ratio=831.42  prune_act=0.0000
  [WB] structure=6/12 (50%)  opp_sim=0.081
  [WB] BOUNDARY OK | CORE>BIN OK | PRUNE silent OK
[*] stateful inference started: window=9996, sinks=4, ctx=10240
[*] sliding window configured: W=9996, sinks=4 (effective context: 10000)
  [TRACE] "冷": L0[||x||=4.29 C409(+96.87--17.11) B1332(+4268.69--58.70) P307(max0.000)] L3[||x||=4.95 C409(+122.75--19.21) B1332(+4056.46--56.78) P307(max0.000)] L5[||x||=5.30 C409(+137.17--18.53) B1332(+5774.09--58.17) P307(max0.000)] | H=10.81/15 top3=232 233 234 
  [LOGIC] loss=-1009.5087
  step  1260/2000 (global=4860)  loss=5.9409  avg=6.0491  lr=0.000035  B=32  24924ms
  [WB] boundary=92/100  core_diff=2.2029  bin_diff=0.0024  ratio=922.39  prune_act=0.0000
  [WB] structure=6/12 (50%)  opp_sim=0.081
  [WB] BOUNDARY OK | CORE>BIN OK | PRUNE silent OK
  [LOGIC] loss=-1008.6941
  step  1270/2000 (global=4870)  loss=4.9859  avg=6.0181  lr=0.000034  B=32  24923ms
  [WB] boundary=92/100  core_diff=2.2017  bin_diff=0.0023  ratio=970.96  prune_act=0.0000
  [WB] structure=6/12 (50%)  opp_sim=0.081
  [WB] BOUNDARY OK | CORE>BIN OK | PRUNE silent OK
  [LOGIC] loss=-1009.6875
  step  1280/2000 (global=4880)  loss=6.7359  avg=6.0506  lr=0.000033  B=32  24926ms
  [WB] boundary=92/100  core_diff=2.2044  bin_diff=0.0024  ratio=910.96  prune_act=0.0000
  [WB] structure=6/12 (50%)  opp_sim=0.081
  [WB] BOUNDARY OK | CORE>BIN OK | PRUNE silent OK
  [LOGIC] loss=-1010.3890
  step  1290/2000 (global=4890)  loss=6.7046  avg=6.0273  lr=0.000032  B=32  24931ms
  [WB] boundary=92/100  core_diff=2.2055  bin_diff=0.0025  ratio=899.48  prune_act=0.0000
  [WB] structure=6/12 (50%)  opp_sim=0.081
  [WB] BOUNDARY OK | CORE>BIN OK | PRUNE silent OK
    [plan-I] step 4899 W_v approx_rank=22.6 (frob=22.51 max_row=1.00)
    [ortho] step 4899 L0 W_v off_diag=0.59 diag_dev=0.0808
    [ortho] step 4899 L0 W_o off_diag=0.01 diag_dev=0.0000
    [plan-I] step 4899 W_v approx_rank=22.6 (frob=22.51 max_row=1.00)
    [ortho] step 4899 L1 W_v off_diag=0.59 diag_dev=0.0782
    [ortho] step 4899 L1 W_o off_diag=0.01 diag_dev=0.0000
    [plan-I] step 4899 W_v approx_rank=22.6 (frob=22.51 max_row=1.00)
    [ortho] step 4899 L2 W_v off_diag=0.60 diag_dev=0.0794
    [ortho] step 4899 L2 W_o off_diag=0.01 diag_dev=0.0000
    [plan-I] step 4899 W_v approx_rank=22.6 (frob=22.51 max_row=1.00)
    [ortho] step 4899 L3 W_v off_diag=0.60 diag_dev=0.0798
    [ortho] step 4899 L3 W_o off_diag=0.01 diag_dev=0.0000
    [plan-I] step 4899 W_v approx_rank=22.6 (frob=22.51 max_row=1.00)
    [ortho] step 4899 L4 W_v off_diag=0.59 diag_dev=0.0806
    [ortho] step 4899 L4 W_o off_diag=0.01 diag_dev=0.0000
    [plan-I] step 4899 W_v approx_rank=22.6 (frob=22.51 max_row=1.00)
    [ortho] step 4899 L5 W_v off_diag=0.59 diag_dev=0.0808
    [ortho] step 4899 L5 W_o off_diag=0.01 diag_dev=0.0000
  [LOGIC] loss=-1011.0361
  step  1300/2000 (global=4900)  loss=5.7646  avg=6.0190  lr=0.000031  B=32  24933ms
  [WB] boundary=92/100  core_diff=2.2060  bin_diff=0.0029  ratio=772.21  prune_act=0.0000
  [WB] structure=6/12 (50%)  opp_sim=0.081
  [WB] BOUNDARY OK | CORE>BIN OK | PRUNE silent OK
[*] stateful inference started: window=9996, sinks=4, ctx=10240
[*] sliding window configured: W=9996, sinks=4 (effective context: 10000)
  [TRACE] "火": L0[||x||=4.26 C409(+133.73--26.20) B1332(+4301.53--57.75) P307(max0.000)] L3[||x||=4.92 C409(+143.79--29.67) B1332(+4088.41--56.62) P307(max0.000)] L5[||x||=5.27 C409(+129.61--28.26) B1332(+5791.38--58.57) P307(max0.000)] | H=11.00/15 top3=232 233 234 
  [LOGIC] loss=-1010.3230
  step  1310/2000 (global=4910)  loss=5.6044  avg=5.9899  lr=0.000030  B=32  24936ms
  [WB] boundary=92/100  core_diff=2.2042  bin_diff=0.0027  ratio=803.59  prune_act=0.0000
  [WB] structure=6/12 (50%)  opp_sim=0.081
  [WB] BOUNDARY OK | CORE>BIN OK | PRUNE silent OK
  [LOGIC] loss=-1009.2472
  step  1320/2000 (global=4920)  loss=5.9209  avg=6.0198  lr=0.000029  B=32  24932ms
  [WB] boundary=92/100  core_diff=2.2022  bin_diff=0.0028  ratio=790.28  prune_act=0.0000
  [WB] structure=6/12 (50%)  opp_sim=0.081
  [WB] BOUNDARY OK | CORE>BIN OK | PRUNE silent OK
  [LOGIC] loss=-1008.4947
  step  1330/2000 (global=4930)  loss=6.1631  avg=6.0318  lr=0.000028  B=32  24933ms
  [WB] boundary=92/100  core_diff=2.2010  bin_diff=0.0027  ratio=803.36  prune_act=0.0000
  [WB] structure=6/12 (50%)  opp_sim=0.081
  [WB] BOUNDARY OK | CORE>BIN OK | PRUNE silent OK
  [LOGIC] loss=-1007.6429
  step  1340/2000 (global=4940)  loss=5.9830  avg=6.0070  lr=0.000028  B=32  24931ms
  [WB] boundary=92/100  core_diff=2.1999  bin_diff=0.0026  ratio=851.44  prune_act=0.0000
  [WB] structure=6/12 (50%)  opp_sim=0.081
  [WB] BOUNDARY OK | CORE>BIN OK | PRUNE silent OK
    [plan-I] step 4949 W_v approx_rank=22.6 (frob=22.51 max_row=1.00)
    [ortho] step 4949 L0 W_v off_diag=0.59 diag_dev=0.0783
    [ortho] step 4949 L0 W_o off_diag=0.00 diag_dev=0.0000
    [plan-I] step 4949 W_v approx_rank=22.6 (frob=22.51 max_row=1.00)
    [ortho] step 4949 L1 W_v off_diag=0.59 diag_dev=0.0805
    [ortho] step 4949 L1 W_o off_diag=0.00 diag_dev=0.0000
    [plan-I] step 4949 W_v approx_rank=22.6 (frob=22.51 max_row=1.00)
    [ortho] step 4949 L2 W_v off_diag=0.60 diag_dev=0.0814
    [ortho] step 4949 L2 W_o off_diag=0.00 diag_dev=0.0000
    [plan-I] step 4949 W_v approx_rank=22.6 (frob=22.51 max_row=1.00)
    [ortho] step 4949 L3 W_v off_diag=0.59 diag_dev=0.0787
    [ortho] step 4949 L3 W_o off_diag=0.00 diag_dev=0.0000
    [plan-I] step 4949 W_v approx_rank=22.6 (frob=22.51 max_row=1.00)
    [ortho] step 4949 L4 W_v off_diag=0.59 diag_dev=0.0808
    [ortho] step 4949 L4 W_o off_diag=0.00 diag_dev=0.0000
    [plan-I] step 4949 W_v approx_rank=22.6 (frob=22.51 max_row=1.00)
    [ortho] step 4949 L5 W_v off_diag=0.59 diag_dev=0.0829
    [ortho] step 4949 L5 W_o off_diag=0.00 diag_dev=0.0000
  [LOGIC] loss=-1006.7647
  step  1350/2000 (global=4950)  loss=5.6937  avg=5.9505  lr=0.000027  B=32  24931ms
  [WB] boundary=92/100  core_diff=2.1975  bin_diff=0.0026  ratio=851.52  prune_act=0.0000
  [WB] structure=6/12 (50%)  opp_sim=0.081
  [WB] BOUNDARY OK | CORE>BIN OK | PRUNE silent OK
[*] stateful inference started: window=9996, sinks=4, ctx=10240
[*] sliding window configured: W=9996, sinks=4 (effective context: 10000)
  [TRACE] "水": L0[||x||=4.37 C409(+127.17--22.01) B1332(+4207.37--58.66) P307(max0.000)] L3[||x||=5.05 C409(+116.83--25.63) B1332(+4046.36--56.59) P307(max0.000)] L5[||x||=5.41 C409(+114.98--26.26) B1332(+5780.64--58.63) P307(max0.000)] | H=10.52/15 top3=232 32705 176 
  [LOGIC] loss=-1007.4178
  step  1360/2000 (global=4960)  loss=6.2058  avg=5.9511  lr=0.000026  B=28  24925ms
  [WB] boundary=92/100  core_diff=2.1989  bin_diff=0.0025  ratio=862.35  prune_act=0.0000
  [WB] structure=6/12 (50%)  opp_sim=0.081
  [WB] BOUNDARY OK | CORE>BIN OK | PRUNE silent OK
  [LOGIC] loss=-1007.7200
  step  1370/2000 (global=4970)  loss=6.0599  avg=5.9639  lr=0.000025  B=32  24928ms
  [WB] boundary=92/100  core_diff=2.1992  bin_diff=0.0025  ratio=891.54  prune_act=0.0000
  [WB] structure=6/12 (50%)  opp_sim=0.081
  [WB] BOUNDARY OK | CORE>BIN OK | PRUNE silent OK
  [LOGIC] loss=-1007.2781
  step  1380/2000 (global=4980)  loss=6.2897  avg=5.9625  lr=0.000024  B=32  24928ms
  [WB] boundary=92/100  core_diff=2.1978  bin_diff=0.0025  ratio=888.88  prune_act=0.0000
  [WB] structure=6/12 (50%)  opp_sim=0.081
  [WB] BOUNDARY OK | CORE>BIN OK | PRUNE silent OK
  [LOGIC] loss=-1007.6454
  step  1390/2000 (global=4990)  loss=5.8688  avg=5.9988  lr=0.000024  B=32  24925ms
  [WB] boundary=92/100  core_diff=2.1986  bin_diff=0.0025  ratio=884.39  prune_act=0.0000
  [WB] structure=6/12 (50%)  opp_sim=0.081
  [WB] BOUNDARY OK | CORE>BIN OK | PRUNE silent OK
    [plan-I] step 4999 W_v approx_rank=22.6 (frob=22.51 max_row=1.00)
    [ortho] step 4999 L0 W_v off_diag=0.59 diag_dev=0.0818
    [ortho] step 4999 L0 W_o off_diag=0.00 diag_dev=0.0000
    [plan-I] step 4999 W_v approx_rank=22.6 (frob=22.51 max_row=1.00)
    [ortho] step 4999 L1 W_v off_diag=0.60 diag_dev=0.0808
    [ortho] step 4999 L1 W_o off_diag=0.00 diag_dev=0.0000
    [plan-I] step 4999 W_v approx_rank=22.6 (frob=22.51 max_row=1.00)
    [ortho] step 4999 L2 W_v off_diag=0.59 diag_dev=0.0795
    [ortho] step 4999 L2 W_o off_diag=0.00 diag_dev=0.0000
    [plan-I] step 4999 W_v approx_rank=22.6 (frob=22.50 max_row=1.00)
    [ortho] step 4999 L3 W_v off_diag=0.59 diag_dev=0.0839
    [ortho] step 4999 L3 W_o off_diag=0.00 diag_dev=0.0000
    [plan-I] step 4999 W_v approx_rank=22.6 (frob=22.51 max_row=1.00)
    [ortho] step 4999 L4 W_v off_diag=0.59 diag_dev=0.0804
    [ortho] step 4999 L4 W_o off_diag=0.00 diag_dev=0.0000
    [plan-I] step 4999 W_v approx_rank=22.6 (frob=22.51 max_row=1.00)
    [ortho] step 4999 L5 W_v off_diag=0.60 diag_dev=0.0818
    [ortho] step 4999 L5 W_o off_diag=0.00 diag_dev=0.0000
  [LOGIC] loss=-1007.3600
  step  1400/2000 (global=5000)  loss=5.9628  avg=6.0229  lr=0.000023  B=32  24922ms
  [WB] boundary=92/100  core_diff=2.1979  bin_diff=0.0024  ratio=908.80  prune_act=0.0000
  [WB] structure=6/12 (50%)  opp_sim=0.081
  [WB] BOUNDARY OK | CORE>BIN OK | PRUNE silent OK
[*] stateful inference started: window=9996, sinks=4, ctx=10240
[*] sliding window configured: W=9996, sinks=4 (effective context: 10000)
  [TRACE] "大": L0[||x||=4.58 C409(+326.89--17.77) B1332(+4333.23--58.31) P307(max0.000)] L3[||x||=5.23 C409(+298.70--17.03) B1332(+4158.16--57.05) P307(max0.000)] L5[||x||=5.58 C409(+277.75--20.09) B1332(+5926.85--59.07) P307(max0.000)] | H=7.50/15 top3=232 32705 176 
  [LOGIC] loss=-1006.8122
  step  1410/2000 (global=5010)  loss=6.1084  avg=6.0660  lr=0.000022  B=32  24922ms
  [WB] boundary=92/100  core_diff=2.1971  bin_diff=0.0025  ratio=875.34  prune_act=0.0000
  [WB] structure=6/12 (50%)  opp_sim=0.081
  [WB] BOUNDARY OK | CORE>BIN OK | PRUNE silent OK
  [LOGIC] loss=-1006.7673
  step  1420/2000 (global=5020)  loss=5.2402  avg=6.0742  lr=0.000021  B=32  24923ms
  [WB] boundary=92/100  core_diff=2.1967  bin_diff=0.0026  ratio=842.03  prune_act=0.0000
  [WB] structure=6/12 (50%)  opp_sim=0.081
  [WB] BOUNDARY OK | CORE>BIN OK | PRUNE silent OK
  [LOGIC] loss=-1006.9363
  step  1430/2000 (global=5030)  loss=6.4164  avg=6.1469  lr=0.000021  B=32  24921ms
  [WB] boundary=92/100  core_diff=2.1972  bin_diff=0.0028  ratio=794.27  prune_act=0.0000
  [WB] structure=6/12 (50%)  opp_sim=0.081
  [WB] BOUNDARY OK | CORE>BIN OK | PRUNE silent OK
  [LOGIC] loss=-1006.7745
  step  1440/2000 (global=5040)  loss=6.0901  avg=6.1401  lr=0.000020  B=32  24921ms
  [WB] boundary=92/100  core_diff=2.1968  bin_diff=0.0027  ratio=811.16  prune_act=0.0000
  [WB] structure=6/12 (50%)  opp_sim=0.081
  [WB] BOUNDARY OK | CORE>BIN OK | PRUNE silent OK
    [plan-I] step 5049 W_v approx_rank=22.6 (frob=22.51 max_row=1.00)
    [ortho] step 5049 L0 W_v off_diag=0.59 diag_dev=0.0829
    [ortho] step 5049 L0 W_o off_diag=0.00 diag_dev=0.0000
    [plan-I] step 5049 W_v approx_rank=22.6 (frob=22.51 max_row=1.00)
    [ortho] step 5049 L1 W_v off_diag=0.60 diag_dev=0.0810
    [ortho] step 5049 L1 W_o off_diag=0.00 diag_dev=0.0000
    [plan-I] step 5049 W_v approx_rank=22.6 (frob=22.51 max_row=1.00)
    [ortho] step 5049 L2 W_v off_diag=0.59 diag_dev=0.0805
    [ortho] step 5049 L2 W_o off_diag=0.00 diag_dev=0.0000
    [plan-I] step 5049 W_v approx_rank=22.6 (frob=22.51 max_row=1.00)
    [ortho] step 5049 L3 W_v off_diag=0.59 diag_dev=0.0799
    [ortho] step 5049 L3 W_o off_diag=0.00 diag_dev=0.0000
    [plan-I] step 5049 W_v approx_rank=22.6 (frob=22.51 max_row=1.00)
    [ortho] step 5049 L4 W_v off_diag=0.59 diag_dev=0.0823
    [ortho] step 5049 L4 W_o off_diag=0.00 diag_dev=0.0000
    [plan-I] step 5049 W_v approx_rank=22.6 (frob=22.51 max_row=1.00)
    [ortho] step 5049 L5 W_v off_diag=0.59 diag_dev=0.0794
    [ortho] step 5049 L5 W_o off_diag=0.00 diag_dev=0.0000
  [LOGIC] loss=-1006.2003
  step  1450/2000 (global=5050)  loss=5.6706  avg=6.0578  lr=0.000019  B=32  24920ms
  [WB] boundary=92/100  core_diff=2.1956  bin_diff=0.0028  ratio=772.94  prune_act=0.0000
  [WB] structure=6/12 (50%)  opp_sim=0.081
  [WB] BOUNDARY OK | CORE>BIN OK | PRUNE silent OK
[*] stateful inference started: window=9996, sinks=4, ctx=10240
[*] sliding window configured: W=9996, sinks=4 (effective context: 10000)
  [TRACE] "小": L0[||x||=4.28 C409(+57.19--15.89) B1332(+4311.93--58.27) P307(max0.000)] L3[||x||=4.98 C409(+65.09--23.08) B1332(+4137.92--56.95) P307(max0.000)] L5[||x||=5.36 C409(+66.29--21.39) B1332(+5895.45--59.03) P307(max0.000)] | H=11.14/15 top3=232 233 234 
  [LOGIC] loss=-1006.1725
  step  1460/2000 (global=5060)  loss=5.6225  avg=6.0597  lr=0.000019  B=32  24920ms
  [WB] boundary=92/100  core_diff=2.1948  bin_diff=0.0028  ratio=791.36  prune_act=0.0000
  [WB] structure=6/12 (50%)  opp_sim=0.081
  [WB] BOUNDARY OK | CORE>BIN OK | PRUNE silent OK
  [LOGIC] loss=-1006.1036
  step  1470/2000 (global=5070)  loss=5.4443  avg=6.0766  lr=0.000018  B=32  24920ms
  [WB] boundary=92/100  core_diff=2.1951  bin_diff=0.0029  ratio=749.19  prune_act=0.0000
  [WB] structure=6/12 (50%)  opp_sim=0.080
  [WB] BOUNDARY OK | CORE>BIN OK | PRUNE silent OK
  [LOGIC] loss=-1005.9775
  step  1480/2000 (global=5080)  loss=6.1285  avg=6.0569  lr=0.000017  B=32  24921ms
  [WB] boundary=92/100  core_diff=2.1950  bin_diff=0.0030  ratio=737.18  prune_act=0.0000
  [WB] structure=6/12 (50%)  opp_sim=0.080
  [WB] BOUNDARY OK | CORE>BIN OK | PRUNE silent OK
  [LOGIC] loss=-1005.9127
  step  1490/2000 (global=5090)  loss=6.3006  avg=5.9985  lr=0.000017  B=32  24924ms
  [WB] boundary=92/100  core_diff=2.1946  bin_diff=0.0030  ratio=734.63  prune_act=0.0000
  [WB] structure=6/12 (50%)  opp_sim=0.080
  [WB] BOUNDARY OK | CORE>BIN OK | PRUNE silent OK
    [plan-I] step 5099 W_v approx_rank=22.6 (frob=22.51 max_row=1.00)
    [ortho] step 5099 L0 W_v off_diag=0.59 diag_dev=0.0812
    [ortho] step 5099 L0 W_o off_diag=0.00 diag_dev=0.0000
    [plan-I] step 5099 W_v approx_rank=22.6 (frob=22.51 max_row=1.00)
    [ortho] step 5099 L1 W_v off_diag=0.59 diag_dev=0.0802
    [ortho] step 5099 L1 W_o off_diag=0.00 diag_dev=0.0000
    [plan-I] step 5099 W_v approx_rank=22.6 (frob=22.51 max_row=1.00)
    [ortho] step 5099 L2 W_v off_diag=0.59 diag_dev=0.0814
    [ortho] step 5099 L2 W_o off_diag=0.00 diag_dev=0.0000
    [plan-I] step 5099 W_v approx_rank=22.6 (frob=22.51 max_row=1.00)
    [ortho] step 5099 L3 W_v off_diag=0.59 diag_dev=0.0818
    [ortho] step 5099 L3 W_o off_diag=0.00 diag_dev=0.0000
    [plan-I] step 5099 W_v approx_rank=22.6 (frob=22.51 max_row=1.00)
    [ortho] step 5099 L4 W_v off_diag=0.59 diag_dev=0.0788
    [ortho] step 5099 L4 W_o off_diag=0.00 diag_dev=0.0000
    [plan-I] step 5099 W_v approx_rank=22.6 (frob=22.51 max_row=1.00)
    [ortho] step 5099 L5 W_v off_diag=0.59 diag_dev=0.0821
    [ortho] step 5099 L5 W_o off_diag=0.00 diag_dev=0.0000
  [LOGIC] loss=-1005.2782
  step  1500/2000 (global=5100)  loss=5.9612  avg=5.9596  lr=0.000016  B=32  24928ms
  [WB] boundary=92/100  core_diff=2.1930  bin_diff=0.0030  ratio=734.50  prune_act=0.0000
  [WB] structure=6/12 (50%)  opp_sim=0.080
  [WB] BOUNDARY OK | CORE>BIN OK | PRUNE silent OK
[*] stateful inference started: window=9996, sinks=4, ctx=10240
[*] sliding window configured: W=9996, sinks=4 (effective context: 10000)
  [TRACE] "热": L0[||x||=4.30 C409(+353.28--15.01) B1332(+4186.37--58.54) P307(max0.000)] L3[||x||=5.00 C409(+293.52--15.47) B1332(+4006.17--56.58) P307(max0.000)] L5[||x||=5.39 C409(+264.60--17.93) B1332(+5747.01--58.16) P307(max0.000)] | H=11.12/15 top3=232 233 32705 
  [LOGIC] loss=-1004.7743
  step  1510/2000 (global=5110)  loss=5.7198  avg=5.9750  lr=0.000015  B=32  24926ms
  [WB] boundary=92/100  core_diff=2.1924  bin_diff=0.0033  ratio=670.02  prune_act=0.0000
  [WB] structure=6/12 (50%)  opp_sim=0.080
  [WB] BOUNDARY OK | CORE>BIN OK | PRUNE silent OK
  [LOGIC] loss=-1004.0748
  step  1520/2000 (global=5120)  loss=5.7429  avg=5.9550  lr=0.000015  B=32  24929ms
  [WB] boundary=92/100  core_diff=2.1908  bin_diff=0.0035  ratio=629.71  prune_act=0.0000
  [WB] structure=6/12 (50%)  opp_sim=0.080
  [WB] BOUNDARY OK | CORE>BIN OK | PRUNE silent OK
  [LOGIC] loss=-1004.1171
  step  1530/2000 (global=5130)  loss=6.9085  avg=5.9865  lr=0.000014  B=32  24926ms
  [WB] boundary=92/100  core_diff=2.1904  bin_diff=0.0035  ratio=633.41  prune_act=0.0000
  [WB] structure=6/12 (50%)  opp_sim=0.080
  [WB] BOUNDARY OK | CORE>BIN OK | PRUNE silent OK
  [LOGIC] loss=-1004.1398
  step  1540/2000 (global=5140)  loss=6.3773  avg=5.9948  lr=0.000013  B=32  24925ms
  [WB] boundary=92/100  core_diff=2.1904  bin_diff=0.0035  ratio=624.53  prune_act=0.0000
  [WB] structure=6/12 (50%)  opp_sim=0.080
  [WB] BOUNDARY OK | CORE>BIN OK | PRUNE silent OK
    [plan-I] step 5149 W_v approx_rank=22.6 (frob=22.51 max_row=1.00)
    [ortho] step 5149 L0 W_v off_diag=0.59 diag_dev=0.0808
    [ortho] step 5149 L0 W_o off_diag=0.00 diag_dev=0.0000
    [plan-I] step 5149 W_v approx_rank=22.6 (frob=22.51 max_row=1.00)
    [ortho] step 5149 L1 W_v off_diag=0.59 diag_dev=0.0824
    [ortho] step 5149 L1 W_o off_diag=0.00 diag_dev=0.0000
    [plan-I] step 5149 W_v approx_rank=22.6 (frob=22.51 max_row=1.00)
    [ortho] step 5149 L2 W_v off_diag=0.59 diag_dev=0.0802
    [ortho] step 5149 L2 W_o off_diag=0.00 diag_dev=0.0000
    [plan-I] step 5149 W_v approx_rank=22.6 (frob=22.51 max_row=1.00)
    [ortho] step 5149 L3 W_v off_diag=0.59 diag_dev=0.0807
    [ortho] step 5149 L3 W_o off_diag=0.00 diag_dev=0.0000
    [plan-I] step 5149 W_v approx_rank=22.6 (frob=22.51 max_row=1.00)
    [ortho] step 5149 L4 W_v off_diag=0.60 diag_dev=0.0816
    [ortho] step 5149 L4 W_o off_diag=0.00 diag_dev=0.0000
    [plan-I] step 5149 W_v approx_rank=22.6 (frob=22.51 max_row=1.00)
    [ortho] step 5149 L5 W_v off_diag=0.59 diag_dev=0.0809
    [ortho] step 5149 L5 W_o off_diag=0.00 diag_dev=0.0000
  [LOGIC] loss=-1003.8087
  step  1550/2000 (global=5150)  loss=6.0289  avg=6.0377  lr=0.000013  B=32  24923ms
  [WB] boundary=92/100  core_diff=2.1900  bin_diff=0.0035  ratio=627.86  prune_act=0.0000
  [WB] structure=6/12 (50%)  opp_sim=0.080
  [WB] BOUNDARY OK | CORE>BIN OK | PRUNE silent OK
[*] stateful inference started: window=9996, sinks=4, ctx=10240
[*] sliding window configured: W=9996, sinks=4 (effective context: 10000)
  [TRACE] "冷": L0[||x||=4.29 C409(+95.57--17.32) B1332(+4179.18--58.52) P307(max0.000)] L3[||x||=4.99 C409(+120.51--18.91) B1332(+4002.52--56.56) P307(max0.000)] L5[||x||=5.37 C409(+134.24--18.73) B1332(+5763.61--58.17) P307(max0.000)] | H=10.87/15 top3=232 233 234 
  [LOGIC] loss=-1004.0417
  step  1560/2000 (global=5160)  loss=4.9359  avg=6.0106  lr=0.000012  B=32  24927ms
  [WB] boundary=92/100  core_diff=2.1897  bin_diff=0.0034  ratio=636.23  prune_act=0.0000
  [WB] structure=6/12 (50%)  opp_sim=0.080
  [WB] BOUNDARY OK | CORE>BIN OK | PRUNE silent OK
  [LOGIC] loss=-1003.6677
  step  1570/2000 (global=5170)  loss=5.8999  avg=5.9854  lr=0.000012  B=32  24932ms
  [WB] boundary=92/100  core_diff=2.1884  bin_diff=0.0033  ratio=661.96  prune_act=0.0000
  [WB] structure=6/12 (50%)  opp_sim=0.080
  [WB] BOUNDARY OK | CORE>BIN OK | PRUNE silent OK
  [LOGIC] loss=-1003.5179
  step  1580/2000 (global=5180)  loss=5.4224  avg=6.0186  lr=0.000011  B=32  24934ms
  [WB] boundary=92/100  core_diff=2.1880  bin_diff=0.0033  ratio=663.64  prune_act=0.0000
  [WB] structure=6/12 (50%)  opp_sim=0.080
  [WB] BOUNDARY OK | CORE>BIN OK | PRUNE silent OK
  [LOGIC] loss=-1003.2117
  step  1590/2000 (global=5190)  loss=5.6051  avg=5.9448  lr=0.000011  B=32  24938ms
  [WB] boundary=92/100  core_diff=2.1869  bin_diff=0.0033  ratio=664.12  prune_act=0.0000
  [WB] structure=6/12 (50%)  opp_sim=0.080
  [WB] BOUNDARY OK | CORE>BIN OK | PRUNE silent OK
    [plan-I] step 5199 W_v approx_rank=22.5 (frob=22.51 max_row=1.00)
    [ortho] step 5199 L0 W_v off_diag=0.59 diag_dev=0.0823
    [ortho] step 5199 L0 W_o off_diag=0.00 diag_dev=0.0000
    [plan-I] step 5199 W_v approx_rank=22.6 (frob=22.51 max_row=1.00)
    [ortho] step 5199 L1 W_v off_diag=0.59 diag_dev=0.0812
    [ortho] step 5199 L1 W_o off_diag=0.00 diag_dev=0.0000
    [plan-I] step 5199 W_v approx_rank=22.6 (frob=22.51 max_row=1.00)
    [ortho] step 5199 L2 W_v off_diag=0.59 diag_dev=0.0813
    [ortho] step 5199 L2 W_o off_diag=0.00 diag_dev=0.0000
    [plan-I] step 5199 W_v approx_rank=22.6 (frob=22.51 max_row=1.00)
    [ortho] step 5199 L3 W_v off_diag=0.59 diag_dev=0.0815
    [ortho] step 5199 L3 W_o off_diag=0.00 diag_dev=0.0000
    [plan-I] step 5199 W_v approx_rank=22.6 (frob=22.51 max_row=1.00)
    [ortho] step 5199 L4 W_v off_diag=0.59 diag_dev=0.0814
    [ortho] step 5199 L4 W_o off_diag=0.00 diag_dev=0.0000
    [plan-I] step 5199 W_v approx_rank=22.6 (frob=22.51 max_row=1.00)
    [ortho] step 5199 L5 W_v off_diag=0.59 diag_dev=0.0817
    [ortho] step 5199 L5 W_o off_diag=0.00 diag_dev=0.0000
  [LOGIC] loss=-1002.7825
  step  1600/2000 (global=5200)  loss=6.6341  avg=5.9797  lr=0.000010  B=32  24938ms
  [WB] boundary=92/100  core_diff=2.1859  bin_diff=0.0032  ratio=672.79  prune_act=0.0000
  [WB] structure=6/12 (50%)  opp_sim=0.080
  [WB] BOUNDARY OK | CORE>BIN OK | PRUNE silent OK
[*] stateful inference started: window=9996, sinks=4, ctx=10240
[*] sliding window configured: W=9996, sinks=4 (effective context: 10000)
  [TRACE] "火": L0[||x||=4.27 C409(+132.62--26.31) B1332(+4239.90--57.61) P307(max0.000)] L3[||x||=4.98 C409(+143.77--29.59) B1332(+4072.65--56.55) P307(max0.000)] L5[||x||=5.37 C409(+128.32--28.40) B1332(+5830.37--58.68) P307(max0.000)] | H=10.94/15 top3=232 233 234 
  [LOGIC] loss=-1002.6607
  step  1610/2000 (global=5210)  loss=6.1698  avg=5.9165  lr=0.000010  B=32  24941ms
  [WB] boundary=92/100  core_diff=2.1850  bin_diff=0.0033  ratio=658.01  prune_act=0.0000
  [WB] structure=6/12 (50%)  opp_sim=0.080
  [WB] BOUNDARY OK | CORE>BIN OK | PRUNE silent OK
  [LOGIC] loss=-1002.6911
  step  1620/2000 (global=5220)  loss=6.2692  avg=5.9029  lr=0.000009  B=32  24944ms
  [WB] boundary=92/100  core_diff=2.1841  bin_diff=0.0033  ratio=658.86  prune_act=0.0000
  [WB] structure=6/12 (50%)  opp_sim=0.080
  [WB] BOUNDARY OK | CORE>BIN OK | PRUNE silent OK
  [LOGIC] loss=-1002.6393
  step  1630/2000 (global=5230)  loss=6.1282  avg=5.9584  lr=0.000009  B=32  24946ms
  [WB] boundary=92/100  core_diff=2.1837  bin_diff=0.0034  ratio=651.60  prune_act=0.0000
  [WB] structure=6/12 (50%)  opp_sim=0.080
  [WB] BOUNDARY OK | CORE>BIN OK | PRUNE silent OK
  [LOGIC] loss=-1002.3351
  step  1640/2000 (global=5240)  loss=5.2883  avg=5.9743  lr=0.000008  B=32  24946ms
  [WB] boundary=92/100  core_diff=2.1831  bin_diff=0.0032  ratio=679.41  prune_act=0.0000
  [WB] structure=6/12 (50%)  opp_sim=0.080
  [WB] BOUNDARY OK | CORE>BIN OK | PRUNE silent OK
    [plan-I] step 5249 W_v approx_rank=22.6 (frob=22.51 max_row=1.00)
    [ortho] step 5249 L0 W_v off_diag=0.59 diag_dev=0.0812
    [ortho] step 5249 L0 W_o off_diag=0.00 diag_dev=0.0000
    [plan-I] step 5249 W_v approx_rank=22.6 (frob=22.51 max_row=1.00)
    [ortho] step 5249 L1 W_v off_diag=0.59 diag_dev=0.0830
    [ortho] step 5249 L1 W_o off_diag=0.00 diag_dev=0.0000
    [plan-I] step 5249 W_v approx_rank=22.6 (frob=22.51 max_row=1.00)
    [ortho] step 5249 L2 W_v off_diag=0.59 diag_dev=0.0816
    [ortho] step 5249 L2 W_o off_diag=0.00 diag_dev=0.0000
    [plan-I] step 5249 W_v approx_rank=22.6 (frob=22.51 max_row=1.00)
    [ortho] step 5249 L3 W_v off_diag=0.59 diag_dev=0.0816
    [ortho] step 5249 L3 W_o off_diag=0.00 diag_dev=0.0000
    [plan-I] step 5249 W_v approx_rank=22.6 (frob=22.50 max_row=1.00)
    [ortho] step 5249 L4 W_v off_diag=0.59 diag_dev=0.0840
    [ortho] step 5249 L4 W_o off_diag=0.00 diag_dev=0.0000
    [plan-I] step 5249 W_v approx_rank=22.6 (frob=22.51 max_row=1.00)
    [ortho] step 5249 L5 W_v off_diag=0.59 diag_dev=0.0813
    [ortho] step 5249 L5 W_o off_diag=0.00 diag_dev=0.0000
  [LOGIC] loss=-1002.1417
  step  1650/2000 (global=5250)  loss=5.9618  avg=6.0301  lr=0.000008  B=32  24948ms
  [WB] boundary=92/100  core_diff=2.1823  bin_diff=0.0031  ratio=695.18  prune_act=0.0000
  [WB] structure=6/12 (50%)  opp_sim=0.080
  [WB] BOUNDARY OK | CORE>BIN OK | PRUNE silent OK
[*] stateful inference started: window=9996, sinks=4, ctx=10240
[*] sliding window configured: W=9996, sinks=4 (effective context: 10000)
  [TRACE] "水": L0[||x||=4.37 C409(+125.55--22.04) B1332(+4139.24--58.48) P307(max0.000)] L3[||x||=5.07 C409(+117.80--25.74) B1332(+3993.18--56.34) P307(max0.000)] L5[||x||=5.44 C409(+115.72--25.92) B1332(+5748.16--58.47) P307(max0.000)] | H=10.88/15 top3=232 32705 176 
  [LOGIC] loss=-1002.2266
  step  1660/2000 (global=5260)  loss=4.9034  avg=6.0478  lr=0.000007  B=32  24948ms
  [WB] boundary=92/100  core_diff=2.1819  bin_diff=0.0031  ratio=697.50  prune_act=0.0000
  [WB] structure=6/12 (50%)  opp_sim=0.080
  [WB] BOUNDARY OK | CORE>BIN OK | PRUNE silent OK
  [LOGIC] loss=-1002.0063
  step  1670/2000 (global=5270)  loss=5.7515  avg=6.0438  lr=0.000007  B=32  24952ms
  [WB] boundary=92/100  core_diff=2.1810  bin_diff=0.0031  ratio=696.89  prune_act=0.0000
  [WB] structure=6/12 (50%)  opp_sim=0.080
  [WB] BOUNDARY OK | CORE>BIN OK | PRUNE silent OK
  [LOGIC] loss=-1001.8701
  step  1680/2000 (global=5280)  loss=5.9065  avg=6.0255  lr=0.000007  B=32  24953ms
  [WB] boundary=92/100  core_diff=2.1809  bin_diff=0.0031  ratio=705.05  prune_act=0.0000
  [WB] structure=6/12 (50%)  opp_sim=0.080
  [WB] BOUNDARY OK | CORE>BIN OK | PRUNE silent OK
  [LOGIC] loss=-1001.5367
  step  1690/2000 (global=5290)  loss=6.1623  avg=6.0350  lr=0.000006  B=32  24954ms
  [WB] boundary=92/100  core_diff=2.1800  bin_diff=0.0031  ratio=698.66  prune_act=0.0000
  [WB] structure=6/12 (50%)  opp_sim=0.080
  [WB] BOUNDARY OK | CORE>BIN OK | PRUNE silent OK
    [plan-I] step 5299 W_v approx_rank=22.6 (frob=22.51 max_row=1.00)
    [ortho] step 5299 L0 W_v off_diag=0.59 diag_dev=0.0838
    [ortho] step 5299 L0 W_o off_diag=0.00 diag_dev=0.0000
    [plan-I] step 5299 W_v approx_rank=22.6 (frob=22.51 max_row=1.00)
    [ortho] step 5299 L1 W_v off_diag=0.59 diag_dev=0.0834
    [ortho] step 5299 L1 W_o off_diag=0.00 diag_dev=0.0000
    [plan-I] step 5299 W_v approx_rank=22.6 (frob=22.51 max_row=1.00)
    [ortho] step 5299 L2 W_v off_diag=0.59 diag_dev=0.0790
    [ortho] step 5299 L2 W_o off_diag=0.00 diag_dev=0.0000
    [plan-I] step 5299 W_v approx_rank=22.6 (frob=22.51 max_row=1.00)
    [ortho] step 5299 L3 W_v off_diag=0.59 diag_dev=0.0824
    [ortho] step 5299 L3 W_o off_diag=0.00 diag_dev=0.0000
    [plan-I] step 5299 W_v approx_rank=22.6 (frob=22.51 max_row=1.00)
    [ortho] step 5299 L4 W_v off_diag=0.59 diag_dev=0.0817
    [ortho] step 5299 L4 W_o off_diag=0.00 diag_dev=0.0000
    [plan-I] step 5299 W_v approx_rank=22.5 (frob=22.50 max_row=1.00)
    [ortho] step 5299 L5 W_v off_diag=0.59 diag_dev=0.0843
    [ortho] step 5299 L5 W_o off_diag=0.00 diag_dev=0.0000
  [LOGIC] loss=-1001.5053
  step  1700/2000 (global=5300)  loss=6.2700  avg=5.9857  lr=0.000006  B=32  24956ms
  [WB] boundary=92/100  core_diff=2.1793  bin_diff=0.0032  ratio=688.69  prune_act=0.0000
  [WB] structure=6/12 (50%)  opp_sim=0.080
  [WB] BOUNDARY OK | CORE>BIN OK | PRUNE silent OK
[*] stateful inference started: window=9996, sinks=4, ctx=10240
[*] sliding window configured: W=9996, sinks=4 (effective context: 10000)
  [TRACE] "大": L0[||x||=4.58 C409(+316.86--18.56) B1332(+4288.66--58.21) P307(max0.000)] L3[||x||=5.26 C409(+283.04--18.16) B1332(+4135.43--56.91) P307(max0.000)] L5[||x||=5.62 C409(+261.70--21.30) B1332(+5926.91--58.96) P307(max0.000)] | H=7.72/15 top3=232 32705 176 
  [LOGIC] loss=-1001.2246
  step  1710/2000 (global=5310)  loss=6.3265  avg=6.0159  lr=0.000005  B=32  24956ms
  [WB] boundary=92/100  core_diff=2.1786  bin_diff=0.0032  ratio=681.30  prune_act=0.0000
  [WB] structure=6/12 (50%)  opp_sim=0.080
  [WB] BOUNDARY OK | CORE>BIN OK | PRUNE silent OK
  [LOGIC] loss=-1000.9311
  step  1720/2000 (global=5320)  loss=6.1009  avg=5.9964  lr=0.000005  B=32  24955ms
  [WB] boundary=92/100  core_diff=2.1783  bin_diff=0.0032  ratio=676.76  prune_act=0.0000
  [WB] structure=6/12 (50%)  opp_sim=0.080
  [WB] BOUNDARY OK | CORE>BIN OK | PRUNE silent OK
  [LOGIC] loss=-1001.0446
  step  1730/2000 (global=5330)  loss=5.4023  avg=5.9942  lr=0.000005  B=32  24954ms
  [WB] boundary=92/100  core_diff=2.1780  bin_diff=0.0032  ratio=682.73  prune_act=0.0000
  [WB] structure=6/12 (50%)  opp_sim=0.080
  [WB] BOUNDARY OK | CORE>BIN OK | PRUNE silent OK
  [LOGIC] loss=-1000.9121
  step  1740/2000 (global=5340)  loss=6.7722  avg=6.0098  lr=0.000004  B=32  24952ms
  [WB] boundary=92/100  core_diff=2.1773  bin_diff=0.0032  ratio=670.30  prune_act=0.0000
  [WB] structure=6/12 (50%)  opp_sim=0.080
  [WB] BOUNDARY OK | CORE>BIN OK | PRUNE silent OK
    [plan-I] step 5349 W_v approx_rank=22.6 (frob=22.51 max_row=1.00)
    [ortho] step 5349 L0 W_v off_diag=0.59 diag_dev=0.0841
    [ortho] step 5349 L0 W_o off_diag=0.00 diag_dev=0.0000
    [plan-I] step 5349 W_v approx_rank=22.6 (frob=22.51 max_row=1.00)
    [ortho] step 5349 L1 W_v off_diag=0.59 diag_dev=0.0817
    [ortho] step 5349 L1 W_o off_diag=0.00 diag_dev=0.0000
    [plan-I] step 5349 W_v approx_rank=22.6 (frob=22.51 max_row=1.00)
    [ortho] step 5349 L2 W_v off_diag=0.59 diag_dev=0.0810
    [ortho] step 5349 L2 W_o off_diag=0.00 diag_dev=0.0000
    [plan-I] step 5349 W_v approx_rank=22.6 (frob=22.50 max_row=1.00)
    [ortho] step 5349 L3 W_v off_diag=0.59 diag_dev=0.0850
    [ortho] step 5349 L3 W_o off_diag=0.00 diag_dev=0.0000
    [plan-I] step 5349 W_v approx_rank=22.5 (frob=22.51 max_row=1.00)
    [ortho] step 5349 L4 W_v off_diag=0.59 diag_dev=0.0831
    [ortho] step 5349 L4 W_o off_diag=0.00 diag_dev=0.0000
    [plan-I] step 5349 W_v approx_rank=22.6 (frob=22.51 max_row=1.00)
    [ortho] step 5349 L5 W_v off_diag=0.59 diag_dev=0.0824
    [ortho] step 5349 L5 W_o off_diag=0.00 diag_dev=0.0000
  [LOGIC] loss=-1000.8121
  step  1750/2000 (global=5350)  loss=5.7668  avg=6.0184  lr=0.000004  B=32  24952ms
  [WB] boundary=92/100  core_diff=2.1767  bin_diff=0.0033  ratio=653.97  prune_act=0.0000
  [WB] structure=6/12 (50%)  opp_sim=0.080
  [WB] BOUNDARY OK | CORE>BIN OK | PRUNE silent OK
[*] stateful inference started: window=9996, sinks=4, ctx=10240
[*] sliding window configured: W=9996, sinks=4 (effective context: 10000)
  [TRACE] "小": L0[||x||=4.28 C409(+56.55--15.89) B1332(+4282.14--58.17) P307(max0.000)] L3[||x||=5.00 C409(+64.34--21.99) B1332(+4126.21--56.87) P307(max0.000)] L5[||x||=5.39 C409(+64.93--20.25) B1332(+5904.99--58.90) P307(max0.000)] | H=11.34/15 top3=232 233 234 
  [LOGIC] loss=-1001.0027
  step  1760/2000 (global=5360)  loss=5.6402  avg=6.0508  lr=0.000004  B=32  24950ms
  [WB] boundary=92/100  core_diff=2.1770  bin_diff=0.0033  ratio=651.66  prune_act=0.0000
  [WB] structure=6/12 (50%)  opp_sim=0.080
  [WB] BOUNDARY OK | CORE>BIN OK | PRUNE silent OK
  [LOGIC] loss=-1000.8167
  step  1770/2000 (global=5370)  loss=6.7029  avg=6.0638  lr=0.000003  B=32  24946ms
  [WB] boundary=92/100  core_diff=2.1768  bin_diff=0.0034  ratio=640.22  prune_act=0.0000
  [WB] structure=6/12 (50%)  opp_sim=0.080
  [WB] BOUNDARY OK | CORE>BIN OK | PRUNE silent OK
  [LOGIC] loss=-1000.7853
  step  1780/2000 (global=5380)  loss=6.5346  avg=6.0755  lr=0.000003  B=32  24948ms
  [WB] boundary=92/100  core_diff=2.1762  bin_diff=0.0034  ratio=639.63  prune_act=0.0000
  [WB] structure=6/12 (50%)  opp_sim=0.080
  [WB] BOUNDARY OK | CORE>BIN OK | PRUNE silent OK
  [LOGIC] loss=-1000.4979
  step  1790/2000 (global=5390)  loss=6.8499  avg=6.1006  lr=0.000003  B=32  24947ms
  [WB] boundary=92/100  core_diff=2.1756  bin_diff=0.0034  ratio=632.00  prune_act=0.0000
  [WB] structure=6/12 (50%)  opp_sim=0.080
  [WB] BOUNDARY OK | CORE>BIN OK | PRUNE silent OK
    [plan-I] step 5399 W_v approx_rank=22.6 (frob=22.51 max_row=1.00)
    [ortho] step 5399 L0 W_v off_diag=0.59 diag_dev=0.0822
    [ortho] step 5399 L0 W_o off_diag=0.00 diag_dev=0.0000
    [plan-I] step 5399 W_v approx_rank=22.6 (frob=22.51 max_row=1.00)
    [ortho] step 5399 L1 W_v off_diag=0.59 diag_dev=0.0829
    [ortho] step 5399 L1 W_o off_diag=0.00 diag_dev=0.0000
    [plan-I] step 5399 W_v approx_rank=22.6 (frob=22.51 max_row=1.00)
    [ortho] step 5399 L2 W_v off_diag=0.59 diag_dev=0.0838
    [ortho] step 5399 L2 W_o off_diag=0.00 diag_dev=0.0000
    [plan-I] step 5399 W_v approx_rank=22.6 (frob=22.51 max_row=1.00)
    [ortho] step 5399 L3 W_v off_diag=0.59 diag_dev=0.0829
    [ortho] step 5399 L3 W_o off_diag=0.00 diag_dev=0.0000
    [plan-I] step 5399 W_v approx_rank=22.6 (frob=22.51 max_row=1.00)
    [ortho] step 5399 L4 W_v off_diag=0.59 diag_dev=0.0820
    [ortho] step 5399 L4 W_o off_diag=0.00 diag_dev=0.0000
    [plan-I] step 5399 W_v approx_rank=22.6 (frob=22.50 max_row=1.00)
    [ortho] step 5399 L5 W_v off_diag=0.59 diag_dev=0.0844
    [ortho] step 5399 L5 W_o off_diag=0.00 diag_dev=0.0000
  [LOGIC] loss=-1000.3460
  step  1800/2000 (global=5400)  loss=5.9774  avg=6.1174  lr=0.000003  B=32  24944ms
  [WB] boundary=92/100  core_diff=2.1752  bin_diff=0.0035  ratio=625.63  prune_act=0.0000
  [WB] structure=6/12 (50%)  opp_sim=0.080
  [WB] BOUNDARY OK | CORE>BIN OK | PRUNE silent OK
[*] stateful inference started: window=9996, sinks=4, ctx=10240
[*] sliding window configured: W=9996, sinks=4 (effective context: 10000)
  [TRACE] "热": L0[||x||=4.30 C409(+351.36--15.16) B1332(+4162.55--58.48) P307(max0.000)] L3[||x||=5.02 C409(+288.34--15.92) B1332(+3999.87--56.49) P307(max0.000)] L5[||x||=5.42 C409(+259.20--18.65) B1332(+5758.68--58.07) P307(max0.000)] | H=11.37/15 top3=232 233 32705 
  [LOGIC] loss=-999.9742
  step  1810/2000 (global=5410)  loss=5.4033  avg=6.0727  lr=0.000002  B=32  24945ms
  [WB] boundary=92/100  core_diff=2.1746  bin_diff=0.0035  ratio=630.12  prune_act=0.0000
  [WB] structure=6/12 (50%)  opp_sim=0.080
  [WB] BOUNDARY OK | CORE>BIN OK | PRUNE silent OK
  [LOGIC] loss=-999.9277
  step  1820/2000 (global=5420)  loss=5.6742  avg=6.0942  lr=0.000002  B=32  24945ms
  [WB] boundary=92/100  core_diff=2.1747  bin_diff=0.0035  ratio=620.38  prune_act=0.0000
  [WB] structure=6/12 (50%)  opp_sim=0.080
  [WB] BOUNDARY OK | CORE>BIN OK | PRUNE silent OK
  [LOGIC] loss=-999.6302
  step  1830/2000 (global=5430)  loss=6.2886  avg=6.0875  lr=0.000002  B=32  24944ms
  [WB] boundary=92/100  core_diff=2.1741  bin_diff=0.0036  ratio=610.08  prune_act=0.0000
  [WB] structure=6/12 (50%)  opp_sim=0.080
  [WB] BOUNDARY OK | CORE>BIN OK | PRUNE silent OK
  [LOGIC] loss=-999.5854
  step  1840/2000 (global=5440)  loss=6.8532  avg=6.1000  lr=0.000002  B=32  24946ms
  [WB] boundary=92/100  core_diff=2.1733  bin_diff=0.0036  ratio=602.16  prune_act=0.0000
  [WB] structure=6/12 (50%)  opp_sim=0.080
  [WB] BOUNDARY OK | CORE>BIN OK | PRUNE silent OK
    [plan-I] step 5449 W_v approx_rank=22.6 (frob=22.50 max_row=1.00)
    [ortho] step 5449 L0 W_v off_diag=0.59 diag_dev=0.0830
    [ortho] step 5449 L0 W_o off_diag=0.00 diag_dev=0.0000
    [plan-I] step 5449 W_v approx_rank=22.6 (frob=22.50 max_row=1.00)
    [ortho] step 5449 L1 W_v off_diag=0.59 diag_dev=0.0832
    [ortho] step 5449 L1 W_o off_diag=0.00 diag_dev=0.0000
    [plan-I] step 5449 W_v approx_rank=22.6 (frob=22.51 max_row=1.00)
    [ortho] step 5449 L2 W_v off_diag=0.59 diag_dev=0.0824
    [ortho] step 5449 L2 W_o off_diag=0.00 diag_dev=0.0000
    [plan-I] step 5449 W_v approx_rank=22.6 (frob=22.51 max_row=1.00)
    [ortho] step 5449 L3 W_v off_diag=0.59 diag_dev=0.0821
    [ortho] step 5449 L3 W_o off_diag=0.00 diag_dev=0.0000
    [plan-I] step 5449 W_v approx_rank=22.6 (frob=22.50 max_row=1.00)
    [ortho] step 5449 L4 W_v off_diag=0.59 diag_dev=0.0841
    [ortho] step 5449 L4 W_o off_diag=0.00 diag_dev=0.0000
    [plan-I] step 5449 W_v approx_rank=22.6 (frob=22.50 max_row=1.00)
    [ortho] step 5449 L5 W_v off_diag=0.59 diag_dev=0.0838
    [ortho] step 5449 L5 W_o off_diag=0.00 diag_dev=0.0000
  [LOGIC] loss=-999.2754
  step  1850/2000 (global=5450)  loss=5.5607  avg=6.0494  lr=0.000001  B=32  24945ms
  [WB] boundary=92/100  core_diff=2.1728  bin_diff=0.0037  ratio=595.19  prune_act=0.0000
  [WB] structure=6/12 (50%)  opp_sim=0.080
  [WB] BOUNDARY OK | CORE>BIN OK | PRUNE silent OK
[*] stateful inference started: window=9996, sinks=4, ctx=10240
[*] sliding window configured: W=9996, sinks=4 (effective context: 10000)
  [TRACE] "冷": L0[||x||=4.29 C409(+94.76--17.83) B1332(+4169.73--58.48) P307(max0.000)] L3[||x||=5.00 C409(+119.65--19.82) B1332(+4012.21--56.51) P307(max0.000)] L5[||x||=5.39 C409(+130.76--20.12) B1332(+5790.24--58.14) P307(max0.000)] | H=11.08/15 top3=232 233 234 
  [LOGIC] loss=-999.1837
  step  1860/2000 (global=5460)  loss=5.9135  avg=6.0862  lr=0.000001  B=32  24943ms
  [WB] boundary=92/100  core_diff=2.1722  bin_diff=0.0037  ratio=586.77  prune_act=0.0000
  [WB] structure=6/12 (50%)  opp_sim=0.080
  [WB] BOUNDARY OK | CORE>BIN OK | PRUNE silent OK
  [LOGIC] loss=-998.8680
  step  1870/2000 (global=5470)  loss=5.7642  avg=6.1071  lr=0.000001  B=32  24944ms
  [WB] boundary=92/100  core_diff=2.1718  bin_diff=0.0038  ratio=574.72  prune_act=0.0000
  [WB] structure=6/12 (50%)  opp_sim=0.080
  [WB] BOUNDARY OK | CORE>BIN OK | PRUNE silent OK
  [LOGIC] loss=-998.6655
  step  1880/2000 (global=5480)  loss=5.9207  avg=6.1067  lr=0.000001  B=32  24947ms
  [WB] boundary=92/100  core_diff=2.1714  bin_diff=0.0038  ratio=566.10  prune_act=0.0000
  [WB] structure=6/12 (50%)  opp_sim=0.080
  [WB] BOUNDARY OK | CORE>BIN OK | PRUNE silent OK
  [LOGIC] loss=-998.3858
  step  1890/2000 (global=5490)  loss=5.6270  avg=6.1196  lr=0.000001  B=32  24948ms
  [WB] boundary=92/100  core_diff=2.1704  bin_diff=0.0039  ratio=562.50  prune_act=0.0000
  [WB] structure=6/12 (50%)  opp_sim=0.080
  [WB] BOUNDARY OK | CORE>BIN OK | PRUNE silent OK
    [plan-I] step 5499 W_v approx_rank=22.6 (frob=22.51 max_row=1.00)
    [ortho] step 5499 L0 W_v off_diag=0.59 diag_dev=0.0814
    [ortho] step 5499 L0 W_o off_diag=0.00 diag_dev=0.0000
    [plan-I] step 5499 W_v approx_rank=22.5 (frob=22.51 max_row=1.00)
    [ortho] step 5499 L1 W_v off_diag=0.59 diag_dev=0.0820
    [ortho] step 5499 L1 W_o off_diag=0.00 diag_dev=0.0000
    [plan-I] step 5499 W_v approx_rank=22.6 (frob=22.50 max_row=1.00)
    [ortho] step 5499 L2 W_v off_diag=0.59 diag_dev=0.0840
    [ortho] step 5499 L2 W_o off_diag=0.00 diag_dev=0.0000
    [plan-I] step 5499 W_v approx_rank=22.6 (frob=22.51 max_row=1.00)
    [ortho] step 5499 L3 W_v off_diag=0.59 diag_dev=0.0831
    [ortho] step 5499 L3 W_o off_diag=0.00 diag_dev=0.0000
    [plan-I] step 5499 W_v approx_rank=22.6 (frob=22.50 max_row=1.00)
    [ortho] step 5499 L4 W_v off_diag=0.60 diag_dev=0.0838
    [ortho] step 5499 L4 W_o off_diag=0.00 diag_dev=0.0000
    [plan-I] step 5499 W_v approx_rank=22.6 (frob=22.50 max_row=1.00)
    [ortho] step 5499 L5 W_v off_diag=0.59 diag_dev=0.0837
    [ortho] step 5499 L5 W_o off_diag=0.00 diag_dev=0.0000
  [LOGIC] loss=-998.4423
  step  1900/2000 (global=5500)  loss=6.1524  avg=6.0976  lr=0.000001  B=32  24948ms
  [WB] boundary=92/100  core_diff=2.1700  bin_diff=0.0039  ratio=561.66  prune_act=0.0000
  [WB] structure=6/12 (50%)  opp_sim=0.080
  [WB] BOUNDARY OK | CORE>BIN OK | PRUNE silent OK
[*] stateful inference started: window=9996, sinks=4, ctx=10240
[*] sliding window configured: W=9996, sinks=4 (effective context: 10000)
  [TRACE] "火": L0[||x||=4.27 C409(+130.91--26.35) B1332(+4233.95--57.60) P307(max0.000)] L3[||x||=4.99 C409(+140.95--29.48) B1332(+4080.91--56.47) P307(max0.000)] L5[||x||=5.37 C409(+125.11--28.16) B1332(+5849.76--58.64) P307(max0.000)] | H=11.20/15 top3=232 233 234 
  [LOGIC] loss=-998.3610
  step  1910/2000 (global=5510)  loss=5.0806  avg=6.0401  lr=0.000001  B=32  24952ms
  [WB] boundary=92/100  core_diff=2.1695  bin_diff=0.0039  ratio=559.23  prune_act=0.0000
  [WB] structure=6/12 (50%)  opp_sim=0.080
  [WB] BOUNDARY OK | CORE>BIN OK | PRUNE silent OK
  [LOGIC] loss=-998.1324
  step  1920/2000 (global=5520)  loss=5.7898  avg=6.0408  lr=0.000000  B=32  24954ms
  [WB] boundary=92/100  core_diff=2.1689  bin_diff=0.0039  ratio=557.27  prune_act=0.0000
  [WB] structure=6/12 (50%)  opp_sim=0.080
  [WB] BOUNDARY OK | CORE>BIN OK | PRUNE silent OK
  [LOGIC] loss=-997.6799
  step  1930/2000 (global=5530)  loss=5.4569  avg=5.9713  lr=0.000000  B=32  24952ms
  [WB] boundary=92/100  core_diff=2.1685  bin_diff=0.0040  ratio=548.95  prune_act=0.0000
  [WB] structure=6/12 (50%)  opp_sim=0.080
  [WB] BOUNDARY OK | CORE>BIN OK | PRUNE silent OK
  [LOGIC] loss=-997.4984
  step  1940/2000 (global=5540)  loss=5.6655  avg=5.9689  lr=0.000000  B=32  24951ms
  [WB] boundary=92/100  core_diff=2.1677  bin_diff=0.0040  ratio=547.14  prune_act=0.0000
  [WB] structure=6/12 (50%)  opp_sim=0.080
  [WB] BOUNDARY OK | CORE>BIN OK | PRUNE silent OK
    [plan-I] step 5549 W_v approx_rank=22.6 (frob=22.51 max_row=1.00)
    [ortho] step 5549 L0 W_v off_diag=0.59 diag_dev=0.0836
    [ortho] step 5549 L0 W_o off_diag=0.00 diag_dev=0.0000
    [plan-I] step 5549 W_v approx_rank=22.6 (frob=22.51 max_row=1.00)
    [ortho] step 5549 L1 W_v off_diag=0.59 diag_dev=0.0831
    [ortho] step 5549 L1 W_o off_diag=0.00 diag_dev=0.0000
    [plan-I] step 5549 W_v approx_rank=22.6 (frob=22.51 max_row=1.00)
    [ortho] step 5549 L2 W_v off_diag=0.59 diag_dev=0.0819
    [ortho] step 5549 L2 W_o off_diag=0.00 diag_dev=0.0000
    [plan-I] step 5549 W_v approx_rank=22.6 (frob=22.51 max_row=1.00)
    [ortho] step 5549 L3 W_v off_diag=0.59 diag_dev=0.0815
    [ortho] step 5549 L3 W_o off_diag=0.00 diag_dev=0.0000
    [plan-I] step 5549 W_v approx_rank=22.6 (frob=22.51 max_row=1.00)
    [ortho] step 5549 L4 W_v off_diag=0.59 diag_dev=0.0824
    [ortho] step 5549 L4 W_o off_diag=0.00 diag_dev=0.0000
    [plan-I] step 5549 W_v approx_rank=22.6 (frob=22.51 max_row=1.00)
    [ortho] step 5549 L5 W_v off_diag=0.59 diag_dev=0.0826
    [ortho] step 5549 L5 W_o off_diag=0.00 diag_dev=0.0000
  [LOGIC] loss=-997.3394
  step  1950/2000 (global=5550)  loss=5.9857  avg=5.9556  lr=0.000000  B=32  24951ms
  [WB] boundary=92/100  core_diff=2.1669  bin_diff=0.0040  ratio=539.71  prune_act=0.0000
  [WB] structure=6/12 (50%)  opp_sim=0.080
  [WB] BOUNDARY OK | CORE>BIN OK | PRUNE silent OK
[*] stateful inference started: window=9996, sinks=4, ctx=10240
[*] sliding window configured: W=9996, sinks=4 (effective context: 10000)
  [TRACE] "水": L0[||x||=4.36 C409(+124.30--22.02) B1332(+4138.52--58.45) P307(max0.000)] L3[||x||=5.07 C409(+117.06--25.83) B1332(+4001.85--56.32) P307(max0.000)] L5[||x||=5.45 C409(+115.80--25.87) B1332(+5766.44--58.50) P307(max0.000)] | H=11.10/15 top3=232 32705 233 
  [LOGIC] loss=-996.8906
  step  1960/2000 (global=5560)  loss=6.7643  avg=6.0062  lr=0.000000  B=32  24949ms
  [WB] boundary=92/100  core_diff=2.1661  bin_diff=0.0040  ratio=542.40  prune_act=0.0000
  [WB] structure=6/12 (50%)  opp_sim=0.080
  [WB] BOUNDARY OK | CORE>BIN OK | PRUNE silent OK
  [LOGIC] loss=-996.4199
  step  1970/2000 (global=5570)  loss=5.7828  avg=6.0211  lr=0.000000  B=32  24949ms
  [WB] boundary=92/100  core_diff=2.1656  bin_diff=0.0040  ratio=544.04  prune_act=0.0000
  [WB] structure=6/12 (50%)  opp_sim=0.080
  [WB] BOUNDARY OK | CORE>BIN OK | PRUNE silent OK
  [LOGIC] loss=-996.3209
  step  1980/2000 (global=5580)  loss=5.5538  avg=5.9981  lr=0.000000  B=32  24948ms
  [WB] boundary=92/100  core_diff=2.1652  bin_diff=0.0040  ratio=539.60  prune_act=0.0000
  [WB] structure=6/12 (50%)  opp_sim=0.080
  [WB] BOUNDARY OK | CORE>BIN OK | PRUNE silent OK
  [LOGIC] loss=-996.0889
  step  1990/2000 (global=5590)  loss=6.6786  avg=6.0508  lr=0.000000  B=32  24949ms
  [WB] boundary=92/100  core_diff=2.1649  bin_diff=0.0040  ratio=542.17  prune_act=0.0000
  [WB] structure=6/12 (50%)  opp_sim=0.080
  [WB] BOUNDARY OK | CORE>BIN OK | PRUNE silent OK
    [plan-I] step 5599 W_v approx_rank=22.6 (frob=22.50 max_row=1.00)
    [ortho] step 5599 L0 W_v off_diag=0.59 diag_dev=0.0841
    [ortho] step 5599 L0 W_o off_diag=0.00 diag_dev=0.0000
    [plan-I] step 5599 W_v approx_rank=22.6 (frob=22.51 max_row=1.00)
    [ortho] step 5599 L1 W_v off_diag=0.59 diag_dev=0.0836
    [ortho] step 5599 L1 W_o off_diag=0.00 diag_dev=0.0000
    [plan-I] step 5599 W_v approx_rank=22.6 (frob=22.50 max_row=1.00)
    [ortho] step 5599 L2 W_v off_diag=0.59 diag_dev=0.0828
    [ortho] step 5599 L2 W_o off_diag=0.00 diag_dev=0.0000
    [plan-I] step 5599 W_v approx_rank=22.6 (frob=22.51 max_row=1.00)
    [ortho] step 5599 L3 W_v off_diag=0.59 diag_dev=0.0815
    [ortho] step 5599 L3 W_o off_diag=0.00 diag_dev=0.0000
    [plan-I] step 5599 W_v approx_rank=22.6 (frob=22.51 max_row=1.00)
    [ortho] step 5599 L4 W_v off_diag=0.59 diag_dev=0.0822
    [ortho] step 5599 L4 W_o off_diag=0.00 diag_dev=0.0000
    [plan-I] step 5599 W_v approx_rank=22.6 (frob=22.51 max_row=1.00)
    [ortho] step 5599 L5 W_v off_diag=0.60 diag_dev=0.0797
    [ortho] step 5599 L5 W_o off_diag=0.00 diag_dev=0.0000
  step  1999/2000 (global=5599)  loss=6.2561  avg=6.0710  lr=0.000000  B=32  24948ms

[*] STE training done in 49896.3s (24948.1 ms/step)
[*] Best recent loss: 5.7805

[*] Saving trained weights to model_v13d.ste...
[*] Saved 163867672 bytes
=== Post-Training Whitebox Analysis (surface) ===

=== LAL Whitebox Probe (step checkpoint) ===
Model: 6L, 512 embd, 2048 mlp

--- Embedding Concept Boundary ---

        热  冷  大  小  上  下  亮  暗  重  轻  快  慢  湿  干
  热  +1.00 -0.02 -0.07 -0.04 -0.06 +0.06 +0.04 +0.03 +0.09 -0.12 -0.01 +0.03 +0.03 -0.02
  冷  -0.02 +1.00 +0.04 +0.06 -0.02 +0.03 -0.00 -0.07 -0.04 +0.04 +0.02 -0.03 -0.01 -0.01
  大  -0.07 +0.04 +1.00 -0.04 +0.03 -0.04 -0.03 +0.01 -0.00 +0.14 -0.01 +0.08 +0.16 +0.37
  小  -0.04 +0.06 -0.04 +1.00 -0.07 -0.00 -0.04 -0.05 +0.01 +0.04 +0.02 +0.01 -0.01 -0.08
  上  -0.06 -0.02 +0.03 -0.07 +1.00 -0.03 +0.00 -0.02 -0.04 +0.01 +0.04 +0.03 +0.06 +0.02
  下  +0.06 +0.03 -0.04 -0.00 -0.03 +1.00 +0.03 -0.03 +0.02 +0.08 +0.05 +0.01 +0.07 +0.06
  亮  +0.04 -0.00 -0.03 -0.04 +0.00 +0.03 +1.00 -0.05 -0.07 +0.09 -0.01 -0.05 +0.03 +0.01
  暗  +0.03 -0.07 +0.01 -0.05 -0.02 -0.03 -0.05 +1.00 +0.04 -0.06 +0.03 +0.01 -0.02 -0.03
  重  +0.09 -0.04 -0.00 +0.01 -0.04 +0.02 -0.07 +0.04 +1.00 -0.03 +0.00 -0.01 -0.08 -0.07
  轻  -0.12 +0.04 +0.14 +0.04 +0.01 +0.08 +0.09 -0.06 -0.03 +1.00 +0.01 -0.04 +0.44 +0.40
  快  -0.01 +0.02 -0.01 +0.02 +0.04 +0.05 -0.01 +0.03 +0.00 +0.01 +1.00 +0.01 -0.02 -0.05
  慢  +0.03 -0.03 +0.08 +0.01 +0.03 +0.01 -0.05 +0.01 -0.01 -0.04 +0.01 +1.00 +0.06 +0.03
  湿  +0.03 -0.01 +0.16 -0.01 +0.06 +0.07 +0.03 -0.02 -0.08 +0.44 -0.02 +0.06 +1.00 +0.72
  干  -0.02 -0.01 +0.37 -0.08 +0.02 +0.06 +0.01 -0.03 -0.07 +0.40 -0.05 +0.03 +0.72 +1.00

  Opposite pairs (boundary clarity):
    热 vs 冷: -0.0228 CLEAR
    大 vs 小: -0.0402 CLEAR
    上 vs 下: -0.0268 CLEAR
    亮 vs 暗: -0.0472 CLEAR
    重 vs 轻: -0.0321 CLEAR
    快 vs 慢: +0.0085 CLEAR
    湿 vs 干: +0.7192 NONE

  Boundary score: 92/100 (STRONG)

--- CORE Activation (simulated, layer 0) ---

  热 vs 冷: CORE diff=2.2593 act=1.7285 OK | BIN diff=0.0066 | PRUNE act=0.0000
  大 vs 小: CORE diff=1.8434 act=1.6067 OK | BIN diff=0.0038 | PRUNE act=0.0000
  上 vs 下: CORE diff=2.3430 act=1.9231 OK | BIN diff=0.0054 | PRUNE act=0.0000
  亮 vs 暗: CORE diff=2.4306 act=1.8469 OK | BIN diff=0.0029 | PRUNE act=0.0000
  重 vs 轻: CORE diff=2.1543 act=1.6301 OK | BIN diff=0.0033 | PRUNE act=0.0000
  快 vs 慢: CORE diff=2.4305 act=1.8604 OK | BIN diff=0.0030 | PRUNE act=0.0000
  湿 vs 干: CORE diff=1.6890 act=1.5893 OK | BIN diff=0.0036 | PRUNE act=0.0000

--- Weight Structure ---

  L0 mlp: CORE=1.4281 BIN=0.4375 PRUNE=0.0000 OK | attn: CORE=0.0000 BIN=0.0000 PRUNE=0.0000 X
  L1 mlp: CORE=1.4404 BIN=0.4485 PRUNE=0.0000 OK | attn: CORE=0.0000 BIN=0.0000 PRUNE=0.0000 X
  ... (layers 2-4) ...
  L5 mlp: CORE=1.5717 BIN=0.4824 PRUNE=0.0000 OK | attn: CORE=0.0000 BIN=0.0000 PRUNE=0.0000 X

  Structure: 50% OK (6/12)

--- Embedding Concept Boundary ---

        热  冷  大  小  上  下  亮  暗  重  轻  快  慢  湿  干
  热  +1.00 -0.02 -0.07 -0.04 -0.06 +0.06 +0.04 +0.03 +0.09 -0.12 -0.01 +0.03 +0.03 -0.02
  冷  -0.02 +1.00 +0.04 +0.06 -0.02 +0.03 -0.00 -0.07 -0.04 +0.04 +0.02 -0.03 -0.01 -0.01
  大  -0.07 +0.04 +1.00 -0.04 +0.03 -0.04 -0.03 +0.01 -0.00 +0.14 -0.01 +0.08 +0.16 +0.37
  小  -0.04 +0.06 -0.04 +1.00 -0.07 -0.00 -0.04 -0.05 +0.01 +0.04 +0.02 +0.01 -0.01 -0.08
  上  -0.06 -0.02 +0.03 -0.07 +1.00 -0.03 +0.00 -0.02 -0.04 +0.01 +0.04 +0.03 +0.06 +0.02
  下  +0.06 +0.03 -0.04 -0.00 -0.03 +1.00 +0.03 -0.03 +0.02 +0.08 +0.05 +0.01 +0.07 +0.06
  亮  +0.04 -0.00 -0.03 -0.04 +0.00 +0.03 +1.00 -0.05 -0.07 +0.09 -0.01 -0.05 +0.03 +0.01
  暗  +0.03 -0.07 +0.01 -0.05 -0.02 -0.03 -0.05 +1.00 +0.04 -0.06 +0.03 +0.01 -0.02 -0.03
  重  +0.09 -0.04 -0.00 +0.01 -0.04 +0.02 -0.07 +0.04 +1.00 -0.03 +0.00 -0.01 -0.08 -0.07
  轻  -0.12 +0.04 +0.14 +0.04 +0.01 +0.08 +0.09 -0.06 -0.03 +1.00 +0.01 -0.04 +0.44 +0.40
  快  -0.01 +0.02 -0.01 +0.02 +0.04 +0.05 -0.01 +0.03 +0.00 +0.01 +1.00 +0.01 -0.02 -0.05
  慢  +0.03 -0.03 +0.08 +0.01 +0.03 +0.01 -0.05 +0.01 -0.01 -0.04 +0.01 +1.00 +0.06 +0.03
  湿  +0.03 -0.01 +0.16 -0.01 +0.06 +0.07 +0.03 -0.02 -0.08 +0.44 -0.02 +0.06 +1.00 +0.72
  干  -0.02 -0.01 +0.37 -0.08 +0.02 +0.06 +0.01 -0.03 -0.07 +0.40 -0.05 +0.03 +0.72 +1.00

  Opposite pairs (boundary clarity):
    热 vs 冷: -0.0228 CLEAR
    大 vs 小: -0.0402 CLEAR
    上 vs 下: -0.0268 CLEAR
    亮 vs 暗: -0.0472 CLEAR
    重 vs 轻: -0.0321 CLEAR
    快 vs 慢: +0.0085 CLEAR
    湿 vs 干: +0.7192 NONE

  Boundary score: 92/100 (STRONG)

--- Concept Similarity (mid-layer weights) ---

  Embedding similarity:
        热  冷  大  小  上  下  亮  暗  重  轻  快  慢  湿  干
  热  +1.00 -0.02 -0.07 -0.04 -0.06 +0.06 +0.04 +0.03 +0.09 -0.12 -0.01 +0.03 +0.03 -0.02
  冷  -0.02 +1.00 +0.04 +0.06 -0.02 +0.03 -0.00 -0.07 -0.04 +0.04 +0.02 -0.03 -0.01 -0.01
  大  -0.07 +0.04 +1.00 -0.04 +0.03 -0.04 -0.03 +0.01 -0.00 +0.14 -0.01 +0.08 +0.16 +0.37
  小  -0.04 +0.06 -0.04 +1.00 -0.07 -0.00 -0.04 -0.05 +0.01 +0.04 +0.02 +0.01 -0.01 -0.08
  上  -0.06 -0.02 +0.03 -0.07 +1.00 -0.03 +0.00 -0.02 -0.04 +0.01 +0.04 +0.03 +0.06 +0.02
  下  +0.06 +0.03 -0.04 -0.00 -0.03 +1.00 +0.03 -0.03 +0.02 +0.08 +0.05 +0.01 +0.07 +0.06
  亮  +0.04 -0.00 -0.03 -0.04 +0.00 +0.03 +1.00 -0.05 -0.07 +0.09 -0.01 -0.05 +0.03 +0.01
  暗  +0.03 -0.07 +0.01 -0.05 -0.02 -0.03 -0.05 +1.00 +0.04 -0.06 +0.03 +0.01 -0.02 -0.03
  重  +0.09 -0.04 -0.00 +0.01 -0.04 +0.02 -0.07 +0.04 +1.00 -0.03 +0.00 -0.01 -0.08 -0.07
  轻  -0.12 +0.04 +0.14 +0.04 +0.01 +0.08 +0.09 -0.06 -0.03 +1.00 +0.01 -0.04 +0.44 +0.40
  快  -0.01 +0.02 -0.01 +0.02 +0.04 +0.05 -0.01 +0.03 +0.00 +0.01 +1.00 +0.01 -0.02 -0.05
  慢  +0.03 -0.03 +0.08 +0.01 +0.03 +0.01 -0.05 +0.01 -0.01 -0.04 +0.01 +1.00 +0.06 +0.03
  湿  +0.03 -0.01 +0.16 -0.01 +0.06 +0.07 +0.03 -0.02 -0.08 +0.44 -0.02 +0.06 +1.00 +0.72
  干  -0.02 -0.01 +0.37 -0.08 +0.02 +0.06 +0.01 -0.03 -0.07 +0.40 -0.05 +0.03 +0.72 +1.00


========================================
  DEEP WHITEBOX DIAGNOSIS
  (explaining WHY generation is garbage)
========================================

--- 1. Embedding Space Differentiation ---

  Embedding norms:
    热=0.500 冷=0.500 大=0.814 小=0.810 上=0.500 下=0.520 亮=0.500 暗=0.500 火=0.500 水=0.621 

  Avg cosine similarity:
    Opposite pairs (should be LOW):  -0.0221
    Unrelated pairs (should be ~0):  -0.0039
    Gap (unrelated - opposite):       0.0182  [OK]

--- 2. CORE Activation Magnitude ---

  Layer 0 mlp activation (for '热'):
    CORE  : max=2.6152 avg=1.7285  (n=409)
    BINARY: max=29.0608 avg=3.3735  (n=1332)
    CORE diff (热 vs 冷): 2.2593 (130.7% of avg)
    [OK]

--- 3. Weight Norm Layering (CORE > BINARY > PRUNE?) ---

  L0: CORE=1.4281 BIN=0.4375 PRUNE=0.0000  [OK layered]
  L1: CORE=1.4404 BIN=0.4485 PRUNE=0.0000  [OK layered]
  L2: CORE=1.4854 BIN=0.4403 PRUNE=0.0000  [OK layered]
  L3: CORE=1.5120 BIN=0.4411 PRUNE=0.0000  [OK layered]
  L4: CORE=1.5454 BIN=0.4479 PRUNE=0.0000  [OK layered]
  L5: CORE=1.5717 BIN=0.4824 PRUNE=0.0000  [OK layered]

--- 4. Logits Distribution (mode collapse check) ---

  Prompt '热' → top-5 next-token logits:
    token 232 '�' logit=8.5049
    token 233 '�' logit=7.7472
    token 32705 '色' logit=7.4459
    token 234 '�' logit=7.3973
    token 176 '�' logit=7.3896

  Logit range: 11.4886 (max=8.5049 min=-2.9837)
  Softmax entropy: 11.5572 bits (uniform would be 15.00)
  [OK]

========================================
  DIAGNOSIS SUMMARY
========================================
  If generation is garbage, likely causes:
  1. Embeddings not spread (Section 1) → tokens sampled near-randomly
  2. CORE activation too weak (Section 2) → model can't distinguish inputs
  3. Weight norms not layered (Section 3) → logic mask is cosmetic
  4. Logits collapsed/flat (Section 4) → repetitive or random output
  Fix: train more steps, or increase logic_guided_regularization lr
========================================


========================================
  LAYER-BY-LAYER COLLAPSE DIAGNOSIS
  (火 vs 水 — cosine similarity per layer)
========================================

Layer         cosine_sim    l2_dist       ||a||       
-----         ----------    -------       ------      
emb           0.983613      0.786897      4.269543    
L0            0.985198      0.794983      4.545365    
L1            0.986417      0.798608      4.775243    
L2            0.987450      0.800607      4.987882    
L3            0.988258      0.802388      5.175960    
L4            0.989064      0.803071      5.373638    
L5            0.989626      0.809061      5.567664    
final_ln      0.991588      (final_ln output)

  (1.0=identical, 0.0=orthogonal)

--- L0 Weight Check ---
  L0 norm1_w[0:5]: 1.4601 1.5504 1.5605 1.5450 1.4900 
  L0 norm1_w mean: 1.5479
  L0 norm1_b[0:5]: 0.3037 -0.2883 -0.4984 -0.5634 -0.1446 

--- L0 Deep Diagnosis (norm1_out + V) ---
  embedding (火vs水) cosine: 0.983613  ||火||=4.2695 ||水||=4.3629
  norm1_out   (火vs水) cosine: 0.987656  ||火||=40.7541 ||水||=40.6810
  V=attn_v    (火vs水) cosine: 0.987674  ||火||=40.5756 ||水||=40.5082

  norm1_out 火 [0:5]: -0.7900 0.0069 -1.0057 -1.9740 -0.5259 
  norm1_out 水 [0:5]: -0.3110 -0.1359 -0.8045 -1.8145 -0.5289 
  V 火        [0:5]: 2.1078 0.7441 -0.9643 -0.3750 -1.1854 
  V 水        [0:5]: 1.8274 1.3376 -0.6595 -0.3937 -1.0131 

  attn_q (QKV merged) weights: mean=-0.000021 min=-0.298400 max=0.300129 n=786432
  (如果 V 火vs水 cosine 高, 但 norm1_out cosine 低, 说明 W_v 把不同输入映射到相似输出)


[*] Done
