[*] Loaded 32768 vocab pieces from tokenizer/chinese_bpe.vocab
=== LAL STE Whitebox-Supervised Training ===

[*] Method: Straight-Through Estimator + CORE/BINARY/PRUNE Logic Guidance
[*]   forward:  CORE = w_float * core_gain * K     (精确计算)
[*]             BINARY = sign(w) * alpha * K       (二值符号)
[*]             PRUNE = 0                           (静默剪枝)
[*]   backward: STE through w_float (CORE+BINARY), PRUNE 无梯度
[*]   update:   Adam on w_float
[*] Logic Guidance (每步,全层):
[*]             CORE  → maximize |act(a) - act(b)|  (差异化反义词)
[*]             BINARY → minimize (act(a) - act(b))^2 (收敛共性)
[*]             PRUNE → skip (保持静默)
[*] Whitebox probe: every 10 steps observe CORE/BINARY/PRUNE circuit

[*] Loaded 6818 samples from data/large_dialogue_bpe.bin
[*] Using Phase 0: Seed (8L/448d) (~22M params, vocab=32768)
[*] Generated Phase 0: Seed (8L/448d) weights: 8 layers, 448 embd, ~22M params
[*] Logic mask: Phase 0: Moderate (15/60/25) (CORE=15% PRUNE=25%)
[*] loaded 100 tensors
[*] binarizing 8 layers (logic-guided)...
    [logic] CORE=201 (15%), BINARY=807 (60%), PRUNE=336 (25%)
[*] done
[*] freed 32 weight tensors (77 MB) after binarization
[*] Model loaded: 8 layers, 448 embd, k_cache=YES
[*] Resuming from model_dialogue.ste...
[*] Resumed g_opt_step = 1369 (Adam bias correction preserved)
[*] Resumed weights loaded successfully


=== LAL STE Training (B=4, max_pos=256, steps=8000, start_step=4000, total_sched=12000, logic_lr=0.0050, logic_only=0) ===
[*] STE: forward=sign(w), backward=w_float gradient
[*] Whitebox probe every 10 steps
[*] Semantic regularization every step
  [LOGIC] mlp=-1182.3993 attn=-10.1132 div=33.6465
  [TIME] CE=61ms logic_reg=2551ms
  step     0/8000 (global=4000)  loss=11.0728  avg=11.0728  lr=0.000754  B=2  2666ms
  [WB] boundary=63/100  core_diff=2.6648  bin_diff=0.0455  ratio=58.52  prune_act=0.0000
  [WB] structure=10/16 (62%)  opp_sim=0.365
  [WB] boundary weak | CORE>BIN OK | PRUNE silent OK
  [LOGIC] mlp=-1225.5641 attn=-11.0112 div=33.5751
  [TIME] CE=61ms logic_reg=2363ms
  step    10/8000 (global=4010)  loss=9.3854  avg=4.2151  lr=0.000753  B=2  946ms
  [WB] boundary=84/100  core_diff=3.1926  bin_diff=0.0449  ratio=71.16  prune_act=0.0000
  [WB] structure=10/16 (62%)  opp_sim=0.161
  [WB] BOUNDARY OK | CORE>BIN OK | PRUNE silent OK
  [TIME] CE=0ms logic_reg=0ms
  step    20/8000 (global=4020)  loss=0.0000  avg=4.2861  lr=0.000752  B=0  983ms
  [WB] boundary=84/100  core_diff=3.3806  bin_diff=0.0432  ratio=78.26  prune_act=0.0000
  [WB] structure=10/16 (62%)  opp_sim=0.161
  [WB] BOUNDARY OK | CORE>BIN OK | PRUNE silent OK
  [LOGIC] mlp=-1285.3477 attn=-13.0608 div=33.3828
  [TIME] CE=63ms logic_reg=2362ms
  step    30/8000 (global=4030)  loss=12.6974  avg=4.1582  lr=0.000750  B=2  934ms
  [WB] boundary=104/100  core_diff=3.8157  bin_diff=0.0491  ratio=77.74  prune_act=0.0000
  [WB] structure=10/16 (62%)  opp_sim=-0.043
  [WB] BOUNDARY OK | CORE>BIN OK | PRUNE silent OK
  [LOGIC] mlp=-1393.8123 attn=-13.0743 div=33.3909
  [TIME] CE=61ms logic_reg=2422ms
  step    40/8000 (global=4040)  loss=5.1363  avg=3.9078  lr=0.000749  B=2  935ms
  [WB] boundary=104/100  core_diff=3.8657  bin_diff=0.0499  ratio=77.40  prune_act=0.0000
  [WB] structure=10/16 (62%)  opp_sim=-0.043
  [WB] BOUNDARY OK | CORE>BIN OK | PRUNE silent OK
  [DIVERSITY] max_cos=0.9982 n_collapsed=56/56 layers
  [LOGIC] mlp=-1453.5089 attn=-13.2002 div=33.3931
  [TIME] CE=61ms logic_reg=2397ms
  step    50/8000 (global=4050)  loss=9.9348  avg=4.0850  lr=0.000748  B=2  947ms
  [WB] boundary=104/100  core_diff=3.9266  bin_diff=0.0502  ratio=78.16  prune_act=0.0000
  [WB] structure=10/16 (62%)  opp_sim=-0.042
  [WB] BOUNDARY OK | CORE>BIN OK | PRUNE silent OK
[*] stateful inference started: window=9996, sinks=4, ctx=10240
[*] sliding window configured: W=9996, sinks=4 (effective context: 10000)
  [TRACE] "水": L0[||x||=2.46 C268(+143.40--10.96) B1076(+3134.84--41.52) P448(max0.000)] L4[||x||=6.00 C268(+211.16--17.27) B1076(+1827.20--49.45) P448(max0.000)] L7[||x||=6.00 C268(+668.10--12.91) B1076(+3091.85--31.50) P448(max0.000)] | H=11.80/15 top3=31861 232 231 
    [plan-I] step 1399 W_v approx_rank=17.4 (frob=10.60 max_row=0.61)
    [ortho] step 1399 L0 W_o off_diag=0.98 diag_dev=0.0437
    [plan-I] step 1399 W_v approx_rank=17.4 (frob=10.56 max_row=0.61)
    [ortho] step 1399 L1 W_o off_diag=0.64 diag_dev=0.0595
    [plan-I] step 1399 W_v approx_rank=17.4 (frob=10.67 max_row=0.61)
    [ortho] step 1399 L2 W_o off_diag=0.39 diag_dev=0.0630
    [plan-I] step 1399 W_v approx_rank=17.3 (frob=10.55 max_row=0.61)
    [ortho] step 1399 L3 W_o off_diag=0.39 diag_dev=0.0623
    [plan-I] step 1399 W_v approx_rank=17.1 (frob=10.43 max_row=0.61)
    [ortho] step 1399 L4 W_o off_diag=0.42 diag_dev=0.0655
    [plan-I] step 1399 W_v approx_rank=17.4 (frob=10.70 max_row=0.62)
    [ortho] step 1399 L5 W_o off_diag=0.64 diag_dev=0.0595
    [plan-I] step 1399 W_v approx_rank=17.1 (frob=10.49 max_row=0.61)
    [ortho] step 1399 L6 W_o off_diag=0.72 diag_dev=0.0572
    [plan-I] step 1399 W_v approx_rank=17.1 (frob=10.60 max_row=0.62)
    [ortho] step 1399 L7 W_o off_diag=0.67 diag_dev=0.0598
  [TIME] CE=1ms logic_reg=0ms
  step    60/8000 (global=4060)  loss=0.0000  avg=4.2338  lr=0.000747  B=0  981ms
  [WB] boundary=104/100  core_diff=4.0211  bin_diff=0.0521  ratio=77.25  prune_act=0.0000
  [WB] structure=10/16 (62%)  opp_sim=-0.042
  [WB] BOUNDARY OK | CORE>BIN OK | PRUNE silent OK
  [LOGIC] mlp=-1445.6097 attn=-13.2245 div=33.3193
  [TIME] CE=60ms logic_reg=2338ms
  step    70/8000 (global=4070)  loss=9.3632  avg=4.1351  lr=0.000746  B=2  964ms
  [WB] boundary=104/100  core_diff=4.0263  bin_diff=0.0531  ratio=75.86  prune_act=0.0000
  [WB] structure=10/16 (62%)  opp_sim=-0.041
  [WB] BOUNDARY OK | CORE>BIN OK | PRUNE silent OK
  [TIME] CE=0ms logic_reg=0ms
  step    80/8000 (global=4080)  loss=0.0000  avg=4.0615  lr=0.000745  B=0  930ms
  [WB] boundary=104/100  core_diff=4.0690  bin_diff=0.0527  ratio=77.20  prune_act=0.0000
  [WB] structure=10/16 (62%)  opp_sim=-0.041
  [WB] BOUNDARY OK | CORE>BIN OK | PRUNE silent OK
  [DIVERSITY] max_cos=0.9974 n_collapsed=56/56 layers
  [LOGIC] mlp=-1535.4958 attn=-13.2892 div=33.2764
  [TIME] CE=61ms logic_reg=2400ms
  step    90/8000 (global=4090)  loss=8.2317  avg=4.6051  lr=0.000744  B=2  994ms
  [WB] boundary=104/100  core_diff=4.0077  bin_diff=0.0525  ratio=76.29  prune_act=0.0000
  [WB] structure=10/16 (62%)  opp_sim=-0.040
  [WB] BOUNDARY OK | CORE>BIN OK | PRUNE silent OK
  [DIVERSITY] max_cos=0.9978 n_collapsed=56/56 layers
  [LOGIC] mlp=-1545.4000 attn=-13.3303 div=33.3624
  [TIME] CE=61ms logic_reg=2348ms
  step   100/8000 (global=4100)  loss=8.5198  avg=5.0715  lr=0.000742  B=2  1045ms
  [WB] boundary=104/100  core_diff=3.7999  bin_diff=0.0466  ratio=81.48  prune_act=0.0000
  [WB] structure=10/16 (62%)  opp_sim=-0.040
  [WB] BOUNDARY OK | CORE>BIN OK | PRUNE silent OK
[*] stateful inference started: window=9996, sinks=4, ctx=10240
[*] sliding window configured: W=9996, sinks=4 (effective context: 10000)
  [TRACE] "大": L0[||x||=2.39 C268(+180.99--10.66) B1076(+2782.95--34.82) P448(max0.000)] L4[||x||=6.00 C268(+248.32--8.02) B1076(+1634.13--48.06) P448(max0.000)] L7[||x||=6.00 C268(+610.20--10.84) B1076(+3604.96--40.88) P448(max0.000)] | H=12.75/15 top3=31861 31889 31874 
  [TIME] CE=0ms logic_reg=0ms
  step   110/8000 (global=4110)  loss=0.0000  avg=5.1052  lr=0.000741  B=0  1036ms
  [WB] boundary=104/100  core_diff=3.6887  bin_diff=0.0423  ratio=87.18  prune_act=0.0000
  [WB] structure=10/16 (62%)  opp_sim=-0.039
  [WB] BOUNDARY OK | CORE>BIN OK | PRUNE silent OK
  [TIME] CE=0ms logic_reg=0ms
  step   120/8000 (global=4120)  loss=0.0000  avg=4.6687  lr=0.000740  B=0  1036ms
  [WB] boundary=104/100  core_diff=3.5254  bin_diff=0.0356  ratio=98.90  prune_act=0.0000
  [WB] structure=10/16 (62%)  opp_sim=-0.039
  [WB] BOUNDARY OK | CORE>BIN OK | PRUNE silent OK
  [LOGIC] mlp=-1444.1010 attn=-12.6602 div=33.4731
  [TIME] CE=110ms logic_reg=2339ms
  step   130/8000 (global=4130)  loss=10.6283  avg=5.0661  lr=0.000739  B=4  1029ms
  [WB] boundary=104/100  core_diff=3.4852  bin_diff=0.0359  ratio=97.12  prune_act=0.0000
  [WB] structure=10/16 (62%)  opp_sim=-0.038
  [WB] BOUNDARY OK | CORE>BIN OK | PRUNE silent OK
  [LOGIC] mlp=-1484.8849 attn=-12.6151 div=33.4733
  [TIME] CE=60ms logic_reg=2392ms
  step   140/8000 (global=4140)  loss=10.9440  avg=5.1745  lr=0.000738  B=2  1033ms
  [WB] boundary=104/100  core_diff=3.4662  bin_diff=0.0374  ratio=92.76  prune_act=0.0000
  [WB] structure=10/16 (62%)  opp_sim=-0.038
  [WB] BOUNDARY OK | CORE>BIN OK | PRUNE silent OK
  [TIME] CE=0ms logic_reg=0ms
  step   150/8000 (global=4150)  loss=0.0000  avg=4.8248  lr=0.000737  B=0  1000ms
  [WB] boundary=104/100  core_diff=3.4715  bin_diff=0.0384  ratio=90.36  prune_act=0.0000
  [WB] structure=10/16 (62%)  opp_sim=-0.038
  [WB] BOUNDARY OK | CORE>BIN OK | PRUNE silent OK
[*] stateful inference started: window=9996, sinks=4, ctx=10240
[*] sliding window configured: W=9996, sinks=4 (effective context: 10000)
  [TRACE] "小": L0[||x||=2.54 C268(+132.51--9.92) B1076(+3164.99--34.79) P448(max0.000)] L4[||x||=6.00 C268(+282.13--9.15) B1076(+1740.52--47.26) P448(max0.000)] L7[||x||=6.00 C268(+714.50--9.88) B1076(+4779.97--42.74) P448(max0.000)] | H=13.40/15 top3=31874 13 31861 
    [plan-I] step 1449 W_v approx_rank=17.4 (frob=10.60 max_row=0.61)
    [ortho] step 1449 L0 W_o off_diag=0.41 diag_dev=0.0570
    [plan-I] step 1449 W_v approx_rank=17.4 (frob=10.56 max_row=0.61)
    [ortho] step 1449 L1 W_o off_diag=0.33 diag_dev=0.0652
    [plan-I] step 1449 W_v approx_rank=17.4 (frob=10.67 max_row=0.61)
    [ortho] step 1449 L2 W_o off_diag=0.27 diag_dev=0.0676
    [plan-I] step 1449 W_v approx_rank=17.3 (frob=10.55 max_row=0.61)
    [ortho] step 1449 L3 W_o off_diag=0.29 diag_dev=0.0676
    [plan-I] step 1449 W_v approx_rank=17.1 (frob=10.43 max_row=0.61)
    [ortho] step 1449 L4 W_o off_diag=0.28 diag_dev=0.0672
    [plan-I] step 1449 W_v approx_rank=17.4 (frob=10.70 max_row=0.62)
    [ortho] step 1449 L5 W_o off_diag=0.42 diag_dev=0.0647
    [plan-I] step 1449 W_v approx_rank=17.1 (frob=10.49 max_row=0.61)
    [ortho] step 1449 L6 W_o off_diag=0.45 diag_dev=0.0642
    [plan-I] step 1449 W_v approx_rank=17.1 (frob=10.60 max_row=0.62)
    [ortho] step 1449 L7 W_o off_diag=0.40 diag_dev=0.0660
  [LOGIC] mlp=-1536.5123 attn=-12.6717 div=33.4695
  [TIME] CE=112ms logic_reg=2394ms
  step   160/8000 (global=4160)  loss=7.6847  avg=3.9809  lr=0.000735  B=4  976ms
  [WB] boundary=104/100  core_diff=3.4429  bin_diff=0.0385  ratio=89.39  prune_act=0.0000
  [WB] structure=10/16 (62%)  opp_sim=-0.037
  [WB] BOUNDARY OK | CORE>BIN OK | PRUNE silent OK
  [TIME] CE=0ms logic_reg=0ms
  step   170/8000 (global=4170)  loss=0.0000  avg=3.9767  lr=0.000734  B=0  993ms
  [WB] boundary=104/100  core_diff=3.3734  bin_diff=0.0404  ratio=83.56  prune_act=0.0000
  [WB] structure=10/16 (62%)  opp_sim=-0.037
  [WB] BOUNDARY OK | CORE>BIN OK | PRUNE silent OK
  [DIVERSITY] max_cos=0.9986 n_collapsed=56/56 layers
  [TIME] CE=0ms logic_reg=0ms
  step   180/8000 (global=4180)  loss=0.0000  avg=3.6194  lr=0.000733  B=0  961ms
  [WB] boundary=104/100  core_diff=3.3550  bin_diff=0.0409  ratio=82.00  prune_act=0.0000
  [WB] structure=10/16 (62%)  opp_sim=-0.037
  [WB] BOUNDARY OK | CORE>BIN OK | PRUNE silent OK
  [TIME] CE=0ms logic_reg=0ms
  step   190/8000 (global=4190)  loss=0.0000  avg=3.6507  lr=0.000732  B=0  956ms
  [WB] boundary=104/100  core_diff=3.3230  bin_diff=0.0420  ratio=79.09  prune_act=0.0000
  [WB] structure=10/16 (62%)  opp_sim=-0.036
  [WB] BOUNDARY OK | CORE>BIN OK | PRUNE silent OK
  [LOGIC] mlp=-1516.7009 attn=-12.2421 div=33.5296
  [TIME] CE=180ms logic_reg=2354ms
  step   200/8000 (global=4200)  loss=6.4877  avg=3.6349  lr=0.000731  B=2  964ms
  [WB] boundary=104/100  core_diff=3.2906  bin_diff=0.0436  ratio=75.50  prune_act=0.0000
  [WB] structure=10/16 (62%)  opp_sim=-0.036
  [WB] BOUNDARY OK | CORE>BIN OK | PRUNE silent OK
[*] stateful inference started: window=9996, sinks=4, ctx=10240
[*] sliding window configured: W=9996, sinks=4 (effective context: 10000)
  [TRACE] "热": L0[||x||=2.65 C268(+177.85--11.31) B1076(+3484.40--28.45) P448(max0.000)] L4[||x||=6.00 C268(+219.79--10.95) B1076(+1717.22--46.77) P448(max0.000)] L7[||x||=6.00 C268(+758.16--10.70) B1076(+6218.07--38.76) P448(max0.000)] | H=12.89/15 top3=13 31861 232 
  [TIME] CE=0ms logic_reg=0ms
  step   210/8000 (global=4210)  loss=0.0000  avg=3.4051  lr=0.000730  B=0  955ms
  [WB] boundary=104/100  core_diff=3.2769  bin_diff=0.0447  ratio=73.23  prune_act=0.0000
  [WB] structure=10/16 (62%)  opp_sim=-0.036
  [WB] BOUNDARY OK | CORE>BIN OK | PRUNE silent OK
  [LOGIC] mlp=-1522.4945 attn=-12.0131 div=33.5724
  [TIME] CE=62ms logic_reg=2454ms
  step   220/8000 (global=4220)  loss=9.0452  avg=3.8612  lr=0.000728  B=2  973ms
  [WB] boundary=103/100  core_diff=3.2148  bin_diff=0.0447  ratio=72.00  prune_act=0.0000
  [WB] structure=10/16 (62%)  opp_sim=-0.035
  [WB] BOUNDARY OK | CORE>BIN OK | PRUNE silent OK
  [LOGIC] mlp=-1535.6102 attn=-12.0720 div=33.5759
  [TIME] CE=62ms logic_reg=2343ms
  step   230/8000 (global=4230)  loss=7.6579  avg=3.4370  lr=0.000727  B=2  968ms
  [WB] boundary=103/100  core_diff=3.2198  bin_diff=0.0450  ratio=71.57  prune_act=0.0000
  [WB] structure=10/16 (62%)  opp_sim=-0.034
  [WB] BOUNDARY OK | CORE>BIN OK | PRUNE silent OK
  [DIVERSITY] max_cos=0.9989 n_collapsed=56/56 layers
  [TIME] CE=0ms logic_reg=0ms
  step   240/8000 (global=4240)  loss=0.0000  avg=3.9216  lr=0.000726  B=0  987ms
  [WB] boundary=103/100  core_diff=3.2667  bin_diff=0.0441  ratio=74.05  prune_act=0.0000
  [WB] structure=10/16 (62%)  opp_sim=-0.034
  [WB] BOUNDARY OK | CORE>BIN OK | PRUNE silent OK
  [TIME] CE=0ms logic_reg=0ms
  step   250/8000 (global=4250)  loss=0.0000  avg=3.7919  lr=0.000725  B=0  969ms
  [WB] boundary=103/100  core_diff=3.2511  bin_diff=0.0434  ratio=74.89  prune_act=0.0000
  [WB] structure=10/16 (62%)  opp_sim=-0.034
  [WB] BOUNDARY OK | CORE>BIN OK | PRUNE silent OK
[*] stateful inference started: window=9996, sinks=4, ctx=10240
[*] sliding window configured: W=9996, sinks=4 (effective context: 10000)
  [TRACE] "冷": L0[||x||=2.76 C268(+188.60--10.64) B1076(+3652.40--25.67) P448(max0.000)] L4[||x||=6.00 C268(+192.03--10.49) B1076(+1842.60--46.02) P448(max0.000)] L7[||x||=6.00 C268(+769.00--10.00) B1076(+7383.09--38.46) P448(max0.000)] | H=13.27/15 top3=13 31861 232 
    [plan-I] step 1499 W_v approx_rank=17.4 (frob=10.60 max_row=0.61)
    [ortho] step 1499 L0 W_o off_diag=0.34 diag_dev=0.0605
    [plan-I] step 1499 W_v approx_rank=17.4 (frob=10.56 max_row=0.61)
    [ortho] step 1499 L1 W_o off_diag=0.31 diag_dev=0.0644
    [plan-I] step 1499 W_v approx_rank=17.4 (frob=10.67 max_row=0.61)
    [ortho] step 1499 L2 W_o off_diag=0.27 diag_dev=0.0668
    [plan-I] step 1499 W_v approx_rank=17.3 (frob=10.55 max_row=0.61)
    [ortho] step 1499 L3 W_o off_diag=0.26 diag_dev=0.0680
    [plan-I] step 1499 W_v approx_rank=17.1 (frob=10.43 max_row=0.61)
    [ortho] step 1499 L4 W_o off_diag=0.27 diag_dev=0.0669
    [plan-I] step 1499 W_v approx_rank=17.4 (frob=10.70 max_row=0.62)
    [ortho] step 1499 L5 W_o off_diag=0.35 diag_dev=0.0630
    [plan-I] step 1499 W_v approx_rank=17.1 (frob=10.49 max_row=0.61)
    [ortho] step 1499 L6 W_o off_diag=0.37 diag_dev=0.0630
    [plan-I] step 1499 W_v approx_rank=17.1 (frob=10.60 max_row=0.62)
    [ortho] step 1499 L7 W_o off_diag=0.37 diag_dev=0.0640
  [TIME] CE=0ms logic_reg=0ms
  step   260/8000 (global=4260)  loss=0.0000  avg=3.7881  lr=0.000724  B=0  973ms
  [WB] boundary=103/100  core_diff=3.1843  bin_diff=0.0421  ratio=75.66  prune_act=0.0000
  [WB] structure=10/16 (62%)  opp_sim=-0.033
  [WB] BOUNDARY OK | CORE>BIN OK | PRUNE silent OK
  [TIME] CE=0ms logic_reg=0ms
  step   270/8000 (global=4270)  loss=0.0000  avg=3.8108  lr=0.000723  B=0  971ms
  [WB] boundary=103/100  core_diff=3.1395  bin_diff=0.0410  ratio=76.49  prune_act=0.0000
  [WB] structure=10/16 (62%)  opp_sim=-0.033
  [WB] BOUNDARY OK | CORE>BIN OK | PRUNE silent OK
  [LOGIC] mlp=-1519.8392 attn=-11.5031 div=33.6208
  [TIME] CE=59ms logic_reg=2440ms
  step   280/8000 (global=4280)  loss=10.5604  avg=4.0227  lr=0.000721  B=2  973ms
  [WB] boundary=103/100  core_diff=3.1077  bin_diff=0.0386  ratio=80.60  prune_act=0.0000
  [WB] structure=10/16 (62%)  opp_sim=-0.032
  [WB] BOUNDARY OK | CORE>BIN OK | PRUNE silent OK
  [TIME] CE=0ms logic_reg=0ms
  step   290/8000 (global=4290)  loss=0.0000  avg=4.2825  lr=0.000720  B=0  983ms
  [WB] boundary=103/100  core_diff=3.1038  bin_diff=0.0345  ratio=90.08  prune_act=0.0000
  [WB] structure=10/16 (62%)  opp_sim=-0.032
  [WB] BOUNDARY OK | CORE>BIN OK | PRUNE silent OK
  [TIME] CE=0ms logic_reg=0ms
  step   300/8000 (global=4300)  loss=0.0000  avg=4.0879  lr=0.000719  B=0  987ms
  [WB] boundary=103/100  core_diff=3.0906  bin_diff=0.0306  ratio=100.99  prune_act=0.0000
  [WB] structure=10/16 (62%)  opp_sim=-0.031
  [WB] BOUNDARY OK | CORE>BIN OK | PRUNE silent OK
[*] stateful inference started: window=9996, sinks=4, ctx=10240
[*] sliding window configured: W=9996, sinks=4 (effective context: 10000)
  [TRACE] "火": L0[||x||=2.93 C268(+199.53--10.92) B1076(+4289.36--29.02) P448(max0.000)] L4[||x||=6.00 C268(+308.25--8.49) B1076(+2243.68--45.55) P448(max0.000)] L7[||x||=6.00 C268(+786.50--11.03) B1076(+8681.25--39.91) P448(max0.000)] | H=13.21/15 top3=31874 31861 13 
  [DIVERSITY] max_cos=0.9991 n_collapsed=56/56 layers
  [TIME] CE=0ms logic_reg=0ms
  step   310/8000 (global=4310)  loss=0.0000  avg=4.7066  lr=0.000718  B=0  1002ms
  [WB] boundary=103/100  core_diff=3.0686  bin_diff=0.0287  ratio=106.77  prune_act=0.0000
  [WB] structure=10/16 (62%)  opp_sim=-0.031
  [WB] BOUNDARY OK | CORE>BIN OK | PRUNE silent OK
  [TIME] CE=0ms logic_reg=0ms
  step   320/8000 (global=4320)  loss=0.0000  avg=4.6996  lr=0.000717  B=0  997ms
  [WB] boundary=103/100  core_diff=3.0636  bin_diff=0.0292  ratio=104.86  prune_act=0.0000
  [WB] structure=10/16 (62%)  opp_sim=-0.030
  [WB] BOUNDARY OK | CORE>BIN OK | PRUNE silent OK
  [LOGIC] mlp=-1508.9852 attn=-11.1126 div=33.6509
  [TIME] CE=61ms logic_reg=2429ms
  step   330/8000 (global=4330)  loss=6.5272  avg=4.6915  lr=0.000716  B=2  995ms
  [WB] boundary=103/100  core_diff=3.0790  bin_diff=0.0302  ratio=101.95  prune_act=0.0000
  [WB] structure=10/16 (62%)  opp_sim=-0.030
  [WB] BOUNDARY OK | CORE>BIN OK | PRUNE silent OK
    [plan-I] step 1549 W_v approx_rank=17.4 (frob=10.60 max_row=0.61)
    [ortho] step 1549 L0 W_o off_diag=0.31 diag_dev=0.0612
    [plan-I] step 1549 W_v approx_rank=17.4 (frob=10.56 max_row=0.61)
    [ortho] step 1549 L1 W_o off_diag=0.25 diag_dev=0.0673
    [plan-I] step 1549 W_v approx_rank=17.4 (frob=10.67 max_row=0.61)
    [ortho] step 1549 L2 W_o off_diag=0.24 diag_dev=0.0685
    [plan-I] step 1549 W_v approx_rank=17.3 (frob=10.55 max_row=0.61)
    [ortho] step 1549 L3 W_o off_diag=0.24 diag_dev=0.0695
    [plan-I] step 1549 W_v approx_rank=17.1 (frob=10.43 max_row=0.61)
    [ortho] step 1549 L4 W_o off_diag=0.25 diag_dev=0.0681
    [plan-I] step 1549 W_v approx_rank=17.4 (frob=10.70 max_row=0.62)
    [ortho] step 1549 L5 W_o off_diag=0.29 diag_dev=0.0673
    [plan-I] step 1549 W_v approx_rank=17.1 (frob=10.49 max_row=0.61)
    [ortho] step 1549 L6 W_o off_diag=0.30 diag_dev=0.0659
    [plan-I] step 1549 W_v approx_rank=17.1 (frob=10.60 max_row=0.62)
    [ortho] step 1549 L7 W_o off_diag=0.35 diag_dev=0.0646
  [TIME] CE=0ms logic_reg=0ms
  step   340/8000 (global=4340)  loss=0.0000  avg=4.7149  lr=0.000714  B=0  991ms
  [WB] boundary=103/100  core_diff=3.0794  bin_diff=0.0302  ratio=101.81  prune_act=0.0000
  [WB] structure=10/16 (62%)  opp_sim=-0.030
  [WB] BOUNDARY OK | CORE>BIN OK | PRUNE silent OK
  [LOGIC] mlp=-1518.0007 attn=-11.0527 div=33.6592
  [TIME] CE=112ms logic_reg=2346ms
  step   350/8000 (global=4350)  loss=10.5897  avg=4.4959  lr=0.000713  B=4  989ms
  [WB] boundary=103/100  core_diff=3.0742  bin_diff=0.0306  ratio=100.44  prune_act=0.0000
  [WB] structure=10/16 (62%)  opp_sim=-0.029
  [WB] BOUNDARY OK | CORE>BIN OK | PRUNE silent OK
[*] stateful inference started: window=9996, sinks=4, ctx=10240
[*] sliding window configured: W=9996, sinks=4 (effective context: 10000)
  [TRACE] "水": L0[||x||=2.94 C268(+155.95--10.48) B1076(+4301.62--28.23) P448(max0.000)] L4[||x||=6.00 C268(+230.85--11.51) B1076(+2180.67--46.26) P448(max0.000)] L7[||x||=6.00 C268(+896.95--8.91) B1076(+9773.47--38.03) P448(max0.000)] | H=10.55/15 top3=31861 13 232 
  [TIME] CE=0ms logic_reg=0ms
  step   360/8000 (global=4360)  loss=0.0000  avg=4.9159  lr=0.000712  B=0  999ms
  [WB] boundary=103/100  core_diff=3.1084  bin_diff=0.0332  ratio=93.66  prune_act=0.0000
  [WB] structure=10/16 (62%)  opp_sim=-0.029
  [WB] BOUNDARY OK | CORE>BIN OK | PRUNE silent OK
  [TIME] CE=0ms logic_reg=0ms
  step   370/8000 (global=4370)  loss=0.0000  avg=4.9060  lr=0.000711  B=0  1007ms
  [WB] boundary=103/100  core_diff=3.1754  bin_diff=0.0345  ratio=92.05  prune_act=0.0000
  [WB] structure=10/16 (62%)  opp_sim=-0.028
  [WB] BOUNDARY OK | CORE>BIN OK | PRUNE silent OK
  [LOGIC] mlp=-1542.6257 attn=-11.1392 div=33.6124
  [TIME] CE=60ms logic_reg=2382ms
  step   380/8000 (global=4380)  loss=7.3728  avg=4.5972  lr=0.000710  B=2  1000ms
  [WB] boundary=103/100  core_diff=3.1977  bin_diff=0.0345  ratio=92.82  prune_act=0.0000
  [WB] structure=10/16 (62%)  opp_sim=-0.028
  [WB] BOUNDARY OK | CORE>BIN OK | PRUNE silent OK
  [TIME] CE=0ms logic_reg=0ms
  step   390/8000 (global=4390)  loss=0.0000  avg=4.0994  lr=0.000708  B=0  985ms
  [WB] boundary=103/100  core_diff=3.1942  bin_diff=0.0337  ratio=94.86  prune_act=0.0000
  [WB] structure=10/16 (62%)  opp_sim=-0.028
  [WB] BOUNDARY OK | CORE>BIN OK | PRUNE silent OK
  [LOGIC] mlp=-1510.6641 attn=-11.0835 div=33.6305
  [TIME] CE=112ms logic_reg=2339ms
  step   400/8000 (global=4400)  loss=6.3530  avg=4.4286  lr=0.000707  B=4  992ms
  [WB] boundary=103/100  core_diff=3.1526  bin_diff=0.0324  ratio=97.44  prune_act=0.0000
  [WB] structure=10/16 (62%)  opp_sim=-0.027
  [WB] BOUNDARY OK | CORE>BIN OK | PRUNE silent OK
[*] stateful inference started: window=9996, sinks=4, ctx=10240
[*] sliding window configured: W=9996, sinks=4 (effective context: 10000)
  [TRACE] "大": L0[||x||=2.95 C268(+238.74--11.44) B1076(+4195.62--28.14) P448(max0.000)] L4[||x||=6.00 C268(+233.92--9.43) B1076(+1953.22--47.13) P448(max0.000)] L7[||x||=6.00 C268(+689.09--13.30) B1076(+9264.36--41.69) P448(max0.000)] | H=13.51/15 top3=31861 13 31889 
  [TIME] CE=0ms logic_reg=0ms
  step   410/8000 (global=4410)  loss=0.0000  avg=4.9450  lr=0.000706  B=0  1003ms
  [WB] boundary=103/100  core_diff=3.1232  bin_diff=0.0318  ratio=98.14  prune_act=0.0000
  [WB] structure=10/16 (62%)  opp_sim=-0.027
  [WB] BOUNDARY OK | CORE>BIN OK | PRUNE silent OK
  [TIME] CE=0ms logic_reg=0ms
  step   420/8000 (global=4420)  loss=0.0000  avg=4.4430  lr=0.000705  B=0  996ms
  [WB] boundary=103/100  core_diff=3.1106  bin_diff=0.0319  ratio=97.64  prune_act=0.0000
  [WB] structure=10/16 (62%)  opp_sim=-0.026
  [WB] BOUNDARY OK | CORE>BIN OK | PRUNE silent OK
    [plan-I] step 1599 W_v approx_rank=17.4 (frob=10.60 max_row=0.61)
    [ortho] step 1599 L0 W_o off_diag=0.30 diag_dev=0.0635
    [plan-I] step 1599 W_v approx_rank=17.4 (frob=10.56 max_row=0.61)
    [ortho] step 1599 L1 W_o off_diag=0.26 diag_dev=0.0676
    [plan-I] step 1599 W_v approx_rank=17.4 (frob=10.67 max_row=0.61)
    [ortho] step 1599 L2 W_o off_diag=0.26 diag_dev=0.0688
    [plan-I] step 1599 W_v approx_rank=17.3 (frob=10.55 max_row=0.61)
    [ortho] step 1599 L3 W_o off_diag=0.25 diag_dev=0.0686
    [plan-I] step 1599 W_v approx_rank=17.1 (frob=10.43 max_row=0.61)
    [ortho] step 1599 L4 W_o off_diag=0.26 diag_dev=0.0667
    [plan-I] step 1599 W_v approx_rank=17.4 (frob=10.70 max_row=0.62)
    [ortho] step 1599 L5 W_o off_diag=0.31 diag_dev=0.0657
    [plan-I] step 1599 W_v approx_rank=17.1 (frob=10.49 max_row=0.61)
    [ortho] step 1599 L6 W_o off_diag=0.30 diag_dev=0.0673
    [plan-I] step 1599 W_v approx_rank=17.1 (frob=10.60 max_row=0.62)
    [ortho] step 1599 L7 W_o off_diag=0.36 diag_dev=0.0642
  [LOGIC] mlp=-1510.7391 attn=-10.6944 div=33.6676
  [TIME] CE=110ms logic_reg=2331ms
  step   430/8000 (global=4430)  loss=8.8722  avg=4.1549  lr=0.000704  B=4  1002ms
  [WB] boundary=103/100  core_diff=3.0680  bin_diff=0.0321  ratio=95.66  prune_act=0.0000
  [WB] structure=10/16 (62%)  opp_sim=-0.026
  [WB] BOUNDARY OK | CORE>BIN OK | PRUNE silent OK
  [TIME] CE=0ms logic_reg=0ms
  step   440/8000 (global=4440)  loss=0.0000  avg=4.0877  lr=0.000702  B=0  991ms
  [WB] boundary=103/100  core_diff=3.0622  bin_diff=0.0328  ratio=93.32  prune_act=0.0000
  [WB] structure=10/16 (62%)  opp_sim=-0.026
  [WB] BOUNDARY OK | CORE>BIN OK | PRUNE silent OK
  [LOGIC] mlp=-1535.2295 attn=-10.6593 div=33.6664
  [TIME] CE=110ms logic_reg=2375ms
  step   450/8000 (global=4450)  loss=9.8943  avg=4.4415  lr=0.000701  B=4  992ms
  [WB] boundary=103/100  core_diff=3.0733  bin_diff=0.0338  ratio=91.04  prune_act=0.0000
  [WB] structure=10/16 (62%)  opp_sim=-0.025
  [WB] BOUNDARY OK | CORE>BIN OK | PRUNE silent OK
[*] stateful inference started: window=9996, sinks=4, ctx=10240
[*] sliding window configured: W=9996, sinks=4 (effective context: 10000)
  [TRACE] "小": L0[||x||=3.09 C268(+140.01--10.36) B1076(+4502.66--27.20) P448(max0.000)] L4[||x||=6.00 C268(+186.08--12.66) B1076(+1975.90--46.79) P448(max0.000)] L7[||x||=6.00 C268(+838.72--7.84) B1076(+10468.37--42.05) P448(max0.000)] | H=12.86/15 top3=13 232 235 
  [TIME] CE=0ms logic_reg=0ms
  step   460/8000 (global=4460)  loss=0.0000  avg=4.2121  lr=0.000700  B=0  982ms
  [WB] boundary=102/100  core_diff=3.0769  bin_diff=0.0338  ratio=91.10  prune_act=0.0000
  [WB] structure=10/16 (62%)  opp_sim=-0.025
  [WB] BOUNDARY OK | CORE>BIN OK | PRUNE silent OK
  [TIME] CE=0ms logic_reg=0ms
  step   470/8000 (global=4470)  loss=0.0000  avg=3.7802  lr=0.000699  B=0  983ms
  [WB] boundary=102/100  core_diff=3.0606  bin_diff=0.0334  ratio=91.58  prune_act=0.0000
  [WB] structure=10/16 (62%)  opp_sim=-0.025
  [WB] BOUNDARY OK | CORE>BIN OK | PRUNE silent OK
  [TIME] CE=0ms logic_reg=0ms
  step   480/8000 (global=4480)  loss=0.0000  avg=3.8445  lr=0.000698  B=0  977ms
  [WB] boundary=102/100  core_diff=3.0711  bin_diff=0.0341  ratio=90.13  prune_act=0.0000
  [WB] structure=10/16 (62%)  opp_sim=-0.024
  [WB] BOUNDARY OK | CORE>BIN OK | PRUNE silent OK
  [TIME] CE=0ms logic_reg=0ms
  step   490/8000 (global=4490)  loss=0.0000  avg=3.7526  lr=0.000696  B=0  971ms
  [WB] boundary=102/100  core_diff=3.0706  bin_diff=0.0339  ratio=90.70  prune_act=0.0000
  [WB] structure=10/16 (62%)  opp_sim=-0.024
  [WB] BOUNDARY OK | CORE>BIN OK | PRUNE silent OK
  [LOGIC] mlp=-1534.5955 attn=-10.4211 div=33.6770
  [TIME] CE=61ms logic_reg=2341ms
  step   500/8000 (global=4500)  loss=4.6961  avg=4.2645  lr=0.000695  B=2  985ms
  [WB] boundary=102/100  core_diff=3.0564  bin_diff=0.0342  ratio=89.25  prune_act=0.0000
  [WB] structure=10/16 (62%)  opp_sim=-0.023
  [WB] BOUNDARY OK | CORE>BIN OK | PRUNE silent OK
[*] stateful inference started: window=9996, sinks=4, ctx=10240
[*] sliding window configured: W=9996, sinks=4 (effective context: 10000)
  [TRACE] "热": L0[||x||=3.13 C268(+145.18--12.40) B1076(+4625.71--26.79) P448(max0.000)] L4[||x||=6.00 C268(+195.97--9.59) B1076(+2027.71--45.94) P448(max0.000)] L7[||x||=6.00 C268(+676.84--8.78) B1076(+10256.54--39.81) P448(max0.000)] | H=11.95/15 top3=13 31861 236 
  [TIME] CE=0ms logic_reg=0ms
  step   510/8000 (global=4510)  loss=0.0000  avg=4.3496  lr=0.000694  B=0  981ms
  [WB] boundary=102/100  core_diff=3.0618  bin_diff=0.0347  ratio=88.17  prune_act=0.0000
  [WB] structure=10/16 (62%)  opp_sim=-0.023
  [WB] BOUNDARY OK | CORE>BIN OK | PRUNE silent OK
  [TIME] CE=0ms logic_reg=0ms
  step   520/8000 (global=4520)  loss=0.0000  avg=4.5547  lr=0.000693  B=0  987ms
  [WB] boundary=102/100  core_diff=3.0626  bin_diff=0.0353  ratio=86.86  prune_act=0.0000
  [WB] structure=10/16 (62%)  opp_sim=-0.022
  [WB] BOUNDARY OK | CORE>BIN OK | PRUNE silent OK
    [plan-I] step 1649 W_v approx_rank=17.4 (frob=10.60 max_row=0.61)
    [ortho] step 1649 L0 W_o off_diag=0.28 diag_dev=0.0624
    [plan-I] step 1649 W_v approx_rank=17.4 (frob=10.56 max_row=0.61)
    [ortho] step 1649 L1 W_o off_diag=0.26 diag_dev=0.0674
    [plan-I] step 1649 W_v approx_rank=17.4 (frob=10.67 max_row=0.61)
    [ortho] step 1649 L2 W_o off_diag=0.27 diag_dev=0.0672
    [plan-I] step 1649 W_v approx_rank=17.3 (frob=10.55 max_row=0.61)
    [ortho] step 1649 L3 W_o off_diag=0.26 diag_dev=0.0666
    [plan-I] step 1649 W_v approx_rank=17.1 (frob=10.43 max_row=0.61)
    [ortho] step 1649 L4 W_o off_diag=0.26 diag_dev=0.0670
    [plan-I] step 1649 W_v approx_rank=17.4 (frob=10.70 max_row=0.62)
    [ortho] step 1649 L5 W_o off_diag=0.29 diag_dev=0.0653
    [plan-I] step 1649 W_v approx_rank=17.1 (frob=10.49 max_row=0.61)
    [ortho] step 1649 L6 W_o off_diag=0.29 diag_dev=0.0655
    [plan-I] step 1649 W_v approx_rank=17.1 (frob=10.60 max_row=0.62)
    [ortho] step 1649 L7 W_o off_diag=0.27 diag_dev=0.0679
  [DIVERSITY] max_cos=0.9990 n_collapsed=56/56 layers
  [LOGIC] mlp=-1532.9664 attn=-10.4342 div=33.6783
  [TIME] CE=61ms logic_reg=2321ms
  step   530/8000 (global=4530)  loss=5.5969  avg=4.6771  lr=0.000691  B=2  991ms
  [WB] boundary=102/100  core_diff=3.0802  bin_diff=0.0365  ratio=84.40  prune_act=0.0000
  [WB] structure=10/16 (62%)  opp_sim=-0.022
  [WB] BOUNDARY OK | CORE>BIN OK | PRUNE silent OK
  [LOGIC] mlp=-1528.5968 attn=-10.3768 div=33.6895
  [TIME] CE=60ms logic_reg=2376ms
  step   540/8000 (global=4540)  loss=9.0529  avg=4.7686  lr=0.000690  B=2  993ms
  [WB] boundary=102/100  core_diff=3.0548  bin_diff=0.0362  ratio=84.34  prune_act=0.0000
  [WB] structure=10/16 (62%)  opp_sim=-0.021
  [WB] BOUNDARY OK | CORE>BIN OK | PRUNE silent OK
  [DIVERSITY] max_cos=0.9991 n_collapsed=56/56 layers
  [LOGIC] mlp=-1539.0283 attn=-10.4070 div=33.6936
  [TIME] CE=59ms logic_reg=2324ms
  step   550/8000 (global=4550)  loss=7.7761  avg=4.9136  lr=0.000689  B=2  993ms
  [WB] boundary=102/100  core_diff=3.0590  bin_diff=0.0363  ratio=84.18  prune_act=0.0000
  [WB] structure=10/16 (62%)  opp_sim=-0.021
  [WB] BOUNDARY OK | CORE>BIN OK | PRUNE silent OK
[*] stateful inference started: window=9996, sinks=4, ctx=10240
[*] sliding window configured: W=9996, sinks=4 (effective context: 10000)
  [TRACE] "冷": L0[||x||=3.25 C268(+171.73--11.62) B1076(+4826.21--25.78) P448(max0.000)] L4[||x||=6.00 C268(+196.63--11.16) B1076(+2058.11--45.85) P448(max0.000)] L7[||x||=6.00 C268(+800.86--8.50) B1076(+11260.85--39.71) P448(max0.000)] | H=13.31/15 top3=31861 13 232 
  [TIME] CE=0ms logic_reg=0ms
  step   560/8000 (global=4560)  loss=0.0000  avg=4.4385  lr=0.000688  B=0  992ms
  [WB] boundary=102/100  core_diff=3.0562  bin_diff=0.0359  ratio=85.10  prune_act=0.0000
  [WB] structure=10/16 (62%)  opp_sim=-0.021
  [WB] BOUNDARY OK | CORE>BIN OK | PRUNE silent OK
  [TIME] CE=0ms logic_reg=0ms
  step   570/8000 (global=4570)  loss=0.0000  avg=4.3741  lr=0.000687  B=0  990ms
  [WB] boundary=102/100  core_diff=3.0470  bin_diff=0.0344  ratio=88.70  prune_act=0.0000
  [WB] structure=10/16 (62%)  opp_sim=-0.020
  [WB] BOUNDARY OK | CORE>BIN OK | PRUNE silent OK
  [LOGIC] mlp=-1533.4749 attn=-10.2334 div=33.7123
  [TIME] CE=61ms logic_reg=2386ms
  step   580/8000 (global=4580)  loss=10.2792  avg=3.9420  lr=0.000685  B=2  987ms
  [WB] boundary=102/100  core_diff=3.0424  bin_diff=0.0338  ratio=89.91  prune_act=0.0000
  [WB] structure=10/16 (62%)  opp_sim=-0.020
  [WB] BOUNDARY OK | CORE>BIN OK | PRUNE silent OK
  [TIME] CE=0ms logic_reg=0ms
  step   590/8000 (global=4590)  loss=0.0000  avg=3.4958  lr=0.000684  B=0  979ms
  [WB] boundary=102/100  core_diff=3.0452  bin_diff=0.0331  ratio=91.98  prune_act=0.0000
  [WB] structure=10/16 (62%)  opp_sim=-0.020
  [WB] BOUNDARY OK | CORE>BIN OK | PRUNE silent OK
  [LOGIC] mlp=-1546.9600 attn=-10.2705 div=33.7125
  [TIME] CE=60ms logic_reg=2362ms
  step   600/8000 (global=4600)  loss=8.2657  avg=3.7568  lr=0.000683  B=2  982ms
  [WB] boundary=102/100  core_diff=3.0700  bin_diff=0.0310  ratio=98.93  prune_act=0.0000
  [WB] structure=10/16 (62%)  opp_sim=-0.019
  [WB] BOUNDARY OK | CORE>BIN OK | PRUNE silent OK
[*] stateful inference started: window=9996, sinks=4, ctx=10240
[*] sliding window configured: W=9996, sinks=4 (effective context: 10000)
  [TRACE] "火": L0[||x||=3.28 C268(+160.01--11.49) B1076(+4925.33--28.10) P448(max0.000)] L4[||x||=6.00 C268(+204.98--11.03) B1076(+2173.43--45.77) P448(max0.000)] L7[||x||=6.00 C268(+889.10--8.16) B1076(+12736.44--31.51) P448(max0.000)] | H=12.45/15 top3=13 31861 31874 
  [LOGIC] mlp=-1550.1135 attn=-10.2953 div=33.7135
  [TIME] CE=162ms logic_reg=2431ms
  step   610/8000 (global=4610)  loss=9.1016  avg=3.6913  lr=0.000682  B=6  983ms
  [WB] boundary=102/100  core_diff=3.0832  bin_diff=0.0298  ratio=103.59  prune_act=0.0000
  [WB] structure=10/16 (62%)  opp_sim=-0.019
  [WB] BOUNDARY OK | CORE>BIN OK | PRUNE silent OK
    [plan-I] step 1699 W_v approx_rank=17.4 (frob=10.60 max_row=0.61)
    [ortho] step 1699 L0 W_o off_diag=0.27 diag_dev=0.0646
    [plan-I] step 1699 W_v approx_rank=17.4 (frob=10.56 max_row=0.61)
    [ortho] step 1699 L1 W_o off_diag=0.24 diag_dev=0.0678
    [plan-I] step 1699 W_v approx_rank=17.4 (frob=10.67 max_row=0.61)
    [ortho] step 1699 L2 W_o off_diag=0.24 diag_dev=0.0672
    [plan-I] step 1699 W_v approx_rank=17.3 (frob=10.55 max_row=0.61)
    [ortho] step 1699 L3 W_o off_diag=0.24 diag_dev=0.0676
    [plan-I] step 1699 W_v approx_rank=17.1 (frob=10.43 max_row=0.61)
    [ortho] step 1699 L4 W_o off_diag=0.25 diag_dev=0.0675
    [plan-I] step 1699 W_v approx_rank=17.4 (frob=10.70 max_row=0.62)
    [ortho] step 1699 L5 W_o off_diag=0.28 diag_dev=0.0671
    [plan-I] step 1699 W_v approx_rank=17.1 (frob=10.49 max_row=0.61)
    [ortho] step 1699 L6 W_o off_diag=0.28 diag_dev=0.0669
    [plan-I] step 1699 W_v approx_rank=17.1 (frob=10.60 max_row=0.62)
    [ortho] step 1699 L7 W_o off_diag=0.28 diag_dev=0.0681
  [DIVERSITY] max_cos=0.9992 n_collapsed=56/56 layers
  [LOGIC] mlp=-1554.0902 attn=-10.2846 div=33.7096
  [TIME] CE=115ms logic_reg=2345ms
  step   620/8000 (global=4620)  loss=6.6494  avg=3.7296  lr=0.000681  B=4  994ms
  [WB] boundary=102/100  core_diff=3.1209  bin_diff=0.0298  ratio=104.61  prune_act=0.0000
  [WB] structure=10/16 (62%)  opp_sim=-0.018
  [WB] BOUNDARY OK | CORE>BIN OK | PRUNE silent OK
  [LOGIC] mlp=-1563.2419 attn=-10.2707 div=33.7024
  [TIME] CE=60ms logic_reg=2334ms
  step   630/8000 (global=4630)  loss=5.0141  avg=4.0692  lr=0.000679  B=2  996ms
  [WB] boundary=102/100  core_diff=3.1486  bin_diff=0.0290  ratio=108.40  prune_act=0.0000
  [WB] structure=10/16 (62%)  opp_sim=-0.017
  [WB] BOUNDARY OK | CORE>BIN OK | PRUNE silent OK
  [LOGIC] mlp=-1563.0192 attn=-10.2944 div=33.6974
  [TIME] CE=61ms logic_reg=2534ms
  step   640/8000 (global=4640)  loss=8.9568  avg=4.5106  lr=0.000678  B=2  998ms
  [WB] boundary=102/100  core_diff=3.1726  bin_diff=0.0286  ratio=110.96  prune_act=0.0000
  [WB] structure=10/16 (62%)  opp_sim=-0.017
  [WB] BOUNDARY OK | CORE>BIN OK | PRUNE silent OK
  [TIME] CE=0ms logic_reg=0ms
  step   650/8000 (global=4650)  loss=0.0000  avg=4.5619  lr=0.000677  B=0  999ms
  [WB] boundary=102/100  core_diff=3.1802  bin_diff=0.0268  ratio=118.67  prune_act=0.0000
  [WB] structure=10/16 (62%)  opp_sim=-0.017
  [WB] BOUNDARY OK | CORE>BIN OK | PRUNE silent OK
[*] stateful inference started: window=9996, sinks=4, ctx=10240
[*] sliding window configured: W=9996, sinks=4 (effective context: 10000)
  [TRACE] "水": L0[||x||=3.19 C268(+131.13--13.56) B1076(+4446.34--26.94) P448(max0.000)] L4[||x||=6.00 C268(+228.95--13.73) B1076(+1992.11--46.22) P448(max0.000)] L7[||x||=6.00 C268(+938.97--7.48) B1076(+12841.07--28.17) P448(max0.000)] | H=13.07/15 top3=13 31861 31889 
  [TIME] CE=0ms logic_reg=0ms
  step   660/8000 (global=4660)  loss=0.0000  avg=4.7085  lr=0.000676  B=0  994ms
  [WB] boundary=102/100  core_diff=3.1852  bin_diff=0.0260  ratio=122.73  prune_act=0.0000
  [WB] structure=10/16 (62%)  opp_sim=-0.016
  [WB] BOUNDARY OK | CORE>BIN OK | PRUNE silent OK
  [LOGIC] mlp=-1556.2338 attn=-10.1946 div=33.7011
  [TIME] CE=60ms logic_reg=2330ms
  step   670/8000 (global=4670)  loss=9.9505  avg=4.7078  lr=0.000674  B=2  996ms
  [WB] boundary=102/100  core_diff=3.1677  bin_diff=0.0252  ratio=125.68  prune_act=0.0000
  [WB] structure=10/16 (62%)  opp_sim=-0.016
  [WB] BOUNDARY OK | CORE>BIN OK | PRUNE silent OK
  [LOGIC] mlp=-1571.4391 attn=-10.2131 div=33.7043
  [TIME] CE=62ms logic_reg=2329ms
  step   680/8000 (global=4680)  loss=7.4702  avg=4.1705  lr=0.000673  B=2  991ms
  [WB] boundary=102/100  core_diff=3.1660  bin_diff=0.0250  ratio=126.46  prune_act=0.0000
  [WB] structure=10/16 (62%)  opp_sim=-0.015
  [WB] BOUNDARY OK | CORE>BIN OK | PRUNE silent OK
  [LOGIC] mlp=-1562.8522 attn=-10.2635 div=33.7082
  [TIME] CE=61ms logic_reg=2359ms
  step   690/8000 (global=4690)  loss=8.5533  avg=4.0188  lr=0.000672  B=2  994ms
  [WB] boundary=101/100  core_diff=3.1549  bin_diff=0.0246  ratio=128.04  prune_act=0.0000
  [WB] structure=10/16 (62%)  opp_sim=-0.015
  [WB] BOUNDARY OK | CORE>BIN OK | PRUNE silent OK
  [LOGIC] mlp=-1565.8788 attn=-10.2057 div=33.7168
  [TIME] CE=110ms logic_reg=2391ms
  step   700/8000 (global=4700)  loss=10.1653  avg=4.0089  lr=0.000671  B=4  997ms
  [WB] boundary=101/100  core_diff=3.1359  bin_diff=0.0247  ratio=127.13  prune_act=0.0000
  [WB] structure=10/16 (62%)  opp_sim=-0.014
  [WB] BOUNDARY OK | CORE>BIN OK | PRUNE silent OK
[*] stateful inference started: window=9996, sinks=4, ctx=10240
[*] sliding window configured: W=9996, sinks=4 (effective context: 10000)
  [TRACE] "大": L0[||x||=3.28 C268(+171.27--11.32) B1076(+4919.58--29.77) P448(max0.000)] L4[||x||=6.00 C268(+224.12--11.55) B1076(+2192.84--46.08) P448(max0.000)] L7[||x||=6.00 C268(+864.48--7.08) B1076(+13667.45--26.74) P448(max0.000)] | H=12.55/15 top3=13 235 232 
    [plan-I] step 1749 W_v approx_rank=17.4 (frob=10.60 max_row=0.61)
    [ortho] step 1749 L0 W_o off_diag=0.28 diag_dev=0.0622
    [plan-I] step 1749 W_v approx_rank=17.4 (frob=10.56 max_row=0.61)
    [ortho] step 1749 L1 W_o off_diag=0.24 diag_dev=0.0674
    [plan-I] step 1749 W_v approx_rank=17.4 (frob=10.67 max_row=0.61)
    [ortho] step 1749 L2 W_o off_diag=0.25 diag_dev=0.0670
    [plan-I] step 1749 W_v approx_rank=17.3 (frob=10.55 max_row=0.61)
    [ortho] step 1749 L3 W_o off_diag=0.25 diag_dev=0.0664
    [plan-I] step 1749 W_v approx_rank=17.1 (frob=10.43 max_row=0.61)
    [ortho] step 1749 L4 W_o off_diag=0.25 diag_dev=0.0669
    [plan-I] step 1749 W_v approx_rank=17.4 (frob=10.70 max_row=0.62)
    [ortho] step 1749 L5 W_o off_diag=0.27 diag_dev=0.0657
    [plan-I] step 1749 W_v approx_rank=17.1 (frob=10.49 max_row=0.61)
    [ortho] step 1749 L6 W_o off_diag=0.27 diag_dev=0.0658
    [plan-I] step 1749 W_v approx_rank=17.1 (frob=10.60 max_row=0.62)
    [ortho] step 1749 L7 W_o off_diag=0.26 diag_dev=0.0668
  [DIVERSITY] max_cos=0.9992 n_collapsed=56/56 layers
  [LOGIC] mlp=-1570.8132 attn=-10.1280 div=33.7214
  [TIME] CE=60ms logic_reg=2335ms
  step   710/8000 (global=4710)  loss=9.5134  avg=3.9148  lr=0.000669  B=2  1001ms
  [WB] boundary=101/100  core_diff=3.1236  bin_diff=0.0257  ratio=121.32  prune_act=0.0000
  [WB] structure=10/16 (62%)  opp_sim=-0.014
  [WB] BOUNDARY OK | CORE>BIN OK | PRUNE silent OK
  [TIME] CE=0ms logic_reg=0ms
  step   720/8000 (global=4720)  loss=0.0000  avg=4.0810  lr=0.000668  B=0  999ms
  [WB] boundary=101/100  core_diff=3.1133  bin_diff=0.0264  ratio=118.06  prune_act=0.0000
  [WB] structure=10/16 (62%)  opp_sim=-0.014
  [WB] BOUNDARY OK | CORE>BIN OK | PRUNE silent OK
  [LOGIC] mlp=-1565.1973 attn=-10.0039 div=33.7301
  [TIME] CE=59ms logic_reg=2352ms
  step   730/8000 (global=4730)  loss=8.9137  avg=4.3498  lr=0.000667  B=2  1000ms
  [WB] boundary=101/100  core_diff=3.0964  bin_diff=0.0267  ratio=115.99  prune_act=0.0000
  [WB] structure=10/16 (62%)  opp_sim=-0.013
  [WB] BOUNDARY OK | CORE>BIN OK | PRUNE silent OK
  [TIME] CE=0ms logic_reg=0ms
  step   740/8000 (global=4740)  loss=0.0000  avg=4.4551  lr=0.000666  B=0  998ms
  [WB] boundary=101/100  core_diff=3.0953  bin_diff=0.0261  ratio=118.65  prune_act=0.0000
  [WB] structure=10/16 (62%)  opp_sim=-0.013
  [WB] BOUNDARY OK | CORE>BIN OK | PRUNE silent OK
  [TIME] CE=0ms logic_reg=0ms
  step   750/8000 (global=4750)  loss=0.0000  avg=4.5200  lr=0.000664  B=0  999ms
  [WB] boundary=101/100  core_diff=3.0845  bin_diff=0.0258  ratio=119.35  prune_act=0.0000
  [WB] structure=10/16 (62%)  opp_sim=-0.012
  [WB] BOUNDARY OK | CORE>BIN OK | PRUNE silent OK
[*] stateful inference started: window=9996, sinks=4, ctx=10240
[*] sliding window configured: W=9996, sinks=4 (effective context: 10000)
  [TRACE] "小": L0[||x||=3.40 C268(+153.25--11.33) B1076(+5115.61--29.86) P448(max0.000)] L4[||x||=6.00 C268(+248.21--12.03) B1076(+2228.02--45.98) P448(max0.000)] L7[||x||=6.00 C268(+941.93--6.44) B1076(+14557.58--23.58) P448(max0.000)] | H=13.26/15 top3=31861 13 234 
  [DIVERSITY] max_cos=0.9993 n_collapsed=56/56 layers
  [LOGIC] mlp=-1560.4773 attn=-9.8018 div=33.7424
  [TIME] CE=109ms logic_reg=2328ms
  step   760/8000 (global=4760)  loss=8.9671  avg=4.6501  lr=0.000663  B=4  1006ms
  [WB] boundary=101/100  core_diff=3.0540  bin_diff=0.0274  ratio=111.43  prune_act=0.0000
  [WB] structure=10/16 (62%)  opp_sim=-0.012
  [WB] BOUNDARY OK | CORE>BIN OK | PRUNE silent OK
  [LOGIC] mlp=-1563.7186 attn=-9.7845 div=33.7455
  [TIME] CE=111ms logic_reg=2419ms
  step   770/8000 (global=4770)  loss=8.1926  avg=4.8064  lr=0.000662  B=4  1007ms
  [WB] boundary=101/100  core_diff=3.0456  bin_diff=0.0277  ratio=109.88  prune_act=0.0000
  [WB] structure=10/16 (62%)  opp_sim=-0.011
  [WB] BOUNDARY OK | CORE>BIN OK | PRUNE silent OK
  [TIME] CE=0ms logic_reg=0ms
  step   780/8000 (global=4780)  loss=0.0000  avg=4.3155  lr=0.000661  B=0  1004ms
  [WB] boundary=101/100  core_diff=3.0379  bin_diff=0.0274  ratio=110.82  prune_act=0.0000
  [WB] structure=10/16 (62%)  opp_sim=-0.011
  [WB] BOUNDARY OK | CORE>BIN OK | PRUNE silent OK
  [TIME] CE=0ms logic_reg=0ms
  step   790/8000 (global=4790)  loss=0.0000  avg=4.4398  lr=0.000660  B=0  1005ms
  [WB] boundary=101/100  core_diff=3.0132  bin_diff=0.0263  ratio=114.63  prune_act=0.0000
  [WB] structure=10/16 (62%)  opp_sim=-0.011
  [WB] BOUNDARY OK | CORE>BIN OK | PRUNE silent OK
    [plan-I] step 1799 W_v approx_rank=17.4 (frob=10.60 max_row=0.61)
    [ortho] step 1799 L0 W_o off_diag=0.27 diag_dev=0.0651
    [plan-I] step 1799 W_v approx_rank=17.4 (frob=10.56 max_row=0.61)
    [ortho] step 1799 L1 W_o off_diag=0.24 diag_dev=0.0680
    [plan-I] step 1799 W_v approx_rank=17.4 (frob=10.67 max_row=0.61)
    [ortho] step 1799 L2 W_o off_diag=0.24 diag_dev=0.0673
    [plan-I] step 1799 W_v approx_rank=17.3 (frob=10.55 max_row=0.61)
    [ortho] step 1799 L3 W_o off_diag=0.24 diag_dev=0.0676
    [plan-I] step 1799 W_v approx_rank=17.1 (frob=10.43 max_row=0.61)
    [ortho] step 1799 L4 W_o off_diag=0.25 diag_dev=0.0674
    [plan-I] step 1799 W_v approx_rank=17.4 (frob=10.70 max_row=0.62)
    [ortho] step 1799 L5 W_o off_diag=0.25 diag_dev=0.0672
    [plan-I] step 1799 W_v approx_rank=17.1 (frob=10.49 max_row=0.61)
    [ortho] step 1799 L6 W_o off_diag=0.26 diag_dev=0.0670
    [plan-I] step 1799 W_v approx_rank=17.1 (frob=10.60 max_row=0.62)
    [ortho] step 1799 L7 W_o off_diag=0.25 diag_dev=0.0681
  [LOGIC] mlp=-1551.3362 attn=-9.5744 div=33.7594
  [TIME] CE=60ms logic_reg=2333ms
  step   800/8000 (global=4800)  loss=9.3020  avg=4.4851  lr=0.000658  B=2  1004ms
  [WB] boundary=101/100  core_diff=3.0029  bin_diff=0.0261  ratio=114.99  prune_act=0.0000
  [WB] structure=10/16 (62%)  opp_sim=-0.010
  [WB] BOUNDARY OK | CORE>BIN OK | PRUNE silent OK
[*] stateful inference started: window=9996, sinks=4, ctx=10240
[*] sliding window configured: W=9996, sinks=4 (effective context: 10000)
  [TRACE] "热": L0[||x||=3.49 C268(+208.94--11.27) B1076(+5618.48--36.02) P448(max0.000)] L4[||x||=6.00 C268(+267.85--9.39) B1076(+2554.06--45.76) P448(max0.000)] L7[||x||=6.00 C268(+943.64--6.55) B1076(+16262.47--23.35) P448(max0.000)] | H=12.10/15 top3=31861 13 236 
  [LOGIC] mlp=-1558.1838 attn=-9.6053 div=33.7586
  [TIME] CE=59ms logic_reg=2330ms
  step   810/8000 (global=4810)  loss=11.2904  avg=4.2343  lr=0.000657  B=2  1001ms
  [WB] boundary=101/100  core_diff=3.0087  bin_diff=0.0252  ratio=119.17  prune_act=0.0000
  [WB] structure=10/16 (62%)  opp_sim=-0.010
  [WB] BOUNDARY OK | CORE>BIN OK | PRUNE silent OK
  [LOGIC] mlp=-1560.1002 attn=-9.6363 div=33.7586
  [TIME] CE=59ms logic_reg=2329ms
  step   820/8000 (global=4820)  loss=8.6229  avg=4.1000  lr=0.000656  B=2  1005ms
  [WB] boundary=101/100  core_diff=3.0134  bin_diff=0.0239  ratio=126.18  prune_act=0.0000
  [WB] structure=10/16 (62%)  opp_sim=-0.009
  [WB] BOUNDARY OK | CORE>BIN OK | PRUNE silent OK
  [TIME] CE=0ms logic_reg=0ms
  step   830/8000 (global=4830)  loss=0.0000  avg=3.8991  lr=0.000655  B=0  1004ms
  [WB] boundary=101/100  core_diff=3.0360  bin_diff=0.0238  ratio=127.33  prune_act=0.0000
  [WB] structure=10/16 (62%)  opp_sim=-0.009
  [WB] BOUNDARY OK | CORE>BIN OK | PRUNE silent OK
  [DIVERSITY] max_cos=0.9993 n_collapsed=56/56 layers
  [TIME] CE=0ms logic_reg=0ms
  step   840/8000 (global=4840)  loss=0.0000  avg=4.0580  lr=0.000653  B=0  1008ms
  [WB] boundary=101/100  core_diff=3.0725  bin_diff=0.0238  ratio=129.16  prune_act=0.0000
  [WB] structure=10/16 (62%)  opp_sim=-0.008
  [WB] BOUNDARY OK | CORE>BIN OK | PRUNE silent OK
  [TIME] CE=0ms logic_reg=0ms
  step   850/8000 (global=4850)  loss=0.0000  avg=4.2060  lr=0.000652  B=0  1007ms
  [WB] boundary=101/100  core_diff=3.0918  bin_diff=0.0237  ratio=130.34  prune_act=0.0000
  [WB] structure=10/16 (62%)  opp_sim=-0.008
  [WB] BOUNDARY OK | CORE>BIN OK | PRUNE silent OK
[*] stateful inference started: window=9996, sinks=4, ctx=10240
[*] sliding window configured: W=9996, sinks=4 (effective context: 10000)
  [TRACE] "冷": L0[||x||=3.52 C268(+154.22--11.52) B1076(+5419.05--30.88) P448(max0.000)] L4[||x||=6.00 C268(+260.42--11.89) B1076(+2386.20--44.80) P448(max0.000)] L7[||x||=6.00 C268(+864.09--6.93) B1076(+15998.60--22.42) P448(max0.000)] | H=13.24/15 top3=31861 13 236 
  [LOGIC] mlp=-1577.5414 attn=-9.7156 div=33.7484
  [TIME] CE=62ms logic_reg=2381ms
  step   860/8000 (global=4860)  loss=6.8511  avg=4.2326  lr=0.000651  B=2  1005ms
  [WB] boundary=101/100  core_diff=3.0946  bin_diff=0.0233  ratio=132.53  prune_act=0.0000
  [WB] structure=10/16 (62%)  opp_sim=-0.008
  [WB] BOUNDARY OK | CORE>BIN OK | PRUNE silent OK
  [TIME] CE=0ms logic_reg=0ms
  step   870/8000 (global=4870)  loss=0.0000  avg=4.2369  lr=0.000649  B=0  1006ms
  [WB] boundary=101/100  core_diff=3.0964  bin_diff=0.0226  ratio=136.84  prune_act=0.0000
  [WB] structure=10/16 (62%)  opp_sim=-0.007
  [WB] BOUNDARY OK | CORE>BIN OK | PRUNE silent OK
  [LOGIC] mlp=-1568.7279 attn=-9.6715 div=33.7537
  [TIME] CE=110ms logic_reg=2342ms
  step   880/8000 (global=4880)  loss=7.7943  avg=4.3445  lr=0.000648  B=4  1009ms
  [WB] boundary=101/100  core_diff=3.0852  bin_diff=0.0218  ratio=141.39  prune_act=0.0000
  [WB] structure=10/16 (62%)  opp_sim=-0.007
  [WB] BOUNDARY OK | CORE>BIN OK | PRUNE silent OK
    [plan-I] step 1849 W_v approx_rank=17.4 (frob=10.60 max_row=0.61)
    [ortho] step 1849 L0 W_o off_diag=0.25 diag_dev=0.0666
    [plan-I] step 1849 W_v approx_rank=17.4 (frob=10.56 max_row=0.61)
    [ortho] step 1849 L1 W_o off_diag=0.24 diag_dev=0.0690
    [plan-I] step 1849 W_v approx_rank=17.4 (frob=10.67 max_row=0.61)
    [ortho] step 1849 L2 W_o off_diag=0.27 diag_dev=0.0677
    [plan-I] step 1849 W_v approx_rank=17.3 (frob=10.55 max_row=0.61)
    [ortho] step 1849 L3 W_o off_diag=0.24 diag_dev=0.0683
    [plan-I] step 1849 W_v approx_rank=17.1 (frob=10.43 max_row=0.61)
    [ortho] step 1849 L4 W_o off_diag=0.24 diag_dev=0.0681
    [plan-I] step 1849 W_v approx_rank=17.4 (frob=10.70 max_row=0.62)
    [ortho] step 1849 L5 W_o off_diag=0.25 diag_dev=0.0685
    [plan-I] step 1849 W_v approx_rank=17.1 (frob=10.49 max_row=0.61)
    [ortho] step 1849 L6 W_o off_diag=0.25 diag_dev=0.0687
    [plan-I] step 1849 W_v approx_rank=17.1 (frob=10.60 max_row=0.62)
    [ortho] step 1849 L7 W_o off_diag=0.27 diag_dev=0.0683
  [DIVERSITY] max_cos=0.9993 n_collapsed=56/56 layers
  [LOGIC] mlp=-1580.1614 attn=-9.6379 div=33.7555
  [TIME] CE=59ms logic_reg=2428ms
  step   890/8000 (global=4890)  loss=6.7701  avg=4.0596  lr=0.000647  B=2  1011ms
  [WB] boundary=101/100  core_diff=3.0796  bin_diff=0.0221  ratio=139.66  prune_act=0.0000
  [WB] structure=10/16 (62%)  opp_sim=-0.006
  [WB] BOUNDARY OK | CORE>BIN OK | PRUNE silent OK
  [LOGIC] mlp=-1570.1832 attn=-9.5916 div=33.7633
  [TIME] CE=111ms logic_reg=2324ms
  step   900/8000 (global=4900)  loss=7.4777  avg=4.1372  lr=0.000646  B=4  1013ms
  [WB] boundary=101/100  core_diff=3.0605  bin_diff=0.0220  ratio=139.31  prune_act=0.0000
  [WB] structure=10/16 (62%)  opp_sim=-0.006
  [WB] BOUNDARY OK | CORE>BIN OK | PRUNE silent OK
[*] stateful inference started: window=9996, sinks=4, ctx=10240
[*] sliding window configured: W=9996, sinks=4 (effective context: 10000)
  [TRACE] "火": L0[||x||=3.55 C268(+181.71--11.08) B1076(+5673.12--32.12) P448(max0.000)] L4[||x||=6.00 C268(+299.54--11.28) B1076(+2519.11--44.62) P448(max0.000)] L7[||x||=6.00 C268(+950.42--6.64) B1076(+17223.22--21.35) P448(max0.000)] | H=12.91/15 top3=231 31861 13 
  [LOGIC] mlp=-1562.2089 attn=-9.4620 div=33.7725
  [TIME] CE=61ms logic_reg=2423ms
  step   910/8000 (global=4910)  loss=8.9195  avg=3.9996  lr=0.000644  B=2  1017ms
  [WB] boundary=101/100  core_diff=3.0349  bin_diff=0.0222  ratio=136.75  prune_act=0.0000
  [WB] structure=10/16 (62%)  opp_sim=-0.005
  [WB] BOUNDARY OK | CORE>BIN OK | PRUNE silent OK
  [LOGIC] mlp=-1575.2159 attn=-9.4768 div=33.7720
  [TIME] CE=60ms logic_reg=2340ms
  step   920/8000 (global=4920)  loss=11.5865  avg=4.3781  lr=0.000643  B=2  1016ms
  [WB] boundary=100/100  core_diff=3.0438  bin_diff=0.0228  ratio=133.35  prune_act=0.0000
  [WB] structure=10/16 (62%)  opp_sim=-0.005
  [WB] BOUNDARY OK | CORE>BIN OK | PRUNE silent OK
  [LOGIC] mlp=-1582.3920 attn=-9.5191 div=33.7678
  [TIME] CE=62ms logic_reg=2344ms
  step   930/8000 (global=4930)  loss=9.7270  avg=4.4997  lr=0.000642  B=2  1018ms
  [WB] boundary=100/100  core_diff=3.0667  bin_diff=0.0237  ratio=129.24  prune_act=0.0000
  [WB] structure=10/16 (62%)  opp_sim=-0.004
  [WB] BOUNDARY OK | CORE>BIN OK | PRUNE silent OK
  [TIME] CE=0ms logic_reg=0ms
  step   940/8000 (global=4940)  loss=0.0000  avg=4.4369  lr=0.000641  B=0  1015ms
  [WB] boundary=100/100  core_diff=3.0944  bin_diff=0.0245  ratio=126.24  prune_act=0.0000
  [WB] structure=10/16 (62%)  opp_sim=-0.004
  [WB] BOUNDARY OK | CORE>BIN OK | PRUNE silent OK
  [TIME] CE=0ms logic_reg=0ms
  step   950/8000 (global=4950)  loss=0.0000  avg=3.8137  lr=0.000639  B=0  1006ms
  [WB] boundary=100/100  core_diff=3.0974  bin_diff=0.0247  ratio=125.64  prune_act=0.0000
  [WB] structure=10/16 (62%)  opp_sim=-0.004
  [WB] BOUNDARY OK | CORE>BIN OK | PRUNE silent OK
[*] stateful inference started: window=9996, sinks=4, ctx=10240
[*] sliding window configured: W=9996, sinks=4 (effective context: 10000)
  [TRACE] "水": L0[||x||=3.48 C268(+176.89--14.72) B1076(+5244.55--26.55) P448(max0.000)] L4[||x||=6.00 C268(+310.98--11.72) B1076(+2401.50--44.95) P448(max0.000)] L7[||x||=6.00 C268(+1023.62--5.82) B1076(+17596.91--20.08) P448(max0.000)] | H=12.64/15 top3=232 31861 231 
  [TIME] CE=0ms logic_reg=0ms
  step   960/8000 (global=4960)  loss=0.0000  avg=3.3195  lr=0.000638  B=0  998ms
  [WB] boundary=100/100  core_diff=3.1008  bin_diff=0.0248  ratio=124.85  prune_act=0.0000
  [WB] structure=10/16 (62%)  opp_sim=-0.004
  [WB] BOUNDARY OK | CORE>BIN OK | PRUNE silent OK
  [TIME] CE=0ms logic_reg=0ms
  step   970/8000 (global=4970)  loss=0.0000  avg=3.1314  lr=0.000637  B=0  993ms
  [WB] boundary=100/100  core_diff=3.1122  bin_diff=0.0254  ratio=122.29  prune_act=0.0000
  [WB] structure=10/16 (62%)  opp_sim=-0.004
  [WB] BOUNDARY OK | CORE>BIN OK | PRUNE silent OK
  [LOGIC] mlp=-1575.5751 attn=-9.5325 div=33.7526
  [TIME] CE=59ms logic_reg=2352ms
  step   980/8000 (global=4980)  loss=4.8399  avg=3.2401  lr=0.000636  B=2  996ms
  [WB] boundary=100/100  core_diff=3.1421  bin_diff=0.0267  ratio=117.64  prune_act=0.0000
  [WB] structure=10/16 (62%)  opp_sim=-0.003
  [WB] BOUNDARY OK | CORE>BIN OK | PRUNE silent OK
    [plan-I] step 1899 W_v approx_rank=17.4 (frob=10.60 max_row=0.61)
    [ortho] step 1899 L0 W_o off_diag=0.27 diag_dev=0.0652
    [plan-I] step 1899 W_v approx_rank=17.4 (frob=10.56 max_row=0.61)
    [ortho] step 1899 L1 W_o off_diag=0.23 diag_dev=0.0686
    [plan-I] step 1899 W_v approx_rank=17.4 (frob=10.67 max_row=0.61)
    [ortho] step 1899 L2 W_o off_diag=0.24 diag_dev=0.0681
    [plan-I] step 1899 W_v approx_rank=17.3 (frob=10.55 max_row=0.61)
    [ortho] step 1899 L3 W_o off_diag=0.23 diag_dev=0.0681
    [plan-I] step 1899 W_v approx_rank=17.1 (frob=10.43 max_row=0.61)
    [ortho] step 1899 L4 W_o off_diag=0.24 diag_dev=0.0684
    [plan-I] step 1899 W_v approx_rank=17.4 (frob=10.70 max_row=0.62)
    [ortho] step 1899 L5 W_o off_diag=0.25 diag_dev=0.0679
    [plan-I] step 1899 W_v approx_rank=17.1 (frob=10.49 max_row=0.61)
    [ortho] step 1899 L6 W_o off_diag=0.25 diag_dev=0.0675
    [plan-I] step 1899 W_v approx_rank=17.1 (frob=10.60 max_row=0.62)
    [ortho] step 1899 L7 W_o off_diag=0.25 diag_dev=0.0686
  [DIVERSITY] max_cos=0.9992 n_collapsed=56/56 layers
  [LOGIC] mlp=-1588.8685 attn=-9.5573 div=33.7511
  [TIME] CE=111ms logic_reg=2447ms
  step   990/8000 (global=4990)  loss=4.8825  avg=3.0722  lr=0.000634  B=4  1000ms
  [WB] boundary=100/100  core_diff=3.1488  bin_diff=0.0280  ratio=112.49  prune_act=0.0000
  [WB] structure=10/16 (62%)  opp_sim=-0.002
  [WB] BOUNDARY OK | CORE>BIN OK | PRUNE silent OK
  [LOGIC] mlp=-1582.2224 attn=-9.4896 div=33.7555
  [TIME] CE=159ms logic_reg=2327ms
  step  1000/8000 (global=5000)  loss=7.2972  avg=3.3612  lr=0.000633  B=6  1002ms
  [WB] boundary=100/100  core_diff=3.1414  bin_diff=0.0293  ratio=107.04  prune_act=0.0000
  [WB] structure=10/16 (62%)  opp_sim=-0.002
  [WB] BOUNDARY OK | CORE>BIN OK | PRUNE silent OK
[*] stateful inference started: window=9996, sinks=4, ctx=10240
[*] sliding window configured: W=9996, sinks=4 (effective context: 10000)
  [TRACE] "大": L0[||x||=3.55 C268(+149.84--12.77) B1076(+5364.50--25.72) P448(max0.000)] L4[||x||=6.00 C268(+321.49--11.19) B1076(+2454.59--44.72) P448(max0.000)] L7[||x||=6.00 C268(+1160.41--6.28) B1076(+18339.72--19.57) P448(max0.000)] | H=12.83/15 top3=31861 232 233 
  [DIVERSITY] max_cos=0.9992 n_collapsed=56/56 layers
  [TIME] CE=0ms logic_reg=0ms
  step  1010/8000 (global=5010)  loss=0.0000  avg=3.7360  lr=0.000632  B=0  1004ms
  [WB] boundary=100/100  core_diff=3.1510  bin_diff=0.0305  ratio=103.33  prune_act=0.0000
  [WB] structure=10/16 (62%)  opp_sim=-0.002
  [WB] BOUNDARY OK | CORE>BIN OK | PRUNE silent OK
  [LOGIC] mlp=-1593.1477 attn=-9.4478 div=33.7481
  [TIME] CE=61ms logic_reg=2329ms
  step  1020/8000 (global=5020)  loss=4.2866  avg=4.1742  lr=0.000631  B=2  1003ms
  [WB] boundary=100/100  core_diff=3.1697  bin_diff=0.0314  ratio=100.84  prune_act=0.0000
  [WB] structure=10/16 (62%)  opp_sim=-0.001
  [WB] BOUNDARY OK | CORE>BIN OK | PRUNE silent OK
  [LOGIC] mlp=-1597.5341 attn=-9.4620 div=33.7443
  [TIME] CE=63ms logic_reg=2338ms
  step  1030/8000 (global=5030)  loss=7.2700  avg=4.2221  lr=0.000629  B=2  1000ms
  [WB] boundary=100/100  core_diff=3.1822  bin_diff=0.0321  ratio=99.23  prune_act=0.0000
  [WB] structure=10/16 (62%)  opp_sim=-0.001
  [WB] BOUNDARY OK | CORE>BIN OK | PRUNE silent OK
  [TIME] CE=0ms logic_reg=0ms
  step  1040/8000 (global=5040)  loss=0.0000  avg=4.6834  lr=0.000628  B=0  1003ms
  [WB] boundary=100/100  core_diff=3.1678  bin_diff=0.0328  ratio=96.48  prune_act=0.0000
  [WB] structure=10/16 (62%)  opp_sim=-0.000
  [WB] BOUNDARY OK | CORE>BIN OK | PRUNE silent OK
  [LOGIC] mlp=-1579.7786 attn=-9.4034 div=33.7530
  [TIME] CE=109ms logic_reg=2423ms
  step  1050/8000 (global=5050)  loss=7.7675  avg=4.2423  lr=0.000627  B=4  1001ms
  [WB] boundary=100/100  core_diff=3.1518  bin_diff=0.0337  ratio=93.45  prune_act=0.0000
  [WB] structure=10/16 (62%)  opp_sim=-0.000
  [WB] BOUNDARY OK | CORE>BIN OK | PRUNE silent OK
[*] stateful inference started: window=9996, sinks=4, ctx=10240
[*] sliding window configured: W=9996, sinks=4 (effective context: 10000)
  [TRACE] "小": L0[||x||=3.63 C268(+142.34--12.93) B1076(+5224.13--24.60) P448(max0.000)] L4[||x||=6.00 C268(+382.49--9.86) B1076(+2389.61--44.82) P448(max0.000)] L7[||x||=6.00 C268(+1214.25--7.24) B1076(+19314.57--19.14) P448(max0.000)] | H=13.42/15 top3=231 31861 233 
  [DIVERSITY] max_cos=0.9993 n_collapsed=56/56 layers
  [LOGIC] mlp=-1583.2682 attn=-9.3384 div=33.7604
  [TIME] CE=60ms logic_reg=2324ms
  step  1060/8000 (global=5060)  loss=5.5513  avg=4.0452  lr=0.000625  B=2  1004ms
  [WB] boundary=100/100  core_diff=3.1234  bin_diff=0.0346  ratio=90.35  prune_act=0.0000
  [WB] structure=10/16 (62%)  opp_sim=0.000
  [WB] BOUNDARY OK | CORE>BIN OK | PRUNE silent OK
  [LOGIC] mlp=-1587.4784 attn=-9.3075 div=33.7671
  [TIME] CE=60ms logic_reg=2359ms
  step  1070/8000 (global=5070)  loss=3.7503  avg=4.1028  lr=0.000624  B=2  1004ms
  [WB] boundary=100/100  core_diff=3.1032  bin_diff=0.0341  ratio=90.87  prune_act=0.0000
  [WB] structure=10/16 (62%)  opp_sim=0.001
  [WB] BOUNDARY OK | CORE>BIN OK | PRUNE silent OK
    [plan-I] step 1949 W_v approx_rank=17.4 (frob=10.60 max_row=0.61)
    [ortho] step 1949 L0 W_o off_diag=0.23 diag_dev=0.0667
    [plan-I] step 1949 W_v approx_rank=17.4 (frob=10.56 max_row=0.61)
    [ortho] step 1949 L1 W_o off_diag=0.23 diag_dev=0.0695
    [plan-I] step 1949 W_v approx_rank=17.4 (frob=10.67 max_row=0.61)
    [ortho] step 1949 L2 W_o off_diag=0.23 diag_dev=0.0688
    [plan-I] step 1949 W_v approx_rank=17.3 (frob=10.55 max_row=0.61)
    [ortho] step 1949 L3 W_o off_diag=0.23 diag_dev=0.0690
    [plan-I] step 1949 W_v approx_rank=17.1 (frob=10.43 max_row=0.61)
    [ortho] step 1949 L4 W_o off_diag=0.23 diag_dev=0.0688
    [plan-I] step 1949 W_v approx_rank=17.4 (frob=10.70 max_row=0.62)
    [ortho] step 1949 L5 W_o off_diag=0.24 diag_dev=0.0686
    [plan-I] step 1949 W_v approx_rank=17.1 (frob=10.49 max_row=0.61)
    [ortho] step 1949 L6 W_o off_diag=0.25 diag_dev=0.0685
    [plan-I] step 1949 W_v approx_rank=17.1 (frob=10.60 max_row=0.62)
    [ortho] step 1949 L7 W_o off_diag=0.27 diag_dev=0.0677
  [TIME] CE=0ms logic_reg=0ms
  step  1080/8000 (global=5080)  loss=0.0000  avg=3.9012  lr=0.000623  B=0  1000ms
  [WB] boundary=100/100  core_diff=3.1081  bin_diff=0.0342  ratio=90.87  prune_act=0.0000
  [WB] structure=10/16 (62%)  opp_sim=0.001
  [WB] BOUNDARY OK | CORE>BIN OK | PRUNE silent OK
  [LOGIC] mlp=-1595.1794 attn=-9.3232 div=33.7679
  [TIME] CE=61ms logic_reg=2323ms
  step  1090/8000 (global=5090)  loss=4.8145  avg=4.0942  lr=0.000622  B=2  1001ms
  [WB] boundary=100/100  core_diff=3.1111  bin_diff=0.0341  ratio=91.33  prune_act=0.0000
  [WB] structure=10/16 (62%)  opp_sim=0.002
  [WB] BOUNDARY OK | CORE>BIN OK | PRUNE silent OK
  [DIVERSITY] max_cos=0.9992 n_collapsed=56/56 layers
  [TIME] CE=0ms logic_reg=0ms
  step  1100/8000 (global=5100)  loss=0.0000  avg=4.5268  lr=0.000620  B=0  1004ms
  [WB] boundary=100/100  core_diff=3.1646  bin_diff=0.0341  ratio=92.77  prune_act=0.0000
  [WB] structure=10/16 (62%)  opp_sim=0.002
  [WB] BOUNDARY OK | CORE>BIN OK | PRUNE silent OK
[*] stateful inference started: window=9996, sinks=4, ctx=10240
[*] sliding window configured: W=9996, sinks=4 (effective context: 10000)
  [TRACE] "热": L0[||x||=3.66 C268(+125.59--13.15) B1076(+5324.10--24.78) P448(max0.000)] L4[||x||=6.00 C268(+341.14--10.37) B1076(+2416.66--45.27) P448(max0.000)] L7[||x||=6.00 C268(+1195.82--6.08) B1076(+19786.03--19.04) P448(max0.000)] | H=13.36/15 top3=31861 236 233 
  [TIME] CE=0ms logic_reg=0ms
  step  1110/8000 (global=5110)  loss=0.0000  avg=4.5260  lr=0.000619  B=0  1003ms
  [WB] boundary=100/100  core_diff=3.1867  bin_diff=0.0342  ratio=93.29  prune_act=0.0000
  [WB] structure=10/16 (62%)  opp_sim=0.002
  [WB] BOUNDARY OK | CORE>BIN OK | PRUNE silent OK
  [TIME] CE=0ms logic_reg=0ms
  step  1120/8000 (global=5120)  loss=0.0000  avg=3.8158  lr=0.000618  B=0  998ms
  [WB] boundary=100/100  core_diff=3.1967  bin_diff=0.0345  ratio=92.74  prune_act=0.0000
  [WB] structure=10/16 (62%)  opp_sim=0.003
  [WB] BOUNDARY OK | CORE>BIN OK | PRUNE silent OK
  [LOGIC] mlp=-1605.2880 attn=-9.4414 div=33.7475
  [TIME] CE=112ms logic_reg=2332ms
  step  1130/8000 (global=5130)  loss=9.1833  avg=3.7210  lr=0.000617  B=4  996ms
  [WB] boundary=100/100  core_diff=3.2127  bin_diff=0.0352  ratio=91.32  prune_act=0.0000
  [WB] structure=10/16 (62%)  opp_sim=0.003
  [WB] BOUNDARY OK | CORE>BIN OK | PRUNE silent OK
  [LOGIC] mlp=-1606.0033 attn=-9.4358 div=33.7459
  [TIME] CE=60ms logic_reg=2327ms
  step  1140/8000 (global=5140)  loss=5.1712  avg=4.0145  lr=0.000615  B=2  998ms
  [WB] boundary=100/100  core_diff=3.2126  bin_diff=0.0357  ratio=89.91  prune_act=0.0000
  [WB] structure=10/16 (62%)  opp_sim=0.003
  [WB] BOUNDARY OK | CORE>BIN OK | PRUNE silent OK
  [LOGIC] mlp=-1604.8352 attn=-9.4322 div=33.7474
  [TIME] CE=62ms logic_reg=2366ms
  step  1150/8000 (global=5150)  loss=6.8553  avg=3.9728  lr=0.000614  B=2  999ms
  [WB] boundary=100/100  core_diff=3.2122  bin_diff=0.0356  ratio=90.28  prune_act=0.0000
  [WB] structure=10/16 (62%)  opp_sim=0.004
  [WB] BOUNDARY OK | CORE>BIN OK | PRUNE silent OK
[*] stateful inference started: window=9996, sinks=4, ctx=10240
[*] sliding window configured: W=9996, sinks=4 (effective context: 10000)
  [TRACE] "冷": L0[||x||=3.68 C268(+137.78--13.09) B1076(+5256.90--23.83) P448(max0.000)] L4[||x||=6.00 C268(+363.59--9.81) B1076(+2343.12--45.51) P448(max0.000)] L7[||x||=6.00 C268(+1172.27--5.62) B1076(+20042.66--19.36) P448(max0.000)] | H=13.18/15 top3=31861 13 231 
  [LOGIC] mlp=-1606.6210 attn=-9.4043 div=33.7577
  [TIME] CE=61ms logic_reg=2388ms
  step  1160/8000 (global=5160)  loss=5.0193  avg=3.5464  lr=0.000613  B=2  1000ms
  [WB] boundary=100/100  core_diff=3.1808  bin_diff=0.0353  ratio=90.12  prune_act=0.0000
  [WB] structure=10/16 (62%)  opp_sim=0.004
  [WB] BOUNDARY OK | CORE>BIN OK | PRUNE silent OK
    [plan-I] step 1999 W_v approx_rank=17.4 (frob=10.60 max_row=0.61)
    [ortho] step 1999 L0 W_o off_diag=0.26 diag_dev=0.0645
    [plan-I] step 1999 W_v approx_rank=17.4 (frob=10.56 max_row=0.61)
    [ortho] step 1999 L1 W_o off_diag=0.24 diag_dev=0.0675
    [plan-I] step 1999 W_v approx_rank=17.4 (frob=10.67 max_row=0.61)
    [ortho] step 1999 L2 W_o off_diag=0.24 diag_dev=0.0675
    [plan-I] step 1999 W_v approx_rank=17.3 (frob=10.55 max_row=0.61)
    [ortho] step 1999 L3 W_o off_diag=0.24 diag_dev=0.0683
    [plan-I] step 1999 W_v approx_rank=17.1 (frob=10.43 max_row=0.61)
    [ortho] step 1999 L4 W_o off_diag=0.24 diag_dev=0.0678
    [plan-I] step 1999 W_v approx_rank=17.4 (frob=10.70 max_row=0.62)
    [ortho] step 1999 L5 W_o off_diag=0.25 diag_dev=0.0682
    [plan-I] step 1999 W_v approx_rank=17.1 (frob=10.49 max_row=0.61)
    [ortho] step 1999 L6 W_o off_diag=0.25 diag_dev=0.0684
    [plan-I] step 1999 W_v approx_rank=17.1 (frob=10.60 max_row=0.62)
    [ortho] step 1999 L7 W_o off_diag=0.26 diag_dev=0.0670
  [LOGIC] mlp=-1597.2794 attn=-9.3163 div=33.7728
  [TIME] CE=60ms logic_reg=2330ms
  step  1170/8000 (global=5170)  loss=9.5311  avg=3.8358  lr=0.000611  B=2  1005ms
  [WB] boundary=100/100  core_diff=3.1364  bin_diff=0.0349  ratio=89.99  prune_act=0.0000
  [WB] structure=10/16 (62%)  opp_sim=0.005
  [WB] BOUNDARY OK | CORE>BIN OK | PRUNE silent OK
  [TIME] CE=0ms logic_reg=0ms
  step  1180/8000 (global=5180)  loss=0.0000  avg=4.1939  lr=0.000610  B=0  1007ms
  [WB] boundary=99/100  core_diff=3.1332  bin_diff=0.0351  ratio=89.26  prune_act=0.0000
  [WB] structure=10/16 (62%)  opp_sim=0.005
  [WB] BOUNDARY OK | CORE>BIN OK | PRUNE silent OK
  [TIME] CE=0ms logic_reg=0ms
  step  1190/8000 (global=5190)  loss=0.0000  avg=4.3679  lr=0.000609  B=0  1007ms
  [WB] boundary=99/100  core_diff=3.1425  bin_diff=0.0359  ratio=87.63  prune_act=0.0000
  [WB] structure=10/16 (62%)  opp_sim=0.006
  [WB] BOUNDARY OK | CORE>BIN OK | PRUNE silent OK
  [DIVERSITY] max_cos=0.9992 n_collapsed=56/56 layers
  [LOGIC] mlp=-1608.2333 attn=-9.2594 div=33.7665
  [TIME] CE=58ms logic_reg=2411ms
  step  1200/8000 (global=5200)  loss=4.1060  avg=4.6799  lr=0.000608  B=2  1011ms
  [WB] boundary=99/100  core_diff=3.1582  bin_diff=0.0366  ratio=86.30  prune_act=0.0000
  [WB] structure=10/16 (62%)  opp_sim=0.006
  [WB] BOUNDARY OK | CORE>BIN OK | PRUNE silent OK
[*] stateful inference started: window=9996, sinks=4, ctx=10240
[*] sliding window configured: W=9996, sinks=4 (effective context: 10000)
  [TRACE] "火": L0[||x||=3.69 C268(+124.88--11.93) B1076(+5348.60--23.90) P448(max0.000)] L4[||x||=6.00 C268(+365.32--10.90) B1076(+2494.62--44.63) P448(max0.000)] L7[||x||=6.00 C268(+1051.04--5.64) B1076(+21181.50--18.83) P448(max0.000)] | H=13.09/15 top3=31861 231 13 
  [LOGIC] mlp=-1612.4113 attn=-9.2877 div=33.7669
  [TIME] CE=126ms logic_reg=2378ms
  step  1210/8000 (global=5210)  loss=7.2215  avg=4.3416  lr=0.000606  B=4  1009ms
  [WB] boundary=99/100  core_diff=3.1590  bin_diff=0.0365  ratio=86.63  prune_act=0.0000
  [WB] structure=10/16 (62%)  opp_sim=0.007
  [WB] BOUNDARY OK | CORE>BIN OK | PRUNE silent OK
  [TIME] CE=0ms logic_reg=0ms
  step  1220/8000 (global=5220)  loss=0.0000  avg=4.3183  lr=0.000605  B=0  1009ms
  [WB] boundary=99/100  core_diff=3.1569  bin_diff=0.0364  ratio=86.68  prune_act=0.0000
  [WB] structure=10/16 (62%)  opp_sim=0.007
  [WB] BOUNDARY OK | CORE>BIN OK | PRUNE silent OK
  [TIME] CE=0ms logic_reg=0ms
  step  1230/8000 (global=5230)  loss=0.0000  avg=4.0628  lr=0.000604  B=0  1007ms
  [WB] boundary=99/100  core_diff=3.1482  bin_diff=0.0361  ratio=87.15  prune_act=0.0000
  [WB] structure=10/16 (62%)  opp_sim=0.007
  [WB] BOUNDARY OK | CORE>BIN OK | PRUNE silent OK
  [DIVERSITY] max_cos=0.9993 n_collapsed=56/56 layers
  [LOGIC] mlp=-1608.8307 attn=-9.2335 div=33.7811
  [TIME] CE=59ms logic_reg=2318ms
  step  1240/8000 (global=5240)  loss=8.0330  avg=3.9922  lr=0.000602  B=2  1009ms
  [WB] boundary=99/100  core_diff=3.1186  bin_diff=0.0355  ratio=87.91  prune_act=0.0000
  [WB] structure=10/16 (62%)  opp_sim=0.008
  [WB] BOUNDARY OK | CORE>BIN OK | PRUNE silent OK
  [LOGIC] mlp=-1611.4600 attn=-9.2473 div=33.7817
  [TIME] CE=59ms logic_reg=2557ms
  step  1250/8000 (global=5250)  loss=8.3808  avg=3.7478  lr=0.000601  B=2  1005ms
  [WB] boundary=99/100  core_diff=3.1175  bin_diff=0.0353  ratio=88.22  prune_act=0.0000
  [WB] structure=10/16 (62%)  opp_sim=0.008
  [WB] BOUNDARY OK | CORE>BIN OK | PRUNE silent OK
[*] stateful inference started: window=9996, sinks=4, ctx=10240
[*] sliding window configured: W=9996, sinks=4 (effective context: 10000)
  [TRACE] "水": L0[||x||=3.59 C268(+175.59--17.55) B1076(+5055.54--22.67) P448(max0.000)] L4[||x||=6.00 C268(+422.95--9.21) B1076(+2557.21--44.89) P448(max0.000)] L7[||x||=6.00 C268(+1206.63--4.83) B1076(+22238.73--18.40) P448(max0.000)] | H=12.60/15 top3=31861 232 235 
    [plan-I] step 2049 W_v approx_rank=17.4 (frob=10.60 max_row=0.61)
    [ortho] step 2049 L0 W_o off_diag=0.26 diag_dev=0.0646
    [plan-I] step 2049 W_v approx_rank=17.4 (frob=10.56 max_row=0.61)
    [ortho] step 2049 L1 W_o off_diag=0.23 diag_dev=0.0686
    [plan-I] step 2049 W_v approx_rank=17.4 (frob=10.67 max_row=0.61)
    [ortho] step 2049 L2 W_o off_diag=0.23 diag_dev=0.0697
    [plan-I] step 2049 W_v approx_rank=17.3 (frob=10.55 max_row=0.61)
    [ortho] step 2049 L3 W_o off_diag=0.23 diag_dev=0.0696
    [plan-I] step 2049 W_v approx_rank=17.1 (frob=10.43 max_row=0.61)
    [ortho] step 2049 L4 W_o off_diag=0.24 diag_dev=0.0690
    [plan-I] step 2049 W_v approx_rank=17.4 (frob=10.70 max_row=0.62)
    [ortho] step 2049 L5 W_o off_diag=0.24 diag_dev=0.0689
    [plan-I] step 2049 W_v approx_rank=17.1 (frob=10.49 max_row=0.61)
    [ortho] step 2049 L6 W_o off_diag=0.25 diag_dev=0.0689
    [plan-I] step 2049 W_v approx_rank=17.1 (frob=10.60 max_row=0.62)
    [ortho] step 2049 L7 W_o off_diag=0.24 diag_dev=0.0716
  [LOGIC] mlp=-1609.2406 attn=-9.2585 div=33.7819
  [TIME] CE=57ms logic_reg=2346ms
  step  1260/8000 (global=5260)  loss=9.3564  avg=3.9400  lr=0.000600  B=2  1008ms
  [WB] boundary=99/100  core_diff=3.1284  bin_diff=0.0352  ratio=88.88  prune_act=0.0000
  [WB] structure=10/16 (62%)  opp_sim=0.009
  [WB] BOUNDARY OK | CORE>BIN OK | PRUNE silent OK
  [LOGIC] mlp=-1612.1168 attn=-9.2450 div=33.7828
  [TIME] CE=59ms logic_reg=2317ms
  step  1270/8000 (global=5270)  loss=9.0925  avg=3.7616  lr=0.000599  B=2  1006ms
  [WB] boundary=99/100  core_diff=3.1271  bin_diff=0.0348  ratio=89.89  prune_act=0.0000
  [WB] structure=10/16 (62%)  opp_sim=0.009
  [WB] BOUNDARY OK | CORE>BIN OK | PRUNE silent OK
  [LOGIC] mlp=-1610.5155 attn=-9.2125 div=33.7849
  [TIME] CE=304ms logic_reg=2327ms
  step  1280/8000 (global=5280)  loss=8.6278  avg=4.2433  lr=0.000597  B=2  1010ms
  [WB] boundary=99/100  core_diff=3.1270  bin_diff=0.0339  ratio=92.13  prune_act=0.0000
  [WB] structure=10/16 (62%)  opp_sim=0.010
  [WB] BOUNDARY OK | CORE>BIN OK | PRUNE silent OK
  [LOGIC] mlp=-1617.9613 attn=-9.2046 div=33.7872
  [TIME] CE=117ms logic_reg=2345ms
  step  1290/8000 (global=5290)  loss=8.1883  avg=4.3513  lr=0.000596  B=4  1013ms
  [WB] boundary=99/100  core_diff=3.1249  bin_diff=0.0333  ratio=93.85  prune_act=0.0000
  [WB] structure=10/16 (62%)  opp_sim=0.010
  [WB] BOUNDARY OK | CORE>BIN OK | PRUNE silent OK
  [TIME] CE=0ms logic_reg=0ms
  step  1300/8000 (global=5300)  loss=0.0000  avg=4.1913  lr=0.000595  B=0  1011ms
  [WB] boundary=99/100  core_diff=3.1064  bin_diff=0.0322  ratio=96.45  prune_act=0.0000
  [WB] structure=10/16 (62%)  opp_sim=0.010
  [WB] BOUNDARY OK | CORE>BIN OK | PRUNE silent OK
[*] stateful inference started: window=9996, sinks=4, ctx=10240
[*] sliding window configured: W=9996, sinks=4 (effective context: 10000)
  [TRACE] "大": L0[||x||=3.71 C268(+147.95--12.43) B1076(+5808.05--24.68) P448(max0.000)] L4[||x||=6.00 C268(+385.85--11.33) B1076(+2847.78--44.16) P448(max0.000)] L7[||x||=6.00 C268(+1066.82--5.19) B1076(+22731.64--18.15) P448(max0.000)] | H=12.45/15 top3=232 31861 31874 
  [TIME] CE=0ms logic_reg=0ms
  step  1310/8000 (global=5310)  loss=0.0000  avg=4.4365  lr=0.000593  B=0  1012ms
  [WB] boundary=99/100  core_diff=3.1012  bin_diff=0.0322  ratio=96.23  prune_act=0.0000
  [WB] structure=10/16 (62%)  opp_sim=0.011
  [WB] BOUNDARY OK | CORE>BIN OK | PRUNE silent OK
  [LOGIC] mlp=-1613.6262 attn=-9.0800 div=33.7982
  [TIME] CE=55ms logic_reg=2322ms
  step  1320/8000 (global=5320)  loss=8.5932  avg=4.5024  lr=0.000592  B=2  1013ms
  [WB] boundary=99/100  core_diff=3.0841  bin_diff=0.0311  ratio=99.20  prune_act=0.0000
  [WB] structure=10/16 (62%)  opp_sim=0.011
  [WB] BOUNDARY OK | CORE>BIN OK | PRUNE silent OK
  [LOGIC] mlp=-1605.5359 attn=-9.0261 div=33.8035
  [TIME] CE=55ms logic_reg=2438ms
  step  1330/8000 (global=5330)  loss=7.1239  avg=4.7289  lr=0.000591  B=2  1017ms
  [WB] boundary=99/100  core_diff=3.0686  bin_diff=0.0307  ratio=99.87  prune_act=0.0000
  [WB] structure=10/16 (62%)  opp_sim=0.012
  [WB] BOUNDARY OK | CORE>BIN OK | PRUNE silent OK
  [LOGIC] mlp=-1613.9475 attn=-9.0318 div=33.8060
  [TIME] CE=54ms logic_reg=2318ms
  step  1340/8000 (global=5340)  loss=6.6092  avg=4.3834  lr=0.000590  B=2  1017ms
  [WB] boundary=99/100  core_diff=3.0617  bin_diff=0.0304  ratio=100.56  prune_act=0.0000
  [WB] structure=10/16 (62%)  opp_sim=0.012
  [WB] BOUNDARY OK | CORE>BIN OK | PRUNE silent OK
    [plan-I] step 2099 W_v approx_rank=17.4 (frob=10.60 max_row=0.61)
    [ortho] step 2099 L0 W_o off_diag=0.26 diag_dev=0.0632
    [plan-I] step 2099 W_v approx_rank=17.4 (frob=10.56 max_row=0.61)
    [ortho] step 2099 L1 W_o off_diag=0.24 diag_dev=0.0668
    [plan-I] step 2099 W_v approx_rank=17.4 (frob=10.67 max_row=0.61)
    [ortho] step 2099 L2 W_o off_diag=0.23 diag_dev=0.0676
    [plan-I] step 2099 W_v approx_rank=17.3 (frob=10.55 max_row=0.61)
    [ortho] step 2099 L3 W_o off_diag=0.23 diag_dev=0.0681
    [plan-I] step 2099 W_v approx_rank=17.1 (frob=10.43 max_row=0.61)
    [ortho] step 2099 L4 W_o off_diag=0.23 diag_dev=0.0681
    [plan-I] step 2099 W_v approx_rank=17.4 (frob=10.70 max_row=0.62)
    [ortho] step 2099 L5 W_o off_diag=0.24 diag_dev=0.0679
    [plan-I] step 2099 W_v approx_rank=17.1 (frob=10.49 max_row=0.61)
    [ortho] step 2099 L6 W_o off_diag=0.23 diag_dev=0.0687
    [plan-I] step 2099 W_v approx_rank=17.1 (frob=10.60 max_row=0.62)
    [ortho] step 2099 L7 W_o off_diag=0.25 diag_dev=0.0675
  [TIME] CE=0ms logic_reg=0ms
  step  1350/8000 (global=5350)  loss=0.0000  avg=3.9108  lr=0.000588  B=0  1015ms
  [WB] boundary=99/100  core_diff=3.0597  bin_diff=0.0306  ratio=99.94  prune_act=0.0000
  [WB] structure=10/16 (62%)  opp_sim=0.013
  [WB] BOUNDARY OK | CORE>BIN OK | PRUNE silent OK
[*] stateful inference started: window=9996, sinks=4, ctx=10240
[*] sliding window configured: W=9996, sinks=4 (effective context: 10000)
  [TRACE] "小": L0[||x||=3.84 C268(+164.89--11.71) B1076(+6155.14--26.00) P448(max0.000)] L4[||x||=6.00 C268(+374.81--11.72) B1076(+3148.56--43.42) P448(max0.000)] L7[||x||=6.00 C268(+966.44--6.18) B1076(+24284.59--17.57) P448(max0.000)] | H=12.14/15 top3=31861 234 232 
  [TIME] CE=0ms logic_reg=0ms
  step  1360/8000 (global=5360)  loss=0.0000  avg=4.2235  lr=0.000587  B=0  1017ms
  [WB] boundary=99/100  core_diff=3.0616  bin_diff=0.0308  ratio=99.45  prune_act=0.0000
  [WB] structure=10/16 (62%)  opp_sim=0.013
  [WB] BOUNDARY OK | CORE>BIN OK | PRUNE silent OK
  [TIME] CE=0ms logic_reg=0ms
  step  1370/8000 (global=5370)  loss=0.0000  avg=3.9982  lr=0.000586  B=0  1016ms
  [WB] boundary=99/100  core_diff=3.0605  bin_diff=0.0304  ratio=100.57  prune_act=0.0000
  [WB] structure=10/16 (62%)  opp_sim=0.013
  [WB] BOUNDARY OK | CORE>BIN OK | PRUNE silent OK
  [TIME] CE=0ms logic_reg=0ms
  step  1380/8000 (global=5380)  loss=0.0000  avg=4.2307  lr=0.000584  B=0  1015ms
  [WB] boundary=99/100  core_diff=3.0697  bin_diff=0.0306  ratio=100.39  prune_act=0.0000
  [WB] structure=10/16 (62%)  opp_sim=0.014
  [WB] BOUNDARY OK | CORE>BIN OK | PRUNE silent OK
  [LOGIC] mlp=-1614.0420 attn=-8.9461 div=33.8086
  [TIME] CE=56ms logic_reg=2355ms
  step  1390/8000 (global=5390)  loss=6.8906  avg=4.5026  lr=0.000583  B=2  1022ms
  [WB] boundary=99/100  core_diff=3.0757  bin_diff=0.0295  ratio=104.15  prune_act=0.0000
  [WB] structure=10/16 (62%)  opp_sim=0.014
  [WB] BOUNDARY OK | CORE>BIN OK | PRUNE silent OK
  [LOGIC] mlp=-1614.7532 attn=-8.9213 div=33.8110
  [TIME] CE=56ms logic_reg=2331ms
  step  1400/8000 (global=5400)  loss=9.0201  avg=4.2704  lr=0.000582  B=2  1020ms
  [WB] boundary=99/100  core_diff=3.0723  bin_diff=0.0292  ratio=105.12  prune_act=0.0000
  [WB] structure=10/16 (62%)  opp_sim=0.015
  [WB] BOUNDARY OK | CORE>BIN OK | PRUNE silent OK
[*] stateful inference started: window=9996, sinks=4, ctx=10240
[*] sliding window configured: W=9996, sinks=4 (effective context: 10000)
  [TRACE] "热": L0[||x||=3.88 C268(+188.08--10.25) B1076(+6211.14--25.85) P448(max0.000)] L4[||x||=6.00 C268(+351.91--11.20) B1076(+3226.71--43.54) P448(max0.000)] L7[||x||=6.00 C268(+868.12--4.98) B1076(+25107.18--17.31) P448(max0.000)] | H=11.14/15 top3=232 31861 13 
  [TIME] CE=0ms logic_reg=0ms
  step  1410/8000 (global=5410)  loss=0.0000  avg=4.2762  lr=0.000580  B=0  1019ms
  [WB] boundary=98/100  core_diff=3.0882  bin_diff=0.0295  ratio=104.62  prune_act=0.0000
  [WB] structure=10/16 (62%)  opp_sim=0.015
  [WB] BOUNDARY OK | CORE>BIN OK | PRUNE silent OK
  [LOGIC] mlp=-1613.1996 attn=-8.9916 div=33.8036
  [TIME] CE=57ms logic_reg=2339ms
  step  1420/8000 (global=5420)  loss=11.0113  avg=4.3840  lr=0.000579  B=2  1020ms
  [WB] boundary=98/100  core_diff=3.1141  bin_diff=0.0303  ratio=102.89  prune_act=0.0000
  [WB] structure=10/16 (62%)  opp_sim=0.016
  [WB] BOUNDARY OK | CORE>BIN OK | PRUNE silent OK
    [plan-I] step 2149 W_v approx_rank=17.4 (frob=10.60 max_row=0.61)
    [ortho] step 2149 L0 W_o off_diag=0.24 diag_dev=0.0660
    [plan-I] step 2149 W_v approx_rank=17.4 (frob=10.56 max_row=0.61)
    [ortho] step 2149 L1 W_o off_diag=0.23 diag_dev=0.0677
    [plan-I] step 2149 W_v approx_rank=17.4 (frob=10.67 max_row=0.61)
    [ortho] step 2149 L2 W_o off_diag=0.23 diag_dev=0.0679
    [plan-I] step 2149 W_v approx_rank=17.3 (frob=10.55 max_row=0.61)
    [ortho] step 2149 L3 W_o off_diag=0.23 diag_dev=0.0684
    [plan-I] step 2149 W_v approx_rank=17.1 (frob=10.43 max_row=0.61)
    [ortho] step 2149 L4 W_o off_diag=0.24 diag_dev=0.0681
    [plan-I] step 2149 W_v approx_rank=17.4 (frob=10.70 max_row=0.62)
    [ortho] step 2149 L5 W_o off_diag=0.24 diag_dev=0.0685
    [plan-I] step 2149 W_v approx_rank=17.1 (frob=10.49 max_row=0.61)
    [ortho] step 2149 L6 W_o off_diag=0.24 diag_dev=0.0688
    [plan-I] step 2149 W_v approx_rank=17.1 (frob=10.60 max_row=0.62)
    [ortho] step 2149 L7 W_o off_diag=0.24 diag_dev=0.0688
  [LOGIC] mlp=-1617.8965 attn=-9.0036 div=33.8031
  [TIME] CE=110ms logic_reg=2356ms
  step  1430/8000 (global=5430)  loss=7.6297  avg=4.3284  lr=0.000578  B=4  1022ms
  [WB] boundary=98/100  core_diff=3.1173  bin_diff=0.0296  ratio=105.24  prune_act=0.0000
  [WB] structure=10/16 (62%)  opp_sim=0.016
  [WB] BOUNDARY OK | CORE>BIN OK | PRUNE silent OK
  [LOGIC] mlp=-1615.0051 attn=-8.9765 div=33.8050
  [TIME] CE=54ms logic_reg=2383ms
  step  1440/8000 (global=5440)  loss=7.6891  avg=4.1673  lr=0.000577  B=2  1020ms
  [WB] boundary=98/100  core_diff=3.1088  bin_diff=0.0291  ratio=106.94  prune_act=0.0000
  [WB] structure=10/16 (62%)  opp_sim=0.016
  [WB] BOUNDARY OK | CORE>BIN OK | PRUNE silent OK
  [LOGIC] mlp=-1621.8574 attn=-8.9614 div=33.8051
  [TIME] CE=56ms logic_reg=2412ms
  step  1450/8000 (global=5450)  loss=7.0636  avg=3.9479  lr=0.000575  B=2  1021ms
  [WB] boundary=98/100  core_diff=3.1177  bin_diff=0.0287  ratio=108.61  prune_act=0.0000
  [WB] structure=10/16 (62%)  opp_sim=0.017
  [WB] BOUNDARY OK | CORE>BIN OK | PRUNE silent OK
[*] stateful inference started: window=9996, sinks=4, ctx=10240
[*] sliding window configured: W=9996, sinks=4 (effective context: 10000)
  [TRACE] "冷": L0[||x||=3.91 C268(+176.12--12.13) B1076(+6178.28--25.79) P448(max0.000)] L4[||x||=6.00 C268(+376.38--9.24) B1076(+3118.70--42.29) P448(max0.000)] L7[||x||=6.00 C268(+767.76--6.24) B1076(+24552.24--17.55) P448(max0.000)] | H=12.51/15 top3=231 31861 232 
  [TIME] CE=0ms logic_reg=0ms
  step  1460/8000 (global=5460)  loss=0.0000  avg=3.7884  lr=0.000574  B=0  1017ms
  [WB] boundary=98/100  core_diff=3.1195  bin_diff=0.0284  ratio=109.87  prune_act=0.0000
  [WB] structure=10/16 (62%)  opp_sim=0.017
  [WB] BOUNDARY OK | CORE>BIN OK | PRUNE silent OK
  [LOGIC] mlp=-1625.3190 attn=-8.9397 div=33.8077
  [TIME] CE=105ms logic_reg=2419ms
  step  1470/8000 (global=5470)  loss=7.6505  avg=3.7672  lr=0.000573  B=4  1020ms
  [WB] boundary=98/100  core_diff=3.1114  bin_diff=0.0275  ratio=113.03  prune_act=0.0000
  [WB] structure=10/16 (62%)  opp_sim=0.018
  [WB] BOUNDARY OK | CORE>BIN OK | PRUNE silent OK
  [LOGIC] mlp=-1623.6433 attn=-8.9369 div=33.8074
  [TIME] CE=105ms logic_reg=2324ms
  step  1480/8000 (global=5480)  loss=4.7836  avg=3.9151  lr=0.000571  B=4  1022ms
  [WB] boundary=98/100  core_diff=3.1178  bin_diff=0.0279  ratio=111.87  prune_act=0.0000
  [WB] structure=10/16 (62%)  opp_sim=0.018
  [WB] BOUNDARY OK | CORE>BIN OK | PRUNE silent OK
  [LOGIC] mlp=-1620.8217 attn=-8.9281 div=33.8056
  [TIME] CE=104ms logic_reg=2318ms
  step  1490/8000 (global=5490)  loss=7.1954  avg=3.8895  lr=0.000570  B=4  1022ms
  [WB] boundary=98/100  core_diff=3.1236  bin_diff=0.0282  ratio=110.81  prune_act=0.0000
  [WB] structure=10/16 (62%)  opp_sim=0.018
  [WB] BOUNDARY OK | CORE>BIN OK | PRUNE silent OK
  [DIVERSITY] max_cos=0.9994 n_collapsed=56/56 layers
  [LOGIC] mlp=-1625.3420 attn=-8.9237 div=33.8054
  [TIME] CE=55ms logic_reg=2323ms
  step  1500/8000 (global=5500)  loss=7.6100  avg=4.0673  lr=0.000569  B=2  1024ms
  [WB] boundary=98/100  core_diff=3.1303  bin_diff=0.0285  ratio=109.95  prune_act=0.0000
  [WB] structure=10/16 (62%)  opp_sim=0.019
  [WB] BOUNDARY OK | CORE>BIN OK | PRUNE silent OK
[*] stateful inference started: window=9996, sinks=4, ctx=10240
[*] sliding window configured: W=9996, sinks=4 (effective context: 10000)
  [TRACE] "火": L0[||x||=3.89 C268(+171.92--11.01) B1076(+6067.59--25.61) P448(max0.000)] L4[||x||=6.00 C268(+391.63--9.08) B1076(+3096.29--42.28) P448(max0.000)] L7[||x||=6.00 C268(+729.74--5.37) B1076(+24747.37--17.38) P448(max0.000)] | H=12.57/15 top3=234 31861 32422 
  [LOGIC] mlp=-1628.7719 attn=-8.9390 div=33.8005
  [TIME] CE=104ms logic_reg=2330ms
  step  1510/8000 (global=5510)  loss=9.0725  avg=4.4162  lr=0.000567  B=4  1025ms
  [WB] boundary=98/100  core_diff=3.1502  bin_diff=0.0285  ratio=110.72  prune_act=0.0000
  [WB] structure=10/16 (62%)  opp_sim=0.019
  [WB] BOUNDARY OK | CORE>BIN OK | PRUNE silent OK
    [plan-I] step 2199 W_v approx_rank=17.4 (frob=10.60 max_row=0.61)
    [ortho] step 2199 L0 W_o off_diag=0.24 diag_dev=0.0688
    [plan-I] step 2199 W_v approx_rank=17.4 (frob=10.56 max_row=0.61)
    [ortho] step 2199 L1 W_o off_diag=0.23 diag_dev=0.0699
    [plan-I] step 2199 W_v approx_rank=17.4 (frob=10.67 max_row=0.61)
    [ortho] step 2199 L2 W_o off_diag=0.23 diag_dev=0.0698
    [plan-I] step 2199 W_v approx_rank=17.3 (frob=10.55 max_row=0.61)
    [ortho] step 2199 L3 W_o off_diag=0.23 diag_dev=0.0698
    [plan-I] step 2199 W_v approx_rank=17.1 (frob=10.43 max_row=0.61)
    [ortho] step 2199 L4 W_o off_diag=0.23 diag_dev=0.0697
    [plan-I] step 2199 W_v approx_rank=17.4 (frob=10.70 max_row=0.62)
    [ortho] step 2199 L5 W_o off_diag=0.23 diag_dev=0.0697
    [plan-I] step 2199 W_v approx_rank=17.1 (frob=10.49 max_row=0.61)
    [ortho] step 2199 L6 W_o off_diag=0.23 diag_dev=0.0698
    [plan-I] step 2199 W_v approx_rank=17.1 (frob=10.60 max_row=0.62)
    [ortho] step 2199 L7 W_o off_diag=0.22 diag_dev=0.0710
  [TIME] CE=0ms logic_reg=0ms
  step  1520/8000 (global=5520)  loss=0.0000  avg=4.2999  lr=0.000566  B=0  1024ms
  [WB] boundary=98/100  core_diff=3.1721  bin_diff=0.0288  ratio=110.17  prune_act=0.0000
  [WB] structure=10/16 (62%)  opp_sim=0.020
  [WB] BOUNDARY OK | CORE>BIN OK | PRUNE silent OK
  [LOGIC] mlp=-1627.7128 attn=-8.9618 div=33.7919
  [TIME] CE=105ms logic_reg=2452ms
  step  1530/8000 (global=5530)  loss=5.9997  avg=4.1989  lr=0.000565  B=4  1022ms
  [WB] boundary=98/100  core_diff=3.1888  bin_diff=0.0289  ratio=110.47  prune_act=0.0000
  [WB] structure=10/16 (62%)  opp_sim=0.020
  [WB] BOUNDARY OK | CORE>BIN OK | PRUNE silent OK
  [LOGIC] mlp=-1634.7170 attn=-8.9721 div=33.7909
  [TIME] CE=57ms logic_reg=2557ms
  step  1540/8000 (global=5540)  loss=10.0360  avg=4.3107  lr=0.000564  B=2  1023ms
  [WB] boundary=98/100  core_diff=3.1947  bin_diff=0.0288  ratio=110.82  prune_act=0.0000
  [WB] structure=10/16 (62%)  opp_sim=0.020
  [WB] BOUNDARY OK | CORE>BIN OK | PRUNE silent OK
  [LOGIC] mlp=-1626.1576 attn=-8.9766 div=33.7932
  [TIME] CE=56ms logic_reg=2438ms
  step  1550/8000 (global=5550)  loss=10.2460  avg=4.2379  lr=0.000562  B=2  1023ms
  [WB] boundary=98/100  core_diff=3.1904  bin_diff=0.0286  ratio=111.48  prune_act=0.0000
  [WB] structure=10/16 (62%)  opp_sim=0.021
  [WB] BOUNDARY OK | CORE>BIN OK | PRUNE silent OK
[*] stateful inference started: window=9996, sinks=4, ctx=10240
[*] sliding window configured: W=9996, sinks=4 (effective context: 10000)
  [TRACE] "水": L0[||x||=3.71 C268(+210.60--15.68) B1076(+5319.41--23.09) P448(max0.000)] L4[||x||=6.00 C268(+482.40--7.73) B1076(+2705.88--42.69) P448(max0.000)] L7[||x||=6.00 C268(+920.31--3.80) B1076(+23960.85--17.80) P448(max0.000)] | H=11.68/15 top3=232 235 234 
  [LOGIC] mlp=-1636.4746 attn=-8.9887 div=33.7886
  [TIME] CE=71ms logic_reg=2348ms
  step  1560/8000 (global=5560)  loss=7.9500  avg=4.3746  lr=0.000561  B=2  1025ms
  [WB] boundary=98/100  core_diff=3.2166  bin_diff=0.0289  ratio=111.13  prune_act=0.0000
  [WB] structure=10/16 (62%)  opp_sim=0.021
  [WB] BOUNDARY OK | CORE>BIN OK | PRUNE silent OK
  [TIME] CE=0ms logic_reg=0ms
  step  1570/8000 (global=5570)  loss=0.0000  avg=3.9973  lr=0.000560  B=0  1024ms
  [WB] boundary=98/100  core_diff=3.2370  bin_diff=0.0289  ratio=112.01  prune_act=0.0000
  [WB] structure=10/16 (62%)  opp_sim=0.021
  [WB] BOUNDARY OK | CORE>BIN OK | PRUNE silent OK
  [DIVERSITY] max_cos=0.9992 n_collapsed=56/56 layers
  [TIME] CE=0ms logic_reg=0ms
  step  1580/8000 (global=5580)  loss=0.0000  avg=4.1169  lr=0.000558  B=0  1023ms
  [WB] boundary=98/100  core_diff=3.2329  bin_diff=0.0284  ratio=113.78  prune_act=0.0000
  [WB] structure=10/16 (62%)  opp_sim=0.022
  [WB] BOUNDARY OK | CORE>BIN OK | PRUNE silent OK
  [TIME] CE=0ms logic_reg=0ms
  step  1590/8000 (global=5590)  loss=0.0000  avg=4.1144  lr=0.000557  B=0  1023ms
  [WB] boundary=98/100  core_diff=3.2203  bin_diff=0.0277  ratio=116.37  prune_act=0.0000
  [WB] structure=10/16 (62%)  opp_sim=0.022
  [WB] BOUNDARY OK | CORE>BIN OK | PRUNE silent OK
  [TIME] CE=0ms logic_reg=0ms
  step  1600/8000 (global=5600)  loss=0.0000  avg=4.2753  lr=0.000556  B=0  1024ms
  [WB] boundary=98/100  core_diff=3.2053  bin_diff=0.0273  ratio=117.53  prune_act=0.0000
  [WB] structure=10/16 (62%)  opp_sim=0.023
  [WB] BOUNDARY OK | CORE>BIN OK | PRUNE silent OK
[*] stateful inference started: window=9996, sinks=4, ctx=10240
[*] sliding window configured: W=9996, sinks=4 (effective context: 10000)
  [TRACE] "大": L0[||x||=3.82 C268(+146.70--11.72) B1076(+5877.73--24.88) P448(max0.000)] L4[||x||=6.00 C268(+402.63--8.58) B1076(+2900.49--41.16) P448(max0.000)] L7[||x||=6.00 C268(+671.23--4.84) B1076(+23744.06--18.12) P448(max0.000)] | H=13.35/15 top3=232 235 31861 
    [plan-I] step 2249 W_v approx_rank=17.4 (frob=10.60 max_row=0.61)
    [ortho] step 2249 L0 W_o off_diag=0.23 diag_dev=0.0672
    [plan-I] step 2249 W_v approx_rank=17.4 (frob=10.56 max_row=0.61)
    [ortho] step 2249 L1 W_o off_diag=0.23 diag_dev=0.0687
    [plan-I] step 2249 W_v approx_rank=17.4 (frob=10.67 max_row=0.61)
    [ortho] step 2249 L2 W_o off_diag=0.23 diag_dev=0.0689
    [plan-I] step 2249 W_v approx_rank=17.3 (frob=10.55 max_row=0.61)
    [ortho] step 2249 L3 W_o off_diag=0.22 diag_dev=0.0695
    [plan-I] step 2249 W_v approx_rank=17.1 (frob=10.43 max_row=0.61)
    [ortho] step 2249 L4 W_o off_diag=0.23 diag_dev=0.0693
    [plan-I] step 2249 W_v approx_rank=17.4 (frob=10.70 max_row=0.62)
    [ortho] step 2249 L5 W_o off_diag=0.23 diag_dev=0.0691
    [plan-I] step 2249 W_v approx_rank=17.1 (frob=10.49 max_row=0.61)
    [ortho] step 2249 L6 W_o off_diag=0.23 diag_dev=0.0694
    [plan-I] step 2249 W_v approx_rank=17.1 (frob=10.60 max_row=0.62)
    [ortho] step 2249 L7 W_o off_diag=0.24 diag_dev=0.0687
  [DIVERSITY] max_cos=0.9993 n_collapsed=56/56 layers
  [LOGIC] mlp=-1634.9034 attn=-8.9099 div=33.7963
  [TIME] CE=57ms logic_reg=2419ms
  step  1610/8000 (global=5610)  loss=9.2779  avg=4.5725  lr=0.000554  B=2  1024ms
  [WB] boundary=98/100  core_diff=3.1963  bin_diff=0.0269  ratio=118.86  prune_act=0.0000
  [WB] structure=10/16 (62%)  opp_sim=0.023
  [WB] BOUNDARY OK | CORE>BIN OK | PRUNE silent OK
  [TIME] CE=0ms logic_reg=0ms
  step  1620/8000 (global=5620)  loss=0.0000  avg=3.7739  lr=0.000553  B=0  1021ms
  [WB] boundary=98/100  core_diff=3.1948  bin_diff=0.0270  ratio=118.52  prune_act=0.0000
  [WB] structure=10/16 (62%)  opp_sim=0.023
  [WB] BOUNDARY OK | CORE>BIN OK | PRUNE silent OK
  [DIVERSITY] max_cos=0.9993 n_collapsed=56/56 layers
  [LOGIC] mlp=-1638.1261 attn=-8.9293 div=33.7987
  [TIME] CE=118ms logic_reg=2339ms
  step  1630/8000 (global=5630)  loss=7.2558  avg=4.0377  lr=0.000552  B=4  1023ms
  [WB] boundary=98/100  core_diff=3.1924  bin_diff=0.0272  ratio=117.51  prune_act=0.0000
  [WB] structure=10/16 (62%)  opp_sim=0.024
  [WB] BOUNDARY OK | CORE>BIN OK | PRUNE silent OK
  [LOGIC] mlp=-1634.1472 attn=-8.8992 div=33.8027
  [TIME] CE=59ms logic_reg=2478ms
  step  1640/8000 (global=5640)  loss=7.4235  avg=4.3842  lr=0.000551  B=2  1025ms
  [WB] boundary=98/100  core_diff=3.1765  bin_diff=0.0269  ratio=118.01  prune_act=0.0000
  [WB] structure=10/16 (62%)  opp_sim=0.024
  [WB] BOUNDARY OK | CORE>BIN OK | PRUNE silent OK
  [LOGIC] mlp=-1637.3975 attn=-8.9022 div=33.8030
  [TIME] CE=59ms logic_reg=2396ms
  step  1650/8000 (global=5650)  loss=8.6087  avg=4.2097  lr=0.000549  B=2  1023ms
  [WB] boundary=98/100  core_diff=3.1801  bin_diff=0.0272  ratio=116.76  prune_act=0.0000
  [WB] structure=10/16 (62%)  opp_sim=0.024
  [WB] BOUNDARY OK | CORE>BIN OK | PRUNE silent OK
[*] stateful inference started: window=9996, sinks=4, ctx=10240
[*] sliding window configured: W=9996, sinks=4 (effective context: 10000)
  [TRACE] "小": L0[||x||=3.90 C268(+142.13--11.36) B1076(+6042.00--25.04) P448(max0.000)] L4[||x||=6.00 C268(+450.14--7.97) B1076(+3076.93--40.56) P448(max0.000)] L7[||x||=6.00 C268(+740.80--4.17) B1076(+24649.56--18.17) P448(max0.000)] | H=13.11/15 top3=232 13 234 
  [LOGIC] mlp=-1633.7881 attn=-8.9111 div=33.8019
  [TIME] CE=109ms logic_reg=2327ms
  step  1660/8000 (global=5660)  loss=6.2856  avg=4.1033  lr=0.000548  B=4  1025ms
  [WB] boundary=98/100  core_diff=3.1862  bin_diff=0.0279  ratio=114.09  prune_act=0.0000
  [WB] structure=10/16 (62%)  opp_sim=0.025
  [WB] BOUNDARY OK | CORE>BIN OK | PRUNE silent OK
  [LOGIC] mlp=-1633.7018 attn=-8.8768 div=33.8064
  [TIME] CE=59ms logic_reg=2471ms
  step  1670/8000 (global=5670)  loss=5.7530  avg=4.2231  lr=0.000547  B=2  1025ms
  [WB] boundary=97/100  core_diff=3.1711  bin_diff=0.0279  ratio=113.76  prune_act=0.0000
  [WB] structure=10/16 (62%)  opp_sim=0.025
  [WB] BOUNDARY OK | CORE>BIN OK | PRUNE silent OK
  [DIVERSITY] max_cos=0.9993 n_collapsed=56/56 layers
  [LOGIC] mlp=-1636.6956 attn=-8.8875 div=33.8071
  [TIME] CE=58ms logic_reg=2353ms
  step  1680/8000 (global=5680)  loss=9.5088  avg=4.2031  lr=0.000545  B=2  1026ms
  [WB] boundary=97/100  core_diff=3.1739  bin_diff=0.0280  ratio=113.33  prune_act=0.0000
  [WB] structure=10/16 (62%)  opp_sim=0.026
  [WB] BOUNDARY OK | CORE>BIN OK | PRUNE silent OK
  [TIME] CE=0ms logic_reg=0ms
  step  1690/8000 (global=5690)  loss=0.0000  avg=4.5500  lr=0.000544  B=0  1028ms
  [WB] boundary=97/100  core_diff=3.1758  bin_diff=0.0277  ratio=114.77  prune_act=0.0000
  [WB] structure=10/16 (62%)  opp_sim=0.026
  [WB] BOUNDARY OK | CORE>BIN OK | PRUNE silent OK
    [plan-I] step 2299 W_v approx_rank=17.4 (frob=10.60 max_row=0.61)
    [ortho] step 2299 L0 W_o off_diag=0.23 diag_dev=0.0674
    [plan-I] step 2299 W_v approx_rank=17.4 (frob=10.56 max_row=0.61)
    [ortho] step 2299 L1 W_o off_diag=0.22 diag_dev=0.0688
    [plan-I] step 2299 W_v approx_rank=17.4 (frob=10.67 max_row=0.61)
    [ortho] step 2299 L2 W_o off_diag=0.23 diag_dev=0.0689
    [plan-I] step 2299 W_v approx_rank=17.3 (frob=10.55 max_row=0.61)
    [ortho] step 2299 L3 W_o off_diag=0.23 diag_dev=0.0688
    [plan-I] step 2299 W_v approx_rank=17.1 (frob=10.43 max_row=0.61)
    [ortho] step 2299 L4 W_o off_diag=0.23 diag_dev=0.0692
    [plan-I] step 2299 W_v approx_rank=17.4 (frob=10.70 max_row=0.62)
    [ortho] step 2299 L5 W_o off_diag=0.23 diag_dev=0.0695
    [plan-I] step 2299 W_v approx_rank=17.1 (frob=10.49 max_row=0.61)
    [ortho] step 2299 L6 W_o off_diag=0.23 diag_dev=0.0693
    [plan-I] step 2299 W_v approx_rank=17.1 (frob=10.60 max_row=0.62)
    [ortho] step 2299 L7 W_o off_diag=0.23 diag_dev=0.0696
  [TIME] CE=0ms logic_reg=0ms
  step  1700/8000 (global=5700)  loss=0.0000  avg=4.3357  lr=0.000543  B=0  1027ms
  [WB] boundary=97/100  core_diff=3.1686  bin_diff=0.0274  ratio=115.73  prune_act=0.0000
  [WB] structure=10/16 (62%)  opp_sim=0.026
  [WB] BOUNDARY OK | CORE>BIN OK | PRUNE silent OK
[*] stateful inference started: window=9996, sinks=4, ctx=10240
[*] sliding window configured: W=9996, sinks=4 (effective context: 10000)
  [TRACE] "热": L0[||x||=3.99 C268(+201.54--11.18) B1076(+6225.52--25.18) P448(max0.000)] L4[||x||=6.00 C268(+413.52--8.43) B1076(+3170.69--40.53) P448(max0.000)] L7[||x||=6.00 C268(+690.10--4.84) B1076(+25568.87--17.96) P448(max0.000)] | H=12.79/15 top3=232 235 234 
  [TIME] CE=0ms logic_reg=0ms
  step  1710/8000 (global=5710)  loss=0.0000  avg=4.6473  lr=0.000541  B=0  1030ms
  [WB] boundary=97/100  core_diff=3.1543  bin_diff=0.0269  ratio=117.06  prune_act=0.0000
  [WB] structure=10/16 (62%)  opp_sim=0.027
  [WB] BOUNDARY OK | CORE>BIN OK | PRUNE silent OK
  [LOGIC] mlp=-1636.9132 attn=-8.7707 div=33.8086
  [TIME] CE=253ms logic_reg=2344ms
  step  1720/8000 (global=5720)  loss=5.3644  avg=4.7646  lr=0.000540  B=4  1032ms
  [WB] boundary=97/100  core_diff=3.1657  bin_diff=0.0276  ratio=114.57  prune_act=0.0000
  [WB] structure=10/16 (62%)  opp_sim=0.027
  [WB] BOUNDARY OK | CORE>BIN OK | PRUNE silent OK
  [TIME] CE=0ms logic_reg=0ms
  step  1730/8000 (global=5730)  loss=0.0000  avg=4.7152  lr=0.000539  B=0  1031ms
  [WB] boundary=97/100  core_diff=3.1751  bin_diff=0.0281  ratio=113.19  prune_act=0.0000
  [WB] structure=10/16 (62%)  opp_sim=0.027
  [WB] BOUNDARY OK | CORE>BIN OK | PRUNE silent OK
  [TIME] CE=0ms logic_reg=0ms
  step  1740/8000 (global=5740)  loss=0.0000  avg=4.7643  lr=0.000537  B=0  1031ms
  [WB] boundary=97/100  core_diff=3.1742  bin_diff=0.0283  ratio=112.15  prune_act=0.0000
  [WB] structure=10/16 (62%)  opp_sim=0.028
  [WB] BOUNDARY OK | CORE>BIN OK | PRUNE silent OK
  [LOGIC] mlp=-1641.2877 attn=-8.7566 div=33.8070
  [TIME] CE=57ms logic_reg=2388ms
  step  1750/8000 (global=5750)  loss=6.5003  avg=4.5595  lr=0.000536  B=2  1032ms
  [WB] boundary=97/100  core_diff=3.1684  bin_diff=0.0284  ratio=111.75  prune_act=0.0000
  [WB] structure=10/16 (62%)  opp_sim=0.028
  [WB] BOUNDARY OK | CORE>BIN OK | PRUNE silent OK
[*] stateful inference started: window=9996, sinks=4, ctx=10240
[*] sliding window configured: W=9996, sinks=4 (effective context: 10000)
  [TRACE] "冷": L0[||x||=4.00 C268(+165.45--11.77) B1076(+6207.44--24.88) P448(max0.000)] L4[||x||=6.00 C268(+419.44--8.16) B1076(+3136.92--39.92) P448(max0.000)] L7[||x||=6.00 C268(+643.99--6.18) B1076(+25236.90--18.55) P448(max0.000)] | H=13.05/15 top3=32422 234 233 
  [DIVERSITY] max_cos=0.9993 n_collapsed=56/56 layers
  [TIME] CE=0ms logic_reg=0ms
  step  1760/8000 (global=5760)  loss=0.0000  avg=4.7648  lr=0.000535  B=0  1034ms
  [WB] boundary=97/100  core_diff=3.1601  bin_diff=0.0283  ratio=111.49  prune_act=0.0000
  [WB] structure=10/16 (62%)  opp_sim=0.029
  [WB] BOUNDARY OK | CORE>BIN OK | PRUNE silent OK
  [TIME] CE=0ms logic_reg=0ms
  step  1770/8000 (global=5770)  loss=0.0000  avg=4.5324  lr=0.000533  B=0  1032ms
  [WB] boundary=97/100  core_diff=3.1610  bin_diff=0.0289  ratio=109.20  prune_act=0.0000
  [WB] structure=10/16 (62%)  opp_sim=0.029
  [WB] BOUNDARY OK | CORE>BIN OK | PRUNE silent OK
    [plan-I] step 2349 W_v approx_rank=17.4 (frob=10.60 max_row=0.61)
    [ortho] step 2349 L0 W_o off_diag=0.23 diag_dev=0.0676
    [plan-I] step 2349 W_v approx_rank=17.4 (frob=10.56 max_row=0.61)
    [ortho] step 2349 L1 W_o off_diag=0.23 diag_dev=0.0689
    [plan-I] step 2349 W_v approx_rank=17.4 (frob=10.67 max_row=0.61)
    [ortho] step 2349 L2 W_o off_diag=0.22 diag_dev=0.0692
    [plan-I] step 2349 W_v approx_rank=17.3 (frob=10.55 max_row=0.61)
    [ortho] step 2349 L3 W_o off_diag=0.23 diag_dev=0.0688
    [plan-I] step 2349 W_v approx_rank=17.1 (frob=10.43 max_row=0.61)
    [ortho] step 2349 L4 W_o off_diag=0.23 diag_dev=0.0690
    [plan-I] step 2349 W_v approx_rank=17.4 (frob=10.70 max_row=0.62)
    [ortho] step 2349 L5 W_o off_diag=0.23 diag_dev=0.0687
    [plan-I] step 2349 W_v approx_rank=17.1 (frob=10.49 max_row=0.61)
    [ortho] step 2349 L6 W_o off_diag=0.23 diag_dev=0.0690
    [plan-I] step 2349 W_v approx_rank=17.1 (frob=10.60 max_row=0.62)
    [ortho] step 2349 L7 W_o off_diag=0.23 diag_dev=0.0695
  [DIVERSITY] max_cos=0.9993 n_collapsed=56/56 layers
  [TIME] CE=0ms logic_reg=0ms
  step  1780/8000 (global=5780)  loss=0.0000  avg=4.0929  lr=0.000532  B=0  1031ms
  [WB] boundary=97/100  core_diff=3.1662  bin_diff=0.0295  ratio=107.18  prune_act=0.0000
  [WB] structure=10/16 (62%)  opp_sim=0.029
  [WB] BOUNDARY OK | CORE>BIN OK | PRUNE silent OK
  [LOGIC] mlp=-1636.2219 attn=-8.7096 div=33.8089
  [TIME] CE=107ms logic_reg=2352ms
  step  1790/8000 (global=5790)  loss=6.8401  avg=4.2639  lr=0.000531  B=4  1032ms
  [WB] boundary=97/100  core_diff=3.1623  bin_diff=0.0297  ratio=106.46  prune_act=0.0000
  [WB] structure=10/16 (62%)  opp_sim=0.029
  [WB] BOUNDARY OK | CORE>BIN OK | PRUNE silent OK
  [DIVERSITY] max_cos=0.9993 n_collapsed=56/56 layers
  [TIME] CE=0ms logic_reg=0ms
  step  1800/8000 (global=5800)  loss=0.0000  avg=4.1472  lr=0.000530  B=0  1031ms
  [WB] boundary=97/100  core_diff=3.1511  bin_diff=0.0294  ratio=107.10  prune_act=0.0000
  [WB] structure=10/16 (62%)  opp_sim=0.030
  [WB] BOUNDARY OK | CORE>BIN OK | PRUNE silent OK
[*] stateful inference started: window=9996, sinks=4, ctx=10240
[*] sliding window configured: W=9996, sinks=4 (effective context: 10000)
  [TRACE] "火": L0[||x||=3.99 C268(+180.22--10.81) B1076(+6247.21--25.21) P448(max0.000)] L4[||x||=6.00 C268(+440.35--7.41) B1076(+3243.01--39.71) P448(max0.000)] L7[||x||=6.00 C268(+709.78--6.48) B1076(+25737.49--18.27) P448(max0.000)] | H=12.83/15 top3=32422 233 232 
  [TIME] CE=0ms logic_reg=0ms
  step  1810/8000 (global=5810)  loss=0.0000  avg=4.0370  lr=0.000528  B=0  1032ms
  [WB] boundary=97/100  core_diff=3.1526  bin_diff=0.0295  ratio=107.03  prune_act=0.0000
  [WB] structure=10/16 (62%)  opp_sim=0.030
  [WB] BOUNDARY OK | CORE>BIN OK | PRUNE silent OK
  [LOGIC] mlp=-1637.6541 attn=-8.6937 div=33.8116
  [TIME] CE=108ms logic_reg=2327ms
  step  1820/8000 (global=5820)  loss=9.2807  avg=3.5075  lr=0.000527  B=4  1029ms
  [WB] boundary=97/100  core_diff=3.1542  bin_diff=0.0295  ratio=106.96  prune_act=0.0000
  [WB] structure=10/16 (62%)  opp_sim=0.030
  [WB] BOUNDARY OK | CORE>BIN OK | PRUNE silent OK
  [LOGIC] mlp=-1628.7441 attn=-8.6834 div=33.8105
  [TIME] CE=109ms logic_reg=2325ms
  step  1830/8000 (global=5830)  loss=8.3321  avg=4.1954  lr=0.000526  B=4  1031ms
  [WB] boundary=97/100  core_diff=3.1608  bin_diff=0.0297  ratio=106.55  prune_act=0.0000
  [WB] structure=10/16 (62%)  opp_sim=0.031
  [WB] BOUNDARY OK | CORE>BIN OK | PRUNE silent OK
  [TIME] CE=0ms logic_reg=0ms
  step  1840/8000 (global=5840)  loss=0.0000  avg=3.9557  lr=0.000524  B=0  1030ms
  [WB] boundary=97/100  core_diff=3.1609  bin_diff=0.0294  ratio=107.41  prune_act=0.0000
  [WB] structure=10/16 (62%)  opp_sim=0.031
  [WB] BOUNDARY OK | CORE>BIN OK | PRUNE silent OK
  [LOGIC] mlp=-1635.0654 attn=-8.6386 div=33.8145
  [TIME] CE=107ms logic_reg=2367ms
  step  1850/8000 (global=5850)  loss=8.1097  avg=4.3323  lr=0.000523  B=4  1032ms
  [WB] boundary=97/100  core_diff=3.1452  bin_diff=0.0292  ratio=107.61  prune_act=0.0000
  [WB] structure=10/16 (62%)  opp_sim=0.031
  [WB] BOUNDARY OK | CORE>BIN OK | PRUNE silent OK
[*] stateful inference started: window=9996, sinks=4, ctx=10240
[*] sliding window configured: W=9996, sinks=4 (effective context: 10000)
  [TRACE] "水": L0[||x||=3.82 C268(+182.91--16.41) B1076(+5758.69--23.40) P448(max0.000)] L4[||x||=6.00 C268(+492.71--6.29) B1076(+3128.36--39.64) P448(max0.000)] L7[||x||=6.00 C268(+767.70--6.48) B1076(+25576.90--18.11) P448(max0.000)] | H=13.27/15 top3=32422 231 233 
  [TIME] CE=0ms logic_reg=0ms
  step  1860/8000 (global=5860)  loss=0.0000  avg=4.3226  lr=0.000522  B=0  1032ms
  [WB] boundary=97/100  core_diff=3.1407  bin_diff=0.0297  ratio=105.73  prune_act=0.0000
  [WB] structure=10/16 (62%)  opp_sim=0.032
  [WB] BOUNDARY OK | CORE>BIN OK | PRUNE silent OK
    [plan-I] step 2399 W_v approx_rank=17.4 (frob=10.60 max_row=0.61)
    [ortho] step 2399 L0 W_o off_diag=0.23 diag_dev=0.0676
    [plan-I] step 2399 W_v approx_rank=17.4 (frob=10.56 max_row=0.61)
    [ortho] step 2399 L1 W_o off_diag=0.23 diag_dev=0.0692
    [plan-I] step 2399 W_v approx_rank=17.4 (frob=10.67 max_row=0.61)
    [ortho] step 2399 L2 W_o off_diag=0.23 diag_dev=0.0689
    [plan-I] step 2399 W_v approx_rank=17.3 (frob=10.55 max_row=0.61)
    [ortho] step 2399 L3 W_o off_diag=0.23 diag_dev=0.0704
    [plan-I] step 2399 W_v approx_rank=17.1 (frob=10.43 max_row=0.61)
    [ortho] step 2399 L4 W_o off_diag=0.24 diag_dev=0.0701
    [plan-I] step 2399 W_v approx_rank=17.4 (frob=10.70 max_row=0.62)
    [ortho] step 2399 L5 W_o off_diag=0.24 diag_dev=0.0698
    [plan-I] step 2399 W_v approx_rank=17.1 (frob=10.49 max_row=0.61)
    [ortho] step 2399 L6 W_o off_diag=0.24 diag_dev=0.0708
    [plan-I] step 2399 W_v approx_rank=17.1 (frob=10.60 max_row=0.62)
    [ortho] step 2399 L7 W_o off_diag=0.26 diag_dev=0.0683
  [LOGIC] mlp=-1628.5256 attn=-8.6100 div=33.8177
  [TIME] CE=59ms logic_reg=2353ms
  step  1870/8000 (global=5870)  loss=8.4179  avg=4.0648  lr=0.000520  B=2  1031ms
  [WB] boundary=97/100  core_diff=3.1378  bin_diff=0.0299  ratio=104.80  prune_act=0.0000
  [WB] structure=10/16 (62%)  opp_sim=0.032
  [WB] BOUNDARY OK | CORE>BIN OK | PRUNE silent OK
  [LOGIC] mlp=-1636.8914 attn=-8.6334 div=33.8191
  [TIME] CE=113ms logic_reg=2375ms
  step  1880/8000 (global=5880)  loss=6.8759  avg=4.6077  lr=0.000519  B=4  1035ms
  [WB] boundary=97/100  core_diff=3.1353  bin_diff=0.0296  ratio=105.96  prune_act=0.0000
  [WB] structure=10/16 (62%)  opp_sim=0.032
  [WB] BOUNDARY OK | CORE>BIN OK | PRUNE silent OK
  [LOGIC] mlp=-1636.9635 attn=-8.6402 div=33.8207
  [TIME] CE=55ms logic_reg=2595ms
  step  1890/8000 (global=5890)  loss=10.0845  avg=4.9209  lr=0.000518  B=2  1037ms
  [WB] boundary=97/100  core_diff=3.1317  bin_diff=0.0292  ratio=107.11  prune_act=0.0000
  [WB] structure=10/16 (62%)  opp_sim=0.033
  [WB] BOUNDARY OK | CORE>BIN OK | PRUNE silent OK
  [TIME] CE=0ms logic_reg=0ms
  step  1900/8000 (global=5900)  loss=0.0000  avg=4.7618  lr=0.000516  B=0  1037ms
  [WB] boundary=97/100  core_diff=3.1263  bin_diff=0.0293  ratio=106.86  prune_act=0.0000
  [WB] structure=10/16 (62%)  opp_sim=0.033
  [WB] BOUNDARY OK | CORE>BIN OK | PRUNE silent OK
[*] stateful inference started: window=9996, sinks=4, ctx=10240
[*] sliding window configured: W=9996, sinks=4 (effective context: 10000)
  [TRACE] "大": L0[||x||=3.98 C268(+167.43--11.69) B1076(+6421.08--24.59) P448(max0.000)] L4[||x||=6.00 C268(+433.04--8.43) B1076(+3423.01--40.00) P448(max0.000)] L7[||x||=6.00 C268(+608.16--6.09) B1076(+26228.55--18.44) P448(max0.000)] | H=13.03/15 top3=32422 31931 233 
  [LOGIC] mlp=-1623.8342 attn=-8.6106 div=33.8241
  [TIME] CE=55ms logic_reg=2330ms
  step  1910/8000 (global=5910)  loss=3.9738  avg=4.4721  lr=0.000515  B=2  1035ms
  [WB] boundary=97/100  core_diff=3.1191  bin_diff=0.0292  ratio=106.85  prune_act=0.0000
  [WB] structure=10/16 (62%)  opp_sim=0.033
  [WB] BOUNDARY OK | CORE>BIN OK | PRUNE silent OK
  [TIME] CE=0ms logic_reg=0ms
  step  1920/8000 (global=5920)  loss=0.0000  avg=4.3005  lr=0.000514  B=0  1036ms
  [WB] boundary=97/100  core_diff=3.1079  bin_diff=0.0292  ratio=106.33  prune_act=0.0000
  [WB] structure=10/16 (62%)  opp_sim=0.034
  [WB] BOUNDARY OK | CORE>BIN OK | PRUNE silent OK
  [TIME] CE=0ms logic_reg=0ms
  step  1930/8000 (global=5930)  loss=0.0000  avg=4.4550  lr=0.000512  B=0  1035ms
  [WB] boundary=97/100  core_diff=3.0963  bin_diff=0.0293  ratio=105.69  prune_act=0.0000
  [WB] structure=10/16 (62%)  opp_sim=0.034
  [WB] BOUNDARY OK | CORE>BIN OK | PRUNE silent OK
  [TIME] CE=0ms logic_reg=0ms
  step  1940/8000 (global=5940)  loss=0.0000  avg=4.1544  lr=0.000511  B=0  1034ms
  [WB] boundary=97/100  core_diff=3.0918  bin_diff=0.0297  ratio=104.06  prune_act=0.0000
  [WB] structure=10/16 (62%)  opp_sim=0.034
  [WB] BOUNDARY OK | CORE>BIN OK | PRUNE silent OK
    [plan-I] step 2449 W_v approx_rank=17.4 (frob=10.60 max_row=0.61)
    [ortho] step 2449 L0 W_o off_diag=0.22 diag_dev=0.0683
    [plan-I] step 2449 W_v approx_rank=17.4 (frob=10.56 max_row=0.61)
    [ortho] step 2449 L1 W_o off_diag=0.23 diag_dev=0.0688
    [plan-I] step 2449 W_v approx_rank=17.4 (frob=10.67 max_row=0.61)
    [ortho] step 2449 L2 W_o off_diag=0.22 diag_dev=0.0688
    [plan-I] step 2449 W_v approx_rank=17.3 (frob=10.55 max_row=0.61)
    [ortho] step 2449 L3 W_o off_diag=0.22 diag_dev=0.0692
    [plan-I] step 2449 W_v approx_rank=17.1 (frob=10.43 max_row=0.61)
    [ortho] step 2449 L4 W_o off_diag=0.23 diag_dev=0.0694
    [plan-I] step 2449 W_v approx_rank=17.4 (frob=10.70 max_row=0.62)
    [ortho] step 2449 L5 W_o off_diag=0.23 diag_dev=0.0692
    [plan-I] step 2449 W_v approx_rank=17.1 (frob=10.49 max_row=0.61)
    [ortho] step 2449 L6 W_o off_diag=0.22 diag_dev=0.0698
    [plan-I] step 2449 W_v approx_rank=17.1 (frob=10.60 max_row=0.62)
    [ortho] step 2449 L7 W_o off_diag=0.23 diag_dev=0.0692
  [LOGIC] mlp=-1632.5292 attn=-8.4903 div=33.8320
  [TIME] CE=117ms logic_reg=2572ms
  step  1950/8000 (global=5950)  loss=7.8964  avg=4.0544  lr=0.000510  B=4  1036ms
  [WB] boundary=97/100  core_diff=3.0902  bin_diff=0.0304  ratio=101.56  prune_act=0.0000
  [WB] structure=10/16 (62%)  opp_sim=0.035
  [WB] BOUNDARY OK | CORE>BIN OK | PRUNE silent OK
[*] stateful inference started: window=9996, sinks=4, ctx=10240
[*] sliding window configured: W=9996, sinks=4 (effective context: 10000)
  [TRACE] "小": L0[||x||=4.06 C268(+141.50--10.51) B1076(+6658.90--25.03) P448(max0.000)] L4[||x||=6.00 C268(+357.02--9.32) B1076(+3571.07--40.77) P448(max0.000)] L7[||x||=6.00 C268(+527.26--8.00) B1076(+26696.51--18.68) P448(max0.000)] | H=12.90/15 top3=32422 232 13 
  [TIME] CE=0ms logic_reg=0ms
  step  1960/8000 (global=5960)  loss=0.0000  avg=3.5117  lr=0.000509  B=0  1032ms
  [WB] boundary=97/100  core_diff=3.0912  bin_diff=0.0306  ratio=101.02  prune_act=0.0000
  [WB] structure=10/16 (62%)  opp_sim=0.035
  [WB] BOUNDARY OK | CORE>BIN OK | PRUNE silent OK
  [LOGIC] mlp=-1636.7422 attn=-8.4975 div=33.8310
  [TIME] CE=55ms logic_reg=2321ms
  step  1970/8000 (global=5970)  loss=7.4997  avg=3.5472  lr=0.000507  B=2  1032ms
  [WB] boundary=96/100  core_diff=3.0941  bin_diff=0.0310  ratio=99.87  prune_act=0.0000
  [WB] structure=10/16 (62%)  opp_sim=0.035
  [WB] BOUNDARY OK | CORE>BIN OK | PRUNE silent OK
  [LOGIC] mlp=-1635.8088 attn=-8.5169 div=33.8309
  [TIME] CE=55ms logic_reg=2335ms
  step  1980/8000 (global=5980)  loss=10.4207  avg=3.2467  lr=0.000506  B=2  1030ms
  [WB] boundary=96/100  core_diff=3.0976  bin_diff=0.0312  ratio=99.34  prune_act=0.0000
  [WB] structure=10/16 (62%)  opp_sim=0.035
  [WB] BOUNDARY OK | CORE>BIN OK | PRUNE silent OK
  [LOGIC] mlp=-1632.1582 attn=-8.5255 div=33.8315
  [TIME] CE=106ms logic_reg=2352ms
  step  1990/8000 (global=5990)  loss=9.5463  avg=3.4638  lr=0.000505  B=4  1030ms
  [WB] boundary=96/100  core_diff=3.0994  bin_diff=0.0316  ratio=98.07  prune_act=0.0000
  [WB] structure=10/16 (62%)  opp_sim=0.035
  [WB] BOUNDARY OK | CORE>BIN OK | PRUNE silent OK
  [TIME] CE=0ms logic_reg=0ms
  step  2000/8000 (global=6000)  loss=0.0000  avg=3.2416  lr=0.000503  B=0  1029ms
  [WB] boundary=96/100  core_diff=3.1092  bin_diff=0.0323  ratio=96.28  prune_act=0.0000
  [WB] structure=10/16 (62%)  opp_sim=0.036
  [WB] BOUNDARY OK | CORE>BIN OK | PRUNE silent OK
[*] stateful inference started: window=9996, sinks=4, ctx=10240
[*] sliding window configured: W=9996, sinks=4 (effective context: 10000)
  [TRACE] "热": L0[||x||=4.13 C268(+215.61--10.38) B1076(+6717.82--25.26) P448(max0.000)] L4[||x||=6.00 C268(+365.98--9.87) B1076(+3579.54--40.72) P448(max0.000)] L7[||x||=6.00 C268(+505.40--6.85) B1076(+26769.84--18.80) P448(max0.000)] | H=11.69/15 top3=232 13 31861 
  [TIME] CE=0ms logic_reg=0ms
  step  2010/8000 (global=6010)  loss=0.0000  avg=3.3056  lr=0.000502  B=0  1029ms
  [WB] boundary=96/100  core_diff=3.1192  bin_diff=0.0328  ratio=95.20  prune_act=0.0000
  [WB] structure=10/16 (62%)  opp_sim=0.036
  [WB] BOUNDARY OK | CORE>BIN OK | PRUNE silent OK
  [LOGIC] mlp=-1636.9115 attn=-8.5156 div=33.8251
  [TIME] CE=59ms logic_reg=2358ms
  step  2020/8000 (global=6020)  loss=5.0478  avg=3.4552  lr=0.000501  B=2  1029ms
  [WB] boundary=96/100  core_diff=3.1380  bin_diff=0.0333  ratio=94.11  prune_act=0.0000
  [WB] structure=10/16 (62%)  opp_sim=0.036
  [WB] BOUNDARY OK | CORE>BIN OK | PRUNE silent OK
  [LOGIC] mlp=-1640.1094 attn=-8.5363 div=33.8243
  [TIME] CE=109ms logic_reg=2325ms
  step  2030/8000 (global=6030)  loss=5.2894  avg=3.7800  lr=0.000499  B=4  1031ms
  [WB] boundary=96/100  core_diff=3.1450  bin_diff=0.0335  ratio=93.88  prune_act=0.0000
  [WB] structure=10/16 (62%)  opp_sim=0.037
  [WB] BOUNDARY OK | CORE>BIN OK | PRUNE silent OK
  [LOGIC] mlp=-1640.2546 attn=-8.5265 div=33.8261
  [TIME] CE=60ms logic_reg=2322ms
  step  2040/8000 (global=6040)  loss=9.3204  avg=4.0552  lr=0.000498  B=2  1032ms
  [WB] boundary=96/100  core_diff=3.1418  bin_diff=0.0336  ratio=93.52  prune_act=0.0000
  [WB] structure=10/16 (62%)  opp_sim=0.037
  [WB] BOUNDARY OK | CORE>BIN OK | PRUNE silent OK
    [plan-I] step 2499 W_v approx_rank=17.4 (frob=10.60 max_row=0.61)
    [ortho] step 2499 L0 W_o off_diag=0.23 diag_dev=0.0655
    [plan-I] step 2499 W_v approx_rank=17.4 (frob=10.56 max_row=0.61)
    [ortho] step 2499 L1 W_o off_diag=0.23 diag_dev=0.0679
    [plan-I] step 2499 W_v approx_rank=17.4 (frob=10.67 max_row=0.61)
    [ortho] step 2499 L2 W_o off_diag=0.23 diag_dev=0.0680
    [plan-I] step 2499 W_v approx_rank=17.3 (frob=10.55 max_row=0.61)
    [ortho] step 2499 L3 W_o off_diag=0.22 diag_dev=0.0686
    [plan-I] step 2499 W_v approx_rank=17.1 (frob=10.43 max_row=0.61)
    [ortho] step 2499 L4 W_o off_diag=0.22 diag_dev=0.0688
    [plan-I] step 2499 W_v approx_rank=17.4 (frob=10.70 max_row=0.62)
    [ortho] step 2499 L5 W_o off_diag=0.23 diag_dev=0.0688
    [plan-I] step 2499 W_v approx_rank=17.1 (frob=10.49 max_row=0.61)
    [ortho] step 2499 L6 W_o off_diag=0.22 diag_dev=0.0693
    [plan-I] step 2499 W_v approx_rank=17.1 (frob=10.60 max_row=0.62)
    [ortho] step 2499 L7 W_o off_diag=0.23 diag_dev=0.0688
  [LOGIC] mlp=-1631.3604 attn=-8.5325 div=33.8270
  [TIME] CE=57ms logic_reg=2329ms
  step  2050/8000 (global=6050)  loss=3.4068  avg=4.2930  lr=0.000497  B=2  1032ms
  [WB] boundary=96/100  core_diff=3.1407  bin_diff=0.0335  ratio=93.77  prune_act=0.0000
  [WB] structure=10/16 (62%)  opp_sim=0.037
  [WB] BOUNDARY OK | CORE>BIN OK | PRUNE silent OK
[*] stateful inference started: window=9996, sinks=4, ctx=10240
[*] sliding window configured: W=9996, sinks=4 (effective context: 10000)
  [TRACE] "冷": L0[||x||=4.15 C268(+202.27--11.65) B1076(+6682.90--24.53) P448(max0.000)] L4[||x||=6.00 C268(+389.01--9.77) B1076(+3533.40--40.42) P448(max0.000)] L7[||x||=6.00 C268(+539.33--6.79) B1076(+26571.12--18.88) P448(max0.000)] | H=12.72/15 top3=232 13 31861 
  [LOGIC] mlp=-1636.7666 attn=-8.5254 div=33.8290
  [TIME] CE=109ms logic_reg=2386ms
  step  2060/8000 (global=6060)  loss=5.3509  avg=3.9187  lr=0.000495  B=4  1033ms
  [WB] boundary=96/100  core_diff=3.1337  bin_diff=0.0329  ratio=95.28  prune_act=0.0000
  [WB] structure=10/16 (62%)  opp_sim=0.037
  [WB] BOUNDARY OK | CORE>BIN OK | PRUNE silent OK
  [TIME] CE=0ms logic_reg=0ms
  step  2070/8000 (global=6070)  loss=0.0000  avg=4.2219  lr=0.000494  B=0  1034ms
  [WB] boundary=96/100  core_diff=3.1292  bin_diff=0.0332  ratio=94.30  prune_act=0.0000
  [WB] structure=10/16 (62%)  opp_sim=0.038
  [WB] BOUNDARY OK | CORE>BIN OK | PRUNE silent OK
  [LOGIC] mlp=-1635.9913 attn=-8.4826 div=33.8327
  [TIME] CE=56ms logic_reg=2321ms
  step  2080/8000 (global=6080)  loss=6.5214  avg=4.3905  lr=0.000493  B=2  1035ms
  [WB] boundary=96/100  core_diff=3.1241  bin_diff=0.0328  ratio=95.34  prune_act=0.0000
  [WB] structure=10/16 (62%)  opp_sim=0.038
  [WB] BOUNDARY OK | CORE>BIN OK | PRUNE silent OK
  [TIME] CE=0ms logic_reg=0ms
  step  2090/8000 (global=6090)  loss=0.0000  avg=3.9513  lr=0.000491  B=0  1032ms
  [WB] boundary=96/100  core_diff=3.1186  bin_diff=0.0325  ratio=96.06  prune_act=0.0000
  [WB] structure=10/16 (62%)  opp_sim=0.038
  [WB] BOUNDARY OK | CORE>BIN OK | PRUNE silent OK
  [DIVERSITY] max_cos=0.9994 n_collapsed=56/56 layers
  [TIME] CE=0ms logic_reg=0ms
  step  2100/8000 (global=6100)  loss=0.0000  avg=4.3982  lr=0.000490  B=0  1035ms
  [WB] boundary=96/100  core_diff=3.1096  bin_diff=0.0318  ratio=97.75  prune_act=0.0000
  [WB] structure=10/16 (62%)  opp_sim=0.039
  [WB] BOUNDARY OK | CORE>BIN OK | PRUNE silent OK
[*] stateful inference started: window=9996, sinks=4, ctx=10240
[*] sliding window configured: W=9996, sinks=4 (effective context: 10000)
  [TRACE] "火": L0[||x||=4.12 C268(+204.06--11.09) B1076(+6727.01--24.93) P448(max0.000)] L4[||x||=6.00 C268(+421.85--9.80) B1076(+3767.66--39.25) P448(max0.000)] L7[||x||=6.00 C268(+489.96--7.68) B1076(+27760.14--18.27) P448(max0.000)] | H=12.90/15 top3=234 232 32422 
  [LOGIC] mlp=-1637.8937 attn=-8.4282 div=33.8374
  [TIME] CE=58ms logic_reg=2407ms
  step  2110/8000 (global=6110)  loss=4.7483  avg=4.6474  lr=0.000489  B=2  1036ms
  [WB] boundary=96/100  core_diff=3.1030  bin_diff=0.0311  ratio=99.65  prune_act=0.0000
  [WB] structure=10/16 (62%)  opp_sim=0.039
  [WB] BOUNDARY OK | CORE>BIN OK | PRUNE silent OK
  [TIME] CE=0ms logic_reg=0ms
  step  2120/8000 (global=6120)  loss=0.0000  avg=5.0038  lr=0.000488  B=0  1038ms
  [WB] boundary=96/100  core_diff=3.1016  bin_diff=0.0311  ratio=99.85  prune_act=0.0000
  [WB] structure=10/16 (62%)  opp_sim=0.039
  [WB] BOUNDARY OK | CORE>BIN OK | PRUNE silent OK
    [plan-I] step 2549 W_v approx_rank=17.4 (frob=10.60 max_row=0.61)
    [ortho] step 2549 L0 W_o off_diag=0.23 diag_dev=0.0673
    [plan-I] step 2549 W_v approx_rank=17.4 (frob=10.56 max_row=0.61)
    [ortho] step 2549 L1 W_o off_diag=0.22 diag_dev=0.0689
    [plan-I] step 2549 W_v approx_rank=17.4 (frob=10.67 max_row=0.61)
    [ortho] step 2549 L2 W_o off_diag=0.23 diag_dev=0.0687
    [plan-I] step 2549 W_v approx_rank=17.3 (frob=10.55 max_row=0.61)
    [ortho] step 2549 L3 W_o off_diag=0.23 diag_dev=0.0690
    [plan-I] step 2549 W_v approx_rank=17.1 (frob=10.43 max_row=0.61)
    [ortho] step 2549 L4 W_o off_diag=0.22 diag_dev=0.0694
    [plan-I] step 2549 W_v approx_rank=17.4 (frob=10.70 max_row=0.62)
    [ortho] step 2549 L5 W_o off_diag=0.23 diag_dev=0.0691
    [plan-I] step 2549 W_v approx_rank=17.1 (frob=10.49 max_row=0.61)
    [ortho] step 2549 L6 W_o off_diag=0.23 diag_dev=0.0688
    [plan-I] step 2549 W_v approx_rank=17.1 (frob=10.60 max_row=0.62)
    [ortho] step 2549 L7 W_o off_diag=0.22 diag_dev=0.0713
  [LOGIC] mlp=-1628.8672 attn=-8.4094 div=33.8395
  [TIME] CE=60ms logic_reg=2429ms
  step  2130/8000 (global=6130)  loss=8.1552  avg=4.7488  lr=0.000486  B=2  1037ms
  [WB] boundary=96/100  core_diff=3.0953  bin_diff=0.0311  ratio=99.46  prune_act=0.0000
  [WB] structure=10/16 (62%)  opp_sim=0.039
  [WB] BOUNDARY OK | CORE>BIN OK | PRUNE silent OK
  [TIME] CE=0ms logic_reg=0ms
  step  2140/8000 (global=6140)  loss=0.0000  avg=4.7550  lr=0.000485  B=0  1035ms
  [WB] boundary=96/100  core_diff=3.0928  bin_diff=0.0312  ratio=99.06  prune_act=0.0000
  [WB] structure=10/16 (62%)  opp_sim=0.040
  [WB] BOUNDARY OK | CORE>BIN OK | PRUNE silent OK
  [TIME] CE=0ms logic_reg=0ms
  step  2150/8000 (global=6150)  loss=0.0000  avg=4.4164  lr=0.000484  B=0  1034ms
  [WB] boundary=96/100  core_diff=3.0965  bin_diff=0.0316  ratio=98.09  prune_act=0.0000
  [WB] structure=10/16 (62%)  opp_sim=0.040
  [WB] BOUNDARY OK | CORE>BIN OK | PRUNE silent OK
[*] stateful inference started: window=9996, sinks=4, ctx=10240
[*] sliding window configured: W=9996, sinks=4 (effective context: 10000)
  [TRACE] "水": L0[||x||=3.90 C268(+229.48--14.91) B1076(+6122.41--22.62) P448(max0.000)] L4[||x||=6.00 C268(+425.78--9.31) B1076(+3619.45--40.18) P448(max0.000)] L7[||x||=6.00 C268(+537.27--7.56) B1076(+27424.14--18.60) P448(max0.000)] | H=12.92/15 top3=232 31861 13 
  [LOGIC] mlp=-1635.9625 attn=-8.3935 div=33.8406
  [TIME] CE=57ms logic_reg=2369ms
  step  2160/8000 (global=6160)  loss=9.0933  avg=4.3135  lr=0.000482  B=2  1036ms
  [WB] boundary=96/100  core_diff=3.1006  bin_diff=0.0317  ratio=97.66  prune_act=0.0000
  [WB] structure=10/16 (62%)  opp_sim=0.040
  [WB] BOUNDARY OK | CORE>BIN OK | PRUNE silent OK
  [TIME] CE=0ms logic_reg=0ms
  step  2170/8000 (global=6170)  loss=0.0000  avg=3.8748  lr=0.000481  B=0  1036ms
  [WB] boundary=96/100  core_diff=3.1076  bin_diff=0.0315  ratio=98.76  prune_act=0.0000
  [WB] structure=10/16 (62%)  opp_sim=0.040
  [WB] BOUNDARY OK | CORE>BIN OK | PRUNE silent OK
  [TIME] CE=0ms logic_reg=0ms
  step  2180/8000 (global=6180)  loss=0.0000  avg=3.6223  lr=0.000480  B=0  1036ms
  [WB] boundary=96/100  core_diff=3.1050  bin_diff=0.0309  ratio=100.64  prune_act=0.0000
  [WB] structure=10/16 (62%)  opp_sim=0.040
  [WB] BOUNDARY OK | CORE>BIN OK | PRUNE silent OK
  [LOGIC] mlp=-1630.4113 attn=-8.4038 div=33.8411
  [TIME] CE=57ms logic_reg=2366ms
  step  2190/8000 (global=6190)  loss=3.2336  avg=3.5313  lr=0.000478  B=2  1036ms
  [WB] boundary=96/100  core_diff=3.0998  bin_diff=0.0305  ratio=101.51  prune_act=0.0000
  [WB] structure=10/16 (62%)  opp_sim=0.041
  [WB] BOUNDARY OK | CORE>BIN OK | PRUNE silent OK
  [TIME] CE=0ms logic_reg=0ms
  step  2200/8000 (global=6200)  loss=0.0000  avg=3.6062  lr=0.000477  B=0  1035ms
  [WB] boundary=96/100  core_diff=3.0971  bin_diff=0.0301  ratio=102.93  prune_act=0.0000
  [WB] structure=10/16 (62%)  opp_sim=0.041
  [WB] BOUNDARY OK | CORE>BIN OK | PRUNE silent OK
[*] stateful inference started: window=9996, sinks=4, ctx=10240
[*] sliding window configured: W=9996, sinks=4 (effective context: 10000)
  [TRACE] "大": L0[||x||=4.11 C268(+160.53--12.33) B1076(+6903.46--24.49) P448(max0.000)] L4[||x||=6.00 C268(+413.33--9.47) B1076(+3912.40--39.03) P448(max0.000)] L7[||x||=6.00 C268(+478.99--8.93) B1076(+28776.46--18.23) P448(max0.000)] | H=12.28/15 top3=31861 31931 232 
  [LOGIC] mlp=-1633.8082 attn=-8.3989 div=33.8430
  [TIME] CE=56ms logic_reg=2351ms
  step  2210/8000 (global=6210)  loss=6.6043  avg=3.6977  lr=0.000476  B=2  1036ms
  [WB] boundary=96/100  core_diff=3.0972  bin_diff=0.0298  ratio=103.76  prune_act=0.0000
  [WB] structure=10/16 (62%)  opp_sim=0.041
  [WB] BOUNDARY OK | CORE>BIN OK | PRUNE silent OK
    [plan-I] step 2599 W_v approx_rank=17.4 (frob=10.60 max_row=0.61)
    [ortho] step 2599 L0 W_o off_diag=0.23 diag_dev=0.0662
    [plan-I] step 2599 W_v approx_rank=17.4 (frob=10.56 max_row=0.61)
    [ortho] step 2599 L1 W_o off_diag=0.23 diag_dev=0.0676
    [plan-I] step 2599 W_v approx_rank=17.4 (frob=10.67 max_row=0.61)
    [ortho] step 2599 L2 W_o off_diag=0.23 diag_dev=0.0680
    [plan-I] step 2599 W_v approx_rank=17.3 (frob=10.55 max_row=0.61)
    [ortho] step 2599 L3 W_o off_diag=0.23 diag_dev=0.0684
    [plan-I] step 2599 W_v approx_rank=17.1 (frob=10.43 max_row=0.61)
    [ortho] step 2599 L4 W_o off_diag=0.22 diag_dev=0.0691
    [plan-I] step 2599 W_v approx_rank=17.4 (frob=10.70 max_row=0.62)
    [ortho] step 2599 L5 W_o off_diag=0.23 diag_dev=0.0694
    [plan-I] step 2599 W_v approx_rank=17.1 (frob=10.49 max_row=0.61)
    [ortho] step 2599 L6 W_o off_diag=0.22 diag_dev=0.0697
    [plan-I] step 2599 W_v approx_rank=17.1 (frob=10.60 max_row=0.62)
    [ortho] step 2599 L7 W_o off_diag=0.22 diag_dev=0.0696
  [TIME] CE=0ms logic_reg=0ms
  step  2220/8000 (global=6220)  loss=0.0000  avg=3.5153  lr=0.000474  B=0  1035ms
  [WB] boundary=96/100  core_diff=3.0908  bin_diff=0.0296  ratio=104.39  prune_act=0.0000
  [WB] structure=10/16 (62%)  opp_sim=0.041
  [WB] BOUNDARY OK | CORE>BIN OK | PRUNE silent OK
  [TIME] CE=0ms logic_reg=0ms
  step  2230/8000 (global=6230)  loss=0.0000  avg=3.6468  lr=0.000473  B=0  1036ms
  [WB] boundary=96/100  core_diff=3.0922  bin_diff=0.0300  ratio=103.09  prune_act=0.0000
  [WB] structure=10/16 (62%)  opp_sim=0.041
  [WB] BOUNDARY OK | CORE>BIN OK | PRUNE silent OK
  [LOGIC] mlp=-1639.6110 attn=-8.3746 div=33.8430
  [TIME] CE=107ms logic_reg=2383ms
  step  2240/8000 (global=6240)  loss=7.8258  avg=3.5827  lr=0.000472  B=4  1036ms
  [WB] boundary=96/100  core_diff=3.1010  bin_diff=0.0303  ratio=102.22  prune_act=0.0000
  [WB] structure=10/16 (62%)  opp_sim=0.042
  [WB] BOUNDARY OK | CORE>BIN OK | PRUNE silent OK
  [LOGIC] mlp=-1640.3820 attn=-8.3782 div=33.8405
  [TIME] CE=107ms logic_reg=2331ms
  step  2250/8000 (global=6250)  loss=7.8154  avg=3.8538  lr=0.000470  B=4  1037ms
  [WB] boundary=96/100  core_diff=3.1174  bin_diff=0.0308  ratio=101.22  prune_act=0.0000
  [WB] structure=10/16 (62%)  opp_sim=0.042
  [WB] BOUNDARY OK | CORE>BIN OK | PRUNE silent OK
[*] stateful inference started: window=9996, sinks=4, ctx=10240
[*] sliding window configured: W=9996, sinks=4 (effective context: 10000)
  [TRACE] "小": L0[||x||=4.16 C268(+170.15--12.31) B1076(+6861.54--24.37) P448(max0.000)] L4[||x||=6.00 C268(+394.26--8.96) B1076(+3790.88--38.25) P448(max0.000)] L7[||x||=6.00 C268(+453.88--6.26) B1076(+27745.32--19.35) P448(max0.000)] | H=13.12/15 top3=234 232 31931 
  [LOGIC] mlp=-1642.5392 attn=-8.4010 div=33.8379
  [TIME] CE=57ms logic_reg=2326ms
  step  2260/8000 (global=6260)  loss=7.3622  avg=4.1157  lr=0.000469  B=2  1038ms
  [WB] boundary=96/100  core_diff=3.1340  bin_diff=0.0311  ratio=100.86  prune_act=0.0000
  [WB] structure=10/16 (62%)  opp_sim=0.042
  [WB] BOUNDARY OK | CORE>BIN OK | PRUNE silent OK
  [LOGIC] mlp=-1642.0918 attn=-8.4050 div=33.8371
  [TIME] CE=58ms logic_reg=2328ms
  step  2270/8000 (global=6270)  loss=7.5458  avg=4.2117  lr=0.000468  B=2  1036ms
  [WB] boundary=96/100  core_diff=3.1389  bin_diff=0.0311  ratio=101.09  prune_act=0.0000
  [WB] structure=10/16 (62%)  opp_sim=0.042
  [WB] BOUNDARY OK | CORE>BIN OK | PRUNE silent OK
  [TIME] CE=0ms logic_reg=0ms
  step  2280/8000 (global=6280)  loss=0.0000  avg=4.0980  lr=0.000467  B=0  1036ms
  [WB] boundary=96/100  core_diff=3.1370  bin_diff=0.0309  ratio=101.60  prune_act=0.0000
  [WB] structure=10/16 (62%)  opp_sim=0.042
  [WB] BOUNDARY OK | CORE>BIN OK | PRUNE silent OK
  [DIVERSITY] max_cos=0.9994 n_collapsed=56/56 layers
  [LOGIC] mlp=-1643.0800 attn=-8.3737 div=33.8394
  [TIME] CE=57ms logic_reg=2402ms
  step  2290/8000 (global=6290)  loss=9.9805  avg=4.0235  lr=0.000465  B=2  1036ms
  [WB] boundary=96/100  core_diff=3.1319  bin_diff=0.0308  ratio=101.78  prune_act=0.0000
  [WB] structure=10/16 (62%)  opp_sim=0.043
  [WB] BOUNDARY OK | CORE>BIN OK | PRUNE silent OK
  [LOGIC] mlp=-1640.8531 attn=-8.3958 div=33.8381
  [TIME] CE=157ms logic_reg=2421ms
  step  2300/8000 (global=6300)  loss=6.2977  avg=4.4885  lr=0.000464  B=6  1037ms
  [WB] boundary=96/100  core_diff=3.1427  bin_diff=0.0307  ratio=102.33  prune_act=0.0000
  [WB] structure=10/16 (62%)  opp_sim=0.043
  [WB] BOUNDARY OK | CORE>BIN OK | PRUNE silent OK
[*] stateful inference started: window=9996, sinks=4, ctx=10240
[*] sliding window configured: W=9996, sinks=4 (effective context: 10000)
  [TRACE] "热": L0[||x||=4.23 C268(+238.25--10.09) B1076(+6917.85--25.30) P448(max0.000)] L4[||x||=6.00 C268(+419.89--7.88) B1076(+3758.77--36.71) P448(max0.000)] L7[||x||=6.00 C268(+467.51--5.46) B1076(+27361.65--19.50) P448(max0.000)] | H=13.20/15 top3=31889 31931 187 
    [plan-I] step 2649 W_v approx_rank=17.4 (frob=10.60 max_row=0.61)
    [ortho] step 2649 L0 W_o off_diag=0.22 diag_dev=0.0682
    [plan-I] step 2649 W_v approx_rank=17.4 (frob=10.56 max_row=0.61)
    [ortho] step 2649 L1 W_o off_diag=0.22 diag_dev=0.0700
    [plan-I] step 2649 W_v approx_rank=17.4 (frob=10.67 max_row=0.61)
    [ortho] step 2649 L2 W_o off_diag=0.22 diag_dev=0.0697
    [plan-I] step 2649 W_v approx_rank=17.3 (frob=10.55 max_row=0.61)
    [ortho] step 2649 L3 W_o off_diag=0.22 diag_dev=0.0702
    [plan-I] step 2649 W_v approx_rank=17.1 (frob=10.43 max_row=0.61)
    [ortho] step 2649 L4 W_o off_diag=0.22 diag_dev=0.0699
    [plan-I] step 2649 W_v approx_rank=17.4 (frob=10.70 max_row=0.62)
    [ortho] step 2649 L5 W_o off_diag=0.22 diag_dev=0.0704
    [plan-I] step 2649 W_v approx_rank=17.1 (frob=10.49 max_row=0.61)
    [ortho] step 2649 L6 W_o off_diag=0.22 diag_dev=0.0701
    [plan-I] step 2649 W_v approx_rank=17.1 (frob=10.60 max_row=0.62)
    [ortho] step 2649 L7 W_o off_diag=0.22 diag_dev=0.0708
  [LOGIC] mlp=-1634.6552 attn=-8.3616 div=33.8397
  [TIME] CE=149ms logic_reg=2357ms
  step  2310/8000 (global=6310)  loss=7.1810  avg=4.5294  lr=0.000463  B=2  1038ms
  [WB] boundary=96/100  core_diff=3.1364  bin_diff=0.0304  ratio=103.31  prune_act=0.0000
  [WB] structure=10/16 (62%)  opp_sim=0.043
  [WB] BOUNDARY OK | CORE>BIN OK | PRUNE silent OK
  [TIME] CE=0ms logic_reg=0ms
  step  2320/8000 (global=6320)  loss=0.0000  avg=4.4204  lr=0.000461  B=0  1038ms
  [WB] boundary=96/100  core_diff=3.1270  bin_diff=0.0303  ratio=103.25  prune_act=0.0000
  [WB] structure=10/16 (62%)  opp_sim=0.043
  [WB] BOUNDARY OK | CORE>BIN OK | PRUNE silent OK
  [DIVERSITY] max_cos=0.9994 n_collapsed=56/56 layers
  [TIME] CE=0ms logic_reg=0ms
  step  2330/8000 (global=6330)  loss=0.0000  avg=4.3168  lr=0.000460  B=0  1036ms
  [WB] boundary=96/100  core_diff=3.1295  bin_diff=0.0306  ratio=102.26  prune_act=0.0000
  [WB] structure=10/16 (62%)  opp_sim=0.043
  [WB] BOUNDARY OK | CORE>BIN OK | PRUNE silent OK
  [DIVERSITY] max_cos=0.9994 n_collapsed=56/56 layers
  [LOGIC] mlp=-1640.8627 attn=-8.3422 div=33.8417
  [TIME] CE=58ms logic_reg=2535ms
  step  2340/8000 (global=6340)  loss=5.5780  avg=4.2274  lr=0.000459  B=2  1037ms
  [WB] boundary=96/100  core_diff=3.1322  bin_diff=0.0309  ratio=101.29  prune_act=0.0000
  [WB] structure=10/16 (62%)  opp_sim=0.043
  [WB] BOUNDARY OK | CORE>BIN OK | PRUNE silent OK
  [TIME] CE=0ms logic_reg=0ms
  step  2350/8000 (global=6350)  loss=0.0000  avg=4.3357  lr=0.000457  B=0  1037ms
  [WB] boundary=96/100  core_diff=3.1296  bin_diff=0.0307  ratio=101.84  prune_act=0.0000
  [WB] structure=10/16 (62%)  opp_sim=0.043
  [WB] BOUNDARY OK | CORE>BIN OK | PRUNE silent OK
[*] stateful inference started: window=9996, sinks=4, ctx=10240
[*] sliding window configured: W=9996, sinks=4 (effective context: 10000)
  [TRACE] "冷": L0[||x||=4.28 C268(+234.17--9.19) B1076(+7068.27--25.43) P448(max0.000)] L4[||x||=6.00 C268(+390.80--7.52) B1076(+3858.97--37.01) P448(max0.000)] L7[||x||=6.00 C268(+438.72--5.31) B1076(+28249.45--19.14) P448(max0.000)] | H=12.83/15 top3=31931 233 234 
  [LOGIC] mlp=-1646.3138 attn=-8.3490 div=33.8419
  [TIME] CE=58ms logic_reg=2371ms
  step  2360/8000 (global=6360)  loss=8.5643  avg=4.4629  lr=0.000456  B=2  1038ms
  [WB] boundary=96/100  core_diff=3.1368  bin_diff=0.0309  ratio=101.46  prune_act=0.0000
  [WB] structure=10/16 (62%)  opp_sim=0.043
  [WB] BOUNDARY OK | CORE>BIN OK | PRUNE silent OK
  [LOGIC] mlp=-1641.5289 attn=-8.3610 div=33.8411
  [TIME] CE=57ms logic_reg=2351ms
  step  2370/8000 (global=6370)  loss=8.3931  avg=4.2122  lr=0.000455  B=2  1038ms
  [WB] boundary=96/100  core_diff=3.1424  bin_diff=0.0310  ratio=101.25  prune_act=0.0000
  [WB] structure=10/16 (62%)  opp_sim=0.043
  [WB] BOUNDARY OK | CORE>BIN OK | PRUNE silent OK
  [LOGIC] mlp=-1647.0430 attn=-8.3820 div=33.8411
  [TIME] CE=107ms logic_reg=2332ms
  step  2380/8000 (global=6380)  loss=4.2321  avg=4.2347  lr=0.000453  B=4  1039ms
  [WB] boundary=96/100  core_diff=3.1438  bin_diff=0.0307  ratio=102.32  prune_act=0.0000
  [WB] structure=10/16 (62%)  opp_sim=0.044
  [WB] BOUNDARY OK | CORE>BIN OK | PRUNE silent OK
    [plan-I] step 2699 W_v approx_rank=17.4 (frob=10.60 max_row=0.61)
    [ortho] step 2699 L0 W_o off_diag=0.23 diag_dev=0.0672
    [plan-I] step 2699 W_v approx_rank=17.4 (frob=10.56 max_row=0.61)
    [ortho] step 2699 L1 W_o off_diag=0.23 diag_dev=0.0690
    [plan-I] step 2699 W_v approx_rank=17.4 (frob=10.67 max_row=0.61)
    [ortho] step 2699 L2 W_o off_diag=0.22 diag_dev=0.0689
    [plan-I] step 2699 W_v approx_rank=17.3 (frob=10.55 max_row=0.61)
    [ortho] step 2699 L3 W_o off_diag=0.22 diag_dev=0.0697
    [plan-I] step 2699 W_v approx_rank=17.1 (frob=10.43 max_row=0.61)
    [ortho] step 2699 L4 W_o off_diag=0.22 diag_dev=0.0698
    [plan-I] step 2699 W_v approx_rank=17.4 (frob=10.70 max_row=0.62)
    [ortho] step 2699 L5 W_o off_diag=0.22 diag_dev=0.0702
    [plan-I] step 2699 W_v approx_rank=17.1 (frob=10.49 max_row=0.61)
    [ortho] step 2699 L6 W_o off_diag=0.22 diag_dev=0.0704
    [plan-I] step 2699 W_v approx_rank=17.1 (frob=10.60 max_row=0.62)
    [ortho] step 2699 L7 W_o off_diag=0.22 diag_dev=0.0705
  [DIVERSITY] max_cos=0.9994 n_collapsed=56/56 layers
  [LOGIC] mlp=-1644.6940 attn=-8.3776 div=33.8428
  [TIME] CE=57ms logic_reg=2412ms
  step  2390/8000 (global=6390)  loss=8.3704  avg=4.3752  lr=0.000452  B=2  1039ms
  [WB] boundary=96/100  core_diff=3.1370  bin_diff=0.0303  ratio=103.64  prune_act=0.0000
  [WB] structure=10/16 (62%)  opp_sim=0.044
  [WB] BOUNDARY OK | CORE>BIN OK | PRUNE silent OK
  [TIME] CE=0ms logic_reg=0ms
  step  2400/8000 (global=6400)  loss=0.0000  avg=4.3436  lr=0.000451  B=0  1038ms
  [WB] boundary=96/100  core_diff=3.1404  bin_diff=0.0306  ratio=102.76  prune_act=0.0000
  [WB] structure=10/16 (62%)  opp_sim=0.044
  [WB] BOUNDARY OK | CORE>BIN OK | PRUNE silent OK
[*] stateful inference started: window=9996, sinks=4, ctx=10240
[*] sliding window configured: W=9996, sinks=4 (effective context: 10000)
  [TRACE] "火": L0[||x||=4.21 C268(+217.53--9.85) B1076(+6924.69--25.05) P448(max0.000)] L4[||x||=6.00 C268(+436.25--7.35) B1076(+3905.96--37.17) P448(max0.000)] L7[||x||=6.00 C268(+501.17--7.04) B1076(+28681.21--18.55) P448(max0.000)] | H=12.94/15 top3=234 31931 233 
  [TIME] CE=0ms logic_reg=0ms
  step  2410/8000 (global=6410)  loss=0.0000  avg=4.0618  lr=0.000449  B=0  1037ms
  [WB] boundary=96/100  core_diff=3.1495  bin_diff=0.0311  ratio=101.13  prune_act=0.0000
  [WB] structure=10/16 (62%)  opp_sim=0.044
  [WB] BOUNDARY OK | CORE>BIN OK | PRUNE silent OK
  [TIME] CE=0ms logic_reg=0ms
  step  2420/8000 (global=6420)  loss=0.0000  avg=3.7913  lr=0.000448  B=0  1036ms
  [WB] boundary=96/100  core_diff=3.1543  bin_diff=0.0314  ratio=100.56  prune_act=0.0000
  [WB] structure=10/16 (62%)  opp_sim=0.044
  [WB] BOUNDARY OK | CORE>BIN OK | PRUNE silent OK
  [LOGIC] mlp=-1648.6117 attn=-8.3796 div=33.8415
  [TIME] CE=118ms logic_reg=2414ms
  step  2430/8000 (global=6430)  loss=7.2960  avg=3.5766  lr=0.000447  B=4  1037ms
  [WB] boundary=96/100  core_diff=3.1524  bin_diff=0.0316  ratio=99.90  prune_act=0.0000
  [WB] structure=10/16 (62%)  opp_sim=0.044
  [WB] BOUNDARY OK | CORE>BIN OK | PRUNE silent OK
  [TIME] CE=0ms logic_reg=0ms
  step  2440/8000 (global=6440)  loss=0.0000  avg=3.5433  lr=0.000446  B=0  1036ms
  [WB] boundary=96/100  core_diff=3.1511  bin_diff=0.0316  ratio=99.59  prune_act=0.0000
  [WB] structure=10/16 (62%)  opp_sim=0.044
  [WB] BOUNDARY OK | CORE>BIN OK | PRUNE silent OK
  [LOGIC] mlp=-1646.4495 attn=-8.3421 div=33.8441
  [TIME] CE=108ms logic_reg=2327ms
  step  2450/8000 (global=6450)  loss=7.6755  avg=3.6676  lr=0.000444  B=4  1037ms
  [WB] boundary=96/100  core_diff=3.1422  bin_diff=0.0312  ratio=100.57  prune_act=0.0000
  [WB] structure=10/16 (62%)  opp_sim=0.044
  [WB] BOUNDARY OK | CORE>BIN OK | PRUNE silent OK
[*] stateful inference started: window=9996, sinks=4, ctx=10240
[*] sliding window configured: W=9996, sinks=4 (effective context: 10000)
  [TRACE] "水": L0[||x||=3.97 C268(+253.70--13.67) B1076(+6180.58--22.23) P448(max0.000)] L4[||x||=6.00 C268(+505.38--8.70) B1076(+3713.86--37.17) P448(max0.000)] L7[||x||=6.00 C268(+643.19--5.48) B1076(+28345.17--18.65) P448(max0.000)] | H=12.64/15 top3=233 234 232 
  [TIME] CE=0ms logic_reg=0ms
  step  2460/8000 (global=6460)  loss=0.0000  avg=3.8681  lr=0.000443  B=0  1038ms
  [WB] boundary=96/100  core_diff=3.1425  bin_diff=0.0315  ratio=99.78  prune_act=0.0000
  [WB] structure=10/16 (62%)  opp_sim=0.044
  [WB] BOUNDARY OK | CORE>BIN OK | PRUNE silent OK
  [TIME] CE=0ms logic_reg=0ms
  step  2470/8000 (global=6470)  loss=0.0000  avg=3.7760  lr=0.000442  B=0  1037ms
  [WB] boundary=96/100  core_diff=3.1304  bin_diff=0.0314  ratio=99.69  prune_act=0.0000
  [WB] structure=10/16 (62%)  opp_sim=0.044
  [WB] BOUNDARY OK | CORE>BIN OK | PRUNE silent OK
